Note that running a local entrypoint in detached mode only keeps the last triggered Modal function alive after the parent process has been killed or disconnected.
✓ Initialized. View run at 
https://modal.com/apps/xinyuj2/main/ap-6AU3ycGygS15nNPIMbLRGC
✓ Created objects.
├── 🔨 Created mount /Users/cuzimi/Coding 
│   Works/RemoteFiles/modal_sglang/anima/anima_experiment.py
├── 🔨 Created mount /Users/cuzimi/Coding 
│   Works/RemoteFiles/modal_sglang/anima/inputs/baseline.tar.gz
├── 🔨 Created mount /Users/cuzimi/Coding 
│   Works/RemoteFiles/modal_sglang/anima/inputs/candidate_anima.py
├── 🔨 Created mount /Users/cuzimi/Coding 
│   Works/RemoteFiles/modal_sglang/anima/verify_anima.py
├── 🔨 Created function download.
└── 🔨 Created function experiment.

Model cache: /__modal/volumes/vo-rIRmK17CspujA4RnkgK0zP/hub/models--circlestone-labs--Anima-Base-v1.0-Diffusers/snapshots/073c3a9db359c31ad0e8aa268d15775473c2176c
[1AFetching 15 files:   0%|          | 0/15 [00:00<?, ?it/s]Fetching 15 files: 100%|██████████| 15/15 [00:00<00:00, 738.55it/s]
RUN_ID=anima-20261003T224511Z-017ed58d
RUN ['/opt/sglang/bin/python', '/workspace/verify_anima.py', '/results/anima-20261003T224511Z-017ed58d/operator.json']
Flax classes are deprecated and will be removed in Diffusers v1.0.0. We recommend migrating to PyTorch classes or pinning your version of Diffusers.
Flax classes are deprecated and will be removed in Diffusers v1.0.0. We recommend migrating to PyTorch classes or pinning your version of Diffusers.
{
  "correctness": [
    {
      "dtype": "torch.bfloat16",
      "batch": 1,
      "tokens": 17,
      "gated": false,
      "bit_exact": true,
      "fused_calls": 1
    },
    {
      "dtype": "torch.bfloat16",
      "batch": 1,
      "tokens": 17,
      "gated": true,
      "bit_exact": true,
      "fused_calls": 1
    },
    {
      "dtype": "torch.bfloat16",
      "batch": 1,
      "tokens": 1024,
      "gated": false,
      "bit_exact": true,
      "fused_calls": 1
    },
    {
      "dtype": "torch.bfloat16",
      "batch": 1,
      "tokens": 1024,
      "gated": true,
      "bit_exact": true,
      "fused_calls": 1
    },
    {
      "dtype": "torch.bfloat16",
      "batch": 1,
      "tokens": 4096,
      "gated": false,
      "bit_exact": true,
      "fused_calls": 1
    },
    {
      "dtype": "torch.bfloat16",
      "batch": 1,
      "tokens": 4096,
      "gated": true,
      "bit_exact": true,
      "fused_calls": 1
    },
    {
      "dtype": "torch.bfloat16",
      "batch": 2,
      "tokens": 17,
      "gated": false,
      "bit_exact": true,
      "fused_calls": 1
    },
    {
      "dtype": "torch.bfloat16",
      "batch": 2,
      "tokens": 17,
      "gated": true,
      "bit_exact": true,
      "fused_calls": 1
    },
    {
      "dtype": "torch.bfloat16",
      "batch": 2,
      "tokens": 1024,
      "gated": false,
      "bit_exact": true,
      "fused_calls": 1
    },
    {
      "dtype": "torch.bfloat16",
      "batch": 2,
      "tokens": 1024,
      "gated": true,
      "bit_exact": true,
      "fused_calls": 1
    },
    {
      "dtype": "torch.bfloat16",
      "batch": 2,
      "tokens": 4096,
      "gated": false,
      "bit_exact": true,
      "fused_calls": 1
    },
    {
      "dtype": "torch.bfloat16",
      "batch": 2,
      "tokens": 4096,
      "gated": true,
      "bit_exact": true,
      "fused_calls": 1
    },
    {
      "dtype": "torch.float16",
      "batch": 1,
      "tokens": 17,
      "gated": false,
      "bit_exact": true,
      "fused_calls": 1
    },
    {
      "dtype": "torch.float16",
      "batch": 1,
      "tokens": 17,
      "gated": true,
      "bit_exact": true,
      "fused_calls": 1
    },
    {
      "dtype": "torch.float16",
      "batch": 1,
      "tokens": 1024,
      "gated": false,
      "bit_exact": true,
      "fused_calls": 1
    },
    {
      "dtype": "torch.float16",
      "batch": 1,
      "tokens": 1024,
      "gated": true,
      "bit_exact": true,
      "fused_calls": 1
    },
    {
      "dtype": "torch.float16",
      "batch": 1,
      "tokens": 4096,
      "gated": false,
      "bit_exact": true,
      "fused_calls": 1
    },
    {
      "dtype": "torch.float16",
      "batch": 1,
      "tokens": 4096,
      "gated": true,
      "bit_exact": true,
      "fused_calls": 1
    },
    {
      "dtype": "torch.float16",
      "batch": 2,
      "tokens": 17,
      "gated": false,
      "bit_exact": true,
      "fused_calls": 1
    },
    {
      "dtype": "torch.float16",
      "batch": 2,
      "tokens": 17,
      "gated": true,
      "bit_exact": true,
      "fused_calls": 1
    },
    {
      "dtype": "torch.float16",
      "batch": 2,
      "tokens": 1024,
      "gated": false,
      "bit_exact": true,
      "fused_calls": 1
    },
    {
      "dtype": "torch.float16",
      "batch": 2,
      "tokens": 1024,
      "gated": true,
      "bit_exact": true,
      "fused_calls": 1
    },
    {
      "dtype": "torch.float16",
      "batch": 2,
      "tokens": 4096,
      "gated": false,
      "bit_exact": true,
      "fused_calls": 1
    },
    {
      "dtype": "torch.float16",
      "batch": 2,
      "tokens": 4096,
      "gated": true,
      "bit_exact": true,
      "fused_calls": 1
    },
    {
      "dtype": "torch.float32",
      "batch": 1,
      "tokens": 17,
      "gated": false,
      "bit_exact": true,
      "fused_calls": 0
    },
    {
      "dtype": "torch.float32",
      "batch": 1,
      "tokens": 17,
      "gated": true,
      "bit_exact": true,
      "fused_calls": 0
    },
    {
      "dtype": "torch.float32",
      "batch": 1,
      "tokens": 1024,
      "gated": false,
      "bit_exact": true,
      "fused_calls": 0
    },
    {
      "dtype": "torch.float32",
      "batch": 1,
      "tokens": 1024,
      "gated": true,
      "bit_exact": true,
      "fused_calls": 0
    },
    {
      "dtype": "torch.float32",
      "batch": 1,
      "tokens": 4096,
      "gated": false,
      "bit_exact": true,
      "fused_calls": 0
    },
    {
      "dtype": "torch.float32",
      "batch": 1,
      "tokens": 4096,
      "gated": true,
      "bit_exact": true,
      "fused_calls": 0
    },
    {
      "dtype": "torch.float32",
      "batch": 2,
      "tokens": 17,
      "gated": false,
      "bit_exact": true,
      "fused_calls": 0
    },
    {
      "dtype": "torch.float32",
      "batch": 2,
      "tokens": 17,
      "gated": true,
      "bit_exact": true,
      "fused_calls": 0
    },
    {
      "dtype": "torch.float32",
      "batch": 2,
      "tokens": 1024,
      "gated": false,
      "bit_exact": true,
      "fused_calls": 0
    },
    {
      "dtype": "torch.float32",
      "batch": 2,
      "tokens": 1024,
      "gated": true,
      "bit_exact": true,
      "fused_calls": 0
    },
    {
      "dtype": "torch.float32",
      "batch": 2,
      "tokens": 4096,
      "gated": false,
      "bit_exact": true,
      "fused_calls": 0
    },
    {
      "dtype": "torch.float32",
      "batch": 2,
      "tokens": 4096,
      "gated": true,
      "bit_exact": true,
      "fused_calls": 0
    }
  ],
  "microbenchmark": [
    {
      "dtype": "torch.bfloat16",
      "batch": 1,
      "tokens": 1024,
      "hidden": 2048,
      "abba_us": [
        22.97055959701538,
        24.96000051498413,
        23.588480949401855,
        21.93727970123291
      ],
      "includes_row_copies": true
    },
    {
      "dtype": "torch.bfloat16",
      "batch": 1,
      "tokens": 4096,
      "hidden": 2048,
      "abba_us": [
        47.063679695129395,
        22.032320499420166,
        21.526079177856445,
        47.0582389831543
      ],
      "includes_row_copies": true
    },
    {
      "dtype": "torch.bfloat16",
      "batch": 2,
      "tokens": 1024,
      "hidden": 2048,
      "abba_us": [
        29.05344009399414,
        50.659518241882324,
        52.23968029022217,
        29.075520038604736
      ],
      "includes_row_copies": true
    },
    {
      "dtype": "torch.bfloat16",
      "batch": 2,
      "tokens": 4096,
      "hidden": 2048,
      "abba_us": [
        101.22655868530273,
        50.865278244018555,
        50.396480560302734,
        100.94623565673828
      ],
      "includes_row_copies": true
    },
    {
      "dtype": "torch.float16",
      "batch": 1,
      "tokens": 1024,
      "hidden": 2048,
      "abba_us": [
        22.087039947509766,
        23.51936101913452,
        23.488318920135498,
        21.91296100616455
      ],
      "includes_row_copies": true
    },
    {
      "dtype": "torch.float16",
      "batch": 1,
      "tokens": 4096,
      "hidden": 2048,
      "abba_us": [
        46.29536151885986,
        22.884480953216553,
        22.73439884185791,
        46.29024028778076
      ],
      "includes_row_copies": true
    },
    {
      "dtype": "torch.float16",
      "batch": 2,
      "tokens": 1024,
      "hidden": 2048,
      "abba_us": [
        28.525760173797607,
        49.28736209869385,
        49.517760276794434,
        28.61151933670044
      ],
      "includes_row_copies": true
    },
    {
      "dtype": "torch.float16",
      "batch": 2,
      "tokens": 4096,
      "hidden": 2048,
      "abba_us": [
        100.38304328918457,
        49.697279930114746,
        50.35615921020508,
        100.5344009399414
      ],
      "includes_row_copies": true
    }
  ],
  "cuda_graph_replay_bit_exact": true
}
RUN ['/opt/sglang/bin/python', '-m', 'pytest', '-q', 'test/registered/kernels/ops/diffusion/test_modulate.py', '-k', 'modulate_scale_shift']
............                                                             [100%]
=============================== warnings summary ===============================
../../opt/sglang/lib/python3.12/site-packages/_pytest/config/__init__.py:1464
  /opt/sglang/lib/python3.12/site-packages/_pytest/config/__init__.py:1464: PytestConfigWarning: Unknown config option: asyncio_mode
  
    self._warn_or_fail_if_strict(f"Unknown config option: {key}\n")

-- Docs: https://docs.pytest.org/en/stable/how-to/capture-warnings.html
12 passed, 1006 deselected, 1 warning in 37.36s
RUN ['/opt/sglang/bin/python', '-m', 'pytest', '-q', 'python/sglang/multimodal_gen/test/unit/test_anima.py', 'python/sglang/multimodal_gen/test/unit/test_anima_cuda.py']
.................                                                        [100%]
=============================== warnings summary ===============================
../../opt/sglang/lib/python3.12/site-packages/torch/jit/_script.py:365: 14 warnings
  /opt/sglang/lib/python3.12/site-packages/torch/jit/_script.py:365: DeprecationWarning: `torch.jit.script_method` is deprecated. Please switch to `torch.compile` or `torch.export`.
    warnings.warn(

-- Docs: https://docs.pytest.org/en/stable/how-to/capture-warnings.html
17 passed, 14 warnings in 18.47s
RUN ['sglang', 'generate', '--model-path', '/vol/hf-cache/hub/models--circlestone-labs--Anima-Base-v1.0-Diffusers/snapshots/073c3a9db359c31ad0e8aa268d15775473c2176c', '--model-id', 'circlestone-labs/Anima-Base-v1.0-Diffusers', '--revision', '073c3a9db359c31ad0e8aa268d15775473c2176c', '--num-gpus', '1', '--enable-torch-compile=false', '--enable-breakable-cuda-graph=false', '--performance-mode=speed', '--attention-backend', 'fa', '--width', '1024', '--height', '1024', '--num-inference-steps', '30', '--guidance-scale', '4', '--negative-prompt', '', '--prompt', 'masterpiece, best quality, safe, watercolor landscape, a quiet seaside village at sunset', '--seed', '42', '--generator-device', 'cpu', '--quality', 'lossless', '--save-output', '--warmup-mode', 'request', '--warmup-steps', '1', '--perf-dump-path', '/results/anima-20261003T224511Z-017ed58d/01-baseline/perf.json', '--output-path', '/results/anima-20261003T224511Z-017ed58d/01-baseline/outputs', '--output-file-name', 'sample']
Flax classes are deprecated and will be removed in Diffusers v1.0.0. We recommend migrating to PyTorch classes or pinning your version of Diffusers.
Flax classes are deprecated and will be removed in Diffusers v1.0.0. We recommend migrating to PyTorch classes or pinning your version of Diffusers.
--model-id 'circlestone-labs/Anima-Base-v1.0-Diffusers' did not match any registered model; falling back to automatic detection.
[10-03 22:48:37] Applying performance_mode=speed
[10-03 22:48:37] server_args: {"model_path": "/vol/hf-cache/hub/models--circlestone-labs--Anima-Base-v1.0-Diffusers/snapshots/073c3a9db359c31ad0e8aa268d15775473c2176c", "model_subfolder": null, "model_variant": null, "model_id": "circlestone-labs/Anima-Base-v1.0-Diffusers", "served_model_name": "circlestone-labs/Anima-Base-v1.0-Diffusers", "backend": "auto", "attention_backend": "fa", "enable_attention_backend_autotune": false, "attention_backend_config": {}, "component_attention_backends": {}, "cache_dit_config": null, "nccl_port": null, "enable_nccl_nvls": false, "trust_remote_code": false, "revision": "073c3a9db359c31ad0e8aa268d15775473c2176c", "num_gpus": 1, "performance_mode": "speed", "base_gpu_id": 0, "gpu_ids": null, "nnodes": 1, "node_rank": 0, "dist_init_addr": null, "tp_size": 1, "sp_degree": 1, "ulysses_degree": 1, "ring_degree": 1, "kv_gather_degree": 1, "sp_split_auto": false, "dp_size": 1, "enable_cfg_parallel": false, "cfg_parallel_degree": 1, "encoder_parallel": "auto", "hsdp_replicate_dim": 1, "hsdp_shard_dim": 1, "dist_timeout": 3600, "scheduler_rpc_timeout": null, "pipeline_class_name": null, "lora_path": null, "lora_nickname": "default", "lora_scale": 1.0, "lora_alpha": null, "lora_merge_mode": "auto", "lora_weight_name": null, "component_paths": {}, "component_weights_paths": {}, "component_direct_gpu_weight_loading": {}, "component_quantizations": {}, "component_precisions": {}, "component_quantization_ignored_layers": {}, "load_diffusion_decoder": false, "transformer_weights_path": null, "minimax_h3_adaln_cache_path": null, "minimax_h3_adaln_online": false, "minimax_h3_adaln_plan_width": 4, "minimax_h3_adaln_host_cache_gb": 8.0, "quantization": null, "quantization_ignored_layers": null, "lora_target_modules": null, "component_residency": null, "cpu_offload_components": null, "dit_cpu_offload": false, "direct_gpu_weight_loading": false, "dit_layerwise_offload": false, "layerwise_offload_components": null, "dit_offload_prefetch_size": 0.0, "dit_layerwise_resident_layers": 0.0, "dit_layerwise_residency_policy": "leading", "dit_layerwise_residency_lifetime": "forward", "layerwise_prefetch_size": {}, "layerwise_resident_layers": {}, "layerwise_residency_policy": {}, "layerwise_residency_lifetime": {}, "offload_during_compile": true, "text_encoder_cpu_offload": false, "image_encoder_cpu_offload": false, "vae_cpu_offload": false, "use_fsdp_inference": false, "pin_cpu_memory": true, "ltx2_two_stage_device_mode": null, "comfyui_mode": false, "enable_torch_compile": false, "regional_compile": false, "enable_breakable_cuda_graph": false, "bcg_text_buckets": null, "enable_layerwise_nvtx_marker": false, "warmup_mode": "request", "warmup_resolutions": null, "warmup_num_frames": null, "warmup_steps": 1, "warmup_sampling_params": null, "disable_autocast": true, "master_port": 30005, "host": "127.0.0.1", "port": 30000, "enable_metrics": false, "webui": false, "webui_port": 12312, "scheduler_port": 5651, "scheduler_ports": [5651], "batching_mode": "dynamic", "batching_max_size": 1, "batching_delay_ms": 0.0, "batching_config": null, "enable_batching_metrics": false, "strict_ports": false, "output_path": "/results/anima-20261003T224511Z-017ed58d/01-baseline/outputs", "input_save_path": "inputs/uploads", "prompt_file_path": null, "model_paths": {}, "model_loaded": {"transformer": true, "vae": true, "video_vae": true, "audio_vae": true, "video_dit": true, "audio_dit": true, "dual_tower_bridge": true}, "boundary_ratio": null, "disagg_role": "monolithic", "disagg_timeout": 3600, "disagg_downstream_wait_timeout": 1800, "disagg_dispatch_policy": "round_robin", "disagg_mode": false, "disagg_instance_id": 0, "disagg_max_slots_per_instance": 8, "disagg_transfer_redundancy": 1.25, "disagg_role_device": "auto", "disagg_transfer_backend": "auto", "disagg_transfer_pool_size": 268435456, "disagg_transfer_pin_memory": "auto", "disagg_p2p_hostname": "127.0.0.1", "disagg_ib_device": null, "disagg_server_addr": null, "encoder_urls": null, "denoiser_urls": null, "decoder_urls": null, "encoder_tp": null, "denoiser_tp": null, "denoiser_sp": null, "denoiser_ulysses": null, "denoiser_ring": null, "decoder_sp": null, "pool_work_endpoint": null, "pool_result_endpoint": null, "pool_control_endpoint": null, "pool_control_advertised_endpoint": null, "log_level": "info", "log_requests": false, "log_requests_level": 2, "log_requests_format": "text", "log_requests_target": null, "uvicorn_access_log_exclude_prefixes": [], "enable_cache_report": false, "enable_trace": false, "otlp_traces_endpoint": "localhost:4317", "otlp_service_name": null, "srt_encoder_url": null, "srt_encoder_connect_timeout": 3.05, "srt_encoder_timeout": 100, "pe_server_url": null, "prompt_enhancer_config": null}
[10-03 22:48:37] Diffusers version: 0.39.0.dev0
[10-03 22:48:37] Local mode: True
[10-03 22:48:37] Starting server...
Flax classes are deprecated and will be removed in Diffusers v1.0.0. We recommend migrating to PyTorch classes or pinning your version of Diffusers.
Flax classes are deprecated and will be removed in Diffusers v1.0.0. We recommend migrating to PyTorch classes or pinning your version of Diffusers.
[10-03 22:49:11] Scheduler (dp replica 0) bind at endpoint: tcp://127.0.0.1:5651
[10-03 22:49:11] torch.compile cache: TORCHINDUCTOR_CACHE_DIR=/root/.cache/sgl_diffusion/torch_compile_cache/inductor TRITON_CACHE_DIR=/root/.cache/sgl_diffusion/torch_compile_cache/triton
[10-03 22:49:11] Initializing distributed environment with world_size=1, device=cuda:0, timeout=3600
[10-03 22:49:11] Setting distributed timeout to 3600 seconds
[10-03 22:49:12] No pipeline_class_name specified, using model_index.json
[10-03 22:49:14] Diffusers version: 0.39.0.dev0
[93m[10-03 22:49:14] --model-id 'circlestone-labs/Anima-Base-v1.0-Diffusers' did not match any registered model; falling back to automatic detection.[0;0m
[10-03 22:49:14] Using pipeline from model_index.json: AnimaPipeline
[10-03 22:49:14] Loading pipeline modules...
[10-03 22:49:14] Model already exists locally and is complete
[10-03 22:49:14] Model path: /vol/hf-cache/hub/models--circlestone-labs--Anima-Base-v1.0-Diffusers/snapshots/073c3a9db359c31ad0e8aa268d15775473c2176c
[10-03 22:49:14] Diffusers version: 0.39.0.dev0
[10-03 22:49:14] Loading pipeline modules from config: {'_class_name': 'AnimaModularPipeline', '_diffusers_version': '0.39.0.dev0', 'scheduler': ['diffusers', 'FlowMatchEulerDiscreteScheduler'], 't5_tokenizer': ['transformers', 'T5Tokenizer'], 'text_conditioner': ['diffusers', 'AnimaTextConditioner'], 'text_encoder': ['transformers', 'Qwen3Model'], 'tokenizer': ['transformers', 'Qwen2Tokenizer'], 'transformer': ['diffusers', 'CosmosTransformer3DModel'], 'vae': ['diffusers', 'AutoencoderKLQwenImage']}
[10-03 22:49:14] Loading required components: ['text_encoder', 'tokenizer', 't5_tokenizer', 'text_conditioner', 'vae', 'transformer', 'scheduler']
[10-03 22:49:15] Memory-aware component load order: ['transformer', 'text_encoder', 'text_conditioner', 'vae', 'tokenizer', 't5_tokenizer', 'scheduler']

Loading required modules:   0%|          | 0/7 [00:00<?, ?it/s][10-03 22:49:15] Loading transformer from /vol/hf-cache/hub/models--circlestone-labs--Anima-Base-v1.0-Diffusers/snapshots/073c3a9db359c31ad0e8aa268d15775473c2176c/transformer. avail mem: 138.65 GB
[10-03 22:49:15] Loading CosmosTransformer3DModel from 1 safetensors file(s) , param_dtype: torch.bfloat16


Loading safetensors checkpoint shards: 0%|          | 0/1[A

Loading safetensors checkpoint shards: 100%|██████████| 1/1[A
Loading safetensors checkpoint shards: 100%|██████████| 1/1
[10-03 22:49:18] Attention backends for transformer: fa
[10-03 22:49:18] Loaded transformer: AnimaTransformer3DModel (sgl-diffusion version). model size: 3.64 GB, vram: 3.64 GB. avail GPU mem: 134.93 GB

Loading required modules:  14%|█▍        | 1/7 [00:03<00:20,  3.34s/it][10-03 22:49:18] Loading text_encoder from /vol/hf-cache/hub/models--circlestone-labs--Anima-Base-v1.0-Diffusers/snapshots/073c3a9db359c31ad0e8aa268d15775473c2176c/text_encoder. avail mem: 134.93 GB


Loading safetensors checkpoint shards: 0%|          | 0/1[A

Loading safetensors checkpoint shards: 100%|██████████| 1/1[A
Loading safetensors checkpoint shards: 100%|██████████| 1/1
[10-03 22:49:19] Attention backends for text_encoder: fa
[10-03 22:49:19] Loaded text_encoder: Qwen3ForCausalLM (sgl-diffusion version). model size: 1.12 GB, vram: 1.12 GB. avail GPU mem: 133.77 GB

Loading required modules:  29%|██▊       | 2/7 [00:04<00:10,  2.04s/it][10-03 22:49:19] Loading text_conditioner from /vol/hf-cache/hub/models--circlestone-labs--Anima-Base-v1.0-Diffusers/snapshots/073c3a9db359c31ad0e8aa268d15775473c2176c/text_conditioner. avail mem: 133.77 GB


Loading safetensors checkpoint shards: 0%|          | 0/1[A
Loading safetensors checkpoint shards: 100%|██████████| 1/1
[10-03 22:49:20] Attention backends for text_conditioner: fa
[10-03 22:49:20] Loaded text_conditioner: AnimaTextConditioner (sgl-diffusion version). model size: 0.25 GB, vram: 0.25 GB. avail GPU mem: 133.59 GB

Loading required modules:  43%|████▎     | 3/7 [00:04<00:05,  1.29s/it][10-03 22:49:20] Loading vae from /vol/hf-cache/hub/models--circlestone-labs--Anima-Base-v1.0-Diffusers/snapshots/073c3a9db359c31ad0e8aa268d15775473c2176c/vae. avail mem: 133.59 GB
[10-03 22:49:20] Qwen-Image VAE: installed quality-gated fast path (29 RMSNorm+SiLU fusions, 3 channels_last upsamples).
[10-03 22:49:20] Loaded vae: AutoencoderKLQwenImage (sgl-diffusion version). model size: 0.24 GB, vram: 0.24 GB. avail GPU mem: 133.31 GB

Loading required modules:  57%|█████▋    | 4/7 [00:05<00:02,  1.08it/s][10-03 22:49:20] Loading tokenizer from /vol/hf-cache/hub/models--circlestone-labs--Anima-Base-v1.0-Diffusers/snapshots/073c3a9db359c31ad0e8aa268d15775473c2176c/tokenizer. avail mem: 133.31 GB
[10-03 22:49:21] Loaded tokenizer: Qwen2Tokenizer (sgl-diffusion version). model size: NA GB, weights: none. avail GPU mem: 133.31 GB

Loading required modules:  71%|███████▏  | 5/7 [00:06<00:02,  1.10s/it][10-03 22:49:21] Loading t5_tokenizer from /vol/hf-cache/hub/models--circlestone-labs--Anima-Base-v1.0-Diffusers/snapshots/073c3a9db359c31ad0e8aa268d15775473c2176c/t5_tokenizer. avail mem: 133.31 GB
[10-03 22:49:22] Loaded t5_tokenizer: T5Tokenizer (sgl-diffusion version). model size: NA GB, weights: none. avail GPU mem: 133.31 GB

Loading required modules:  86%|████████▌ | 6/7 [00:06<00:00,  1.22it/s][10-03 22:49:22] Loading scheduler from /vol/hf-cache/hub/models--circlestone-labs--Anima-Base-v1.0-Diffusers/snapshots/073c3a9db359c31ad0e8aa268d15775473c2176c/scheduler. avail mem: 133.31 GB
[10-03 22:49:22] Loaded scheduler: FlowMatchEulerDiscreteScheduler (sgl-diffusion version). model size: NA GB, weights: none. avail GPU mem: 133.31 GB

Loading required modules: 100%|██████████| 7/7 [00:06<00:00,  1.01it/s]
[10-03 22:49:22] Creating pipeline stages...
[10-03 22:49:22] Using fa attention backend
[10-03 22:49:22] Pipeline instantiated
[10-03 22:49:22] Worker 0: Initialized device, model, and distributed environment.
[10-03 22:49:22] Worker 0: Scheduler loop started.
[10-03 22:49:22] [server-load] workers_ready_monotonic_ns=259811027825
[10-03 22:49:22] Processing 1 grouped request(s)

Warmup requests:   0%|          | 0/1 [00:00<?, ?req/s]
Warmup requests: 100%|██████████| 1/1 [00:14<00:00, 14.86s/req, warmup req (1024x1024, 1/30 steps), last=14.86s]
Warmup requests: 100%|██████████| 1/1 [00:14<00:00, 14.86s/req, warmup req (1024x1024, 1/30 steps), last=14.86s]
[10-03 22:49:37] The server is fired up and ready to roll!
[10-03 22:49:37] Sampling params:
                       width: 1024
                      height: 1024
                  num_frames: 1
                         fps: 24
                      prompt: <redacted, len=88>
                  neg_prompt: <redacted, len=0>
                        seed: 42
                 infer_steps: 30
      num_outputs_per_prompt: 1
              guidance_scale: 4.0
     embedded_guidance_scale: 6.0
                    n_tokens: None
                  flow_shift: None
                  image_path: None
                 save_output: True
            output_file_path: /results/anima-20261003T224511Z-017ed58d/01-baseline/outputs/sample.png
        
[10-03 22:49:37] Running pipeline stages: ['InputValidationStage', 'TextEncodingStage', 'AnimaTextConditioningStage', 'TimestepPreparationStage', 'LatentPreparationStage', 'denoising_stage', 'decoding_stage']
[10-03 22:49:37] [InputValidationStage] started...
[10-03 22:49:37] [InputValidationStage] finished in 0.0000 seconds
[10-03 22:49:37] [TextEncodingStage] started...
[10-03 22:49:37] [TextEncodingStage] finished in 0.0348 seconds
[10-03 22:49:37] [AnimaTextConditioningStage] started...
[10-03 22:49:37] [AnimaTextConditioningStage] finished in 0.0156 seconds
[10-03 22:49:37] [TimestepPreparationStage] started...
[10-03 22:49:37] [TimestepPreparationStage] finished in 0.0005 seconds
[10-03 22:49:37] [LatentPreparationStage] started...
[10-03 22:49:37] [LatentPreparationStage] finished in 0.0021 seconds
[10-03 22:49:37] [DenoisingStage] started...

  0%|          | 0/30 [00:00<?, ?it/s]
  3%|▎         | 1/30 [00:00<00:03,  8.82it/s]
  7%|▋         | 2/30 [00:00<00:03,  8.72it/s]
 10%|█         | 3/30 [00:00<00:03,  8.84it/s]
 13%|█▎        | 4/30 [00:00<00:02,  8.83it/s]
 17%|█▋        | 5/30 [00:00<00:02,  8.85it/s]
 20%|██        | 6/30 [00:00<00:02,  8.98it/s]
 23%|██▎       | 7/30 [00:00<00:02,  8.99it/s]
 27%|██▋       | 8/30 [00:00<00:02,  8.95it/s]
 30%|███       | 9/30 [00:01<00:02,  8.98it/s]
 33%|███▎      | 10/30 [00:01<00:02,  8.97it/s]
 37%|███▋      | 11/30 [00:01<00:02,  8.94it/s]
 40%|████      | 12/30 [00:01<00:02,  8.96it/s]
 43%|████▎     | 13/30 [00:01<00:01,  8.94it/s]
 47%|████▋     | 14/30 [00:01<00:01,  8.93it/s]
 50%|█████     | 15/30 [00:01<00:01,  8.95it/s]
 53%|█████▎    | 16/30 [00:01<00:01,  8.95it/s]
 57%|█████▋    | 17/30 [00:01<00:01,  8.95it/s]
 60%|██████    | 18/30 [00:02<00:01,  9.00it/s]
 63%|██████▎   | 19/30 [00:02<00:01,  8.95it/s]
 67%|██████▋   | 20/30 [00:02<00:01,  9.02it/s]
 70%|███████   | 21/30 [00:02<00:01,  8.98it/s]
 73%|███████▎  | 22/30 [00:02<00:00,  9.05it/s]
 77%|███████▋  | 23/30 [00:02<00:00,  9.01it/s]
 80%|████████  | 24/30 [00:02<00:00,  8.96it/s]
 83%|████████▎ | 25/30 [00:02<00:00,  8.88it/s]
 87%|████████▋ | 26/30 [00:02<00:00,  8.90it/s]
 90%|█████████ | 27/30 [00:03<00:00,  8.86it/s]
 93%|█████████▎| 28/30 [00:03<00:00,  8.89it/s]
 97%|█████████▋| 29/30 [00:03<00:00,  8.87it/s]
100%|██████████| 30/30 [00:03<00:00,  8.84it/s]
100%|██████████| 30/30 [00:03<00:00,  8.92it/s]
[10-03 22:49:40] [DenoisingStage] average time per step: 0.1121 seconds
[10-03 22:49:40] [DenoisingStage] finished in 3.3645 seconds
[10-03 22:49:40] [DecodingStage] started...
[10-03 22:49:40] [DecodingStage] finished in 0.3666 seconds
[10-03 22:49:41] Output saved to [1;36m/results/anima-20261003T224511Z-017ed58d/01-baseline/outputs/sample.png[0;0m
[10-03 22:49:41] Metrics dumped to: [1;36m/results/anima-20261003T224511Z-017ed58d/01-baseline/perf.json[0;0m
[10-03 22:49:41] Pixel data generated successfully in [92m18.98[0;0m seconds
[10-03 22:49:41] Warmed-up request processed in [92m3.79[0;0m seconds (with warmup excluded)
[10-03 22:49:41] Memory usage - Max peak: 5870.00 MB, Avg peak: 5870.00 MB
[10-03 22:49:41] Metrics dumped to: [1;36m/results/anima-20261003T224511Z-017ed58d/01-baseline/perf.json[0;0m
[93m[10-03 22:49:41] Generator was garbage collected without being shut down. Forcing local server and client cleanup.[0;0m
[93m[10-03 22:49:41] Local worker sglang-diffusionWorker-0 did not terminate gracefully, forcing.[0;0m
/usr/lib/python3.12/multiprocessing/resource_tracker.py:254: UserWarning: resource_tracker: There appear to be 1 leaked semaphore objects to clean up at shutdown
  warnings.warn('resource_tracker: There appear to be %d '
RESULT {"label": "01-baseline", "variant": "baseline", "profile": false, "seed": 42, "size": 1024, "steps": 30, "command": ["sglang", "generate", "--model-path", "/vol/hf-cache/hub/models--circlestone-labs--Anima-Base-v1.0-Diffusers/snapshots/073c3a9db359c31ad0e8aa268d15775473c2176c", "--model-id", "circlestone-labs/Anima-Base-v1.0-Diffusers", "--revision", "073c3a9db359c31ad0e8aa268d15775473c2176c", "--num-gpus", "1", "--enable-torch-compile=false", "--enable-breakable-cuda-graph=false", "--performance-mode=speed", "--attention-backend", "fa", "--width", "1024", "--height", "1024", "--num-inference-steps", "30", "--guidance-scale", "4", "--negative-prompt", "", "--prompt", "masterpiece, best quality, safe, watercolor landscape, a quiet seaside village at sunset", "--seed", "42", "--generator-device", "cpu", "--quality", "lossless", "--save-output", "--warmup-mode", "request", "--warmup-steps", "1", "--perf-dump-path", "/results/anima-20261003T224511Z-017ed58d/01-baseline/perf.json", "--output-path", "/results/anima-20261003T224511Z-017ed58d/01-baseline/outputs", "--output-file-name", "sample"], "total_duration_ms": 3792.128457999979, "denoise_steps_ms": [{"step": 0, "duration_ms": 113.48045099998672}, {"step": 1, "duration_ms": 115.531830000009}, {"step": 2, "duration_ms": 111.41906099999233}, {"step": 3, "duration_ms": 113.36335800001507}, {"step": 4, "duration_ms": 112.34449900001664}, {"step": 5, "duration_ms": 108.11326800001098}, {"step": 6, "duration_ms": 110.9536920000096}, {"step": 7, "duration_ms": 112.8824790000067}, {"step": 8, "duration_ms": 110.58339499999192}, {"step": 9, "duration_ms": 111.53287299998738}, {"step": 10, "duration_ms": 112.82407799996008}, {"step": 11, "duration_ms": 111.12526599998773}, {"step": 12, "duration_ms": 112.28828399998747}, {"step": 13, "duration_ms": 112.29968300000337}, {"step": 14, "duration_ms": 111.25421399998459}, {"step": 15, "duration_ms": 111.5409189999923}, {"step": 16, "duration_ms": 111.70776199998045}, {"step": 17, "duration_ms": 109.63943300004075}, {"step": 18, "duration_ms": 112.80279300001439}, {"step": 19, "duration_ms": 109.12070300003052}, {"step": 20, "duration_ms": 112.11742000000413}, {"step": 21, "duration_ms": 108.61905299998398}, {"step": 22, "duration_ms": 112.15376900003093}, {"step": 23, "duration_ms": 113.02475599995887}, {"step": 24, "duration_ms": 115.01434400003063}, {"step": 25, "duration_ms": 111.74670100001549}, {"step": 26, "duration_ms": 113.92971399999396}, {"step": 27, "duration_ms": 111.6370599999641}, {"step": 28, "duration_ms": 113.29124100001309}, {"step": 29, "duration_ms": 114.00940499999024}], "denoise_ms": 3360.3515039999934, "pixel_sha256": "2c12b2376dadcaac1f4b074f169b81ba15f9cf19b07832c21232fd220fe7a20c", "mode": "RGB", "png_sha256": "17057f6295cd6cf1a2affc7c2c8ae45889199edf9bde129a4a3dc1b15f9e212d", "source_sha256": "a21fae70ad5b9164a4804821339ff2c1a94d826488d8de4de4cf467e1ff88cd6"}
RUN ['sglang', 'generate', '--model-path', '/vol/hf-cache/hub/models--circlestone-labs--Anima-Base-v1.0-Diffusers/snapshots/073c3a9db359c31ad0e8aa268d15775473c2176c', '--model-id', 'circlestone-labs/Anima-Base-v1.0-Diffusers', '--revision', '073c3a9db359c31ad0e8aa268d15775473c2176c', '--num-gpus', '1', '--enable-torch-compile=false', '--enable-breakable-cuda-graph=false', '--performance-mode=speed', '--attention-backend', 'fa', '--width', '1024', '--height', '1024', '--num-inference-steps', '30', '--guidance-scale', '4', '--negative-prompt', '', '--prompt', 'masterpiece, best quality, safe, watercolor landscape, a quiet seaside village at sunset', '--seed', '42', '--generator-device', 'cpu', '--quality', 'lossless', '--save-output', '--warmup-mode', 'request', '--warmup-steps', '1', '--perf-dump-path', '/results/anima-20261003T224511Z-017ed58d/02-candidate/perf.json', '--output-path', '/results/anima-20261003T224511Z-017ed58d/02-candidate/outputs', '--output-file-name', 'sample']
Flax classes are deprecated and will be removed in Diffusers v1.0.0. We recommend migrating to PyTorch classes or pinning your version of Diffusers.
Flax classes are deprecated and will be removed in Diffusers v1.0.0. We recommend migrating to PyTorch classes or pinning your version of Diffusers.
--model-id 'circlestone-labs/Anima-Base-v1.0-Diffusers' did not match any registered model; falling back to automatic detection.
[10-03 22:50:22] Applying performance_mode=speed
[10-03 22:50:22] server_args: {"model_path": "/vol/hf-cache/hub/models--circlestone-labs--Anima-Base-v1.0-Diffusers/snapshots/073c3a9db359c31ad0e8aa268d15775473c2176c", "model_subfolder": null, "model_variant": null, "model_id": "circlestone-labs/Anima-Base-v1.0-Diffusers", "served_model_name": "circlestone-labs/Anima-Base-v1.0-Diffusers", "backend": "auto", "attention_backend": "fa", "enable_attention_backend_autotune": false, "attention_backend_config": {}, "component_attention_backends": {}, "cache_dit_config": null, "nccl_port": null, "enable_nccl_nvls": false, "trust_remote_code": false, "revision": "073c3a9db359c31ad0e8aa268d15775473c2176c", "num_gpus": 1, "performance_mode": "speed", "base_gpu_id": 0, "gpu_ids": null, "nnodes": 1, "node_rank": 0, "dist_init_addr": null, "tp_size": 1, "sp_degree": 1, "ulysses_degree": 1, "ring_degree": 1, "kv_gather_degree": 1, "sp_split_auto": false, "dp_size": 1, "enable_cfg_parallel": false, "cfg_parallel_degree": 1, "encoder_parallel": "auto", "hsdp_replicate_dim": 1, "hsdp_shard_dim": 1, "dist_timeout": 3600, "scheduler_rpc_timeout": null, "pipeline_class_name": null, "lora_path": null, "lora_nickname": "default", "lora_scale": 1.0, "lora_alpha": null, "lora_merge_mode": "auto", "lora_weight_name": null, "component_paths": {}, "component_weights_paths": {}, "component_direct_gpu_weight_loading": {}, "component_quantizations": {}, "component_precisions": {}, "component_quantization_ignored_layers": {}, "load_diffusion_decoder": false, "transformer_weights_path": null, "minimax_h3_adaln_cache_path": null, "minimax_h3_adaln_online": false, "minimax_h3_adaln_plan_width": 4, "minimax_h3_adaln_host_cache_gb": 8.0, "quantization": null, "quantization_ignored_layers": null, "lora_target_modules": null, "component_residency": null, "cpu_offload_components": null, "dit_cpu_offload": false, "direct_gpu_weight_loading": false, "dit_layerwise_offload": false, "layerwise_offload_components": null, "dit_offload_prefetch_size": 0.0, "dit_layerwise_resident_layers": 0.0, "dit_layerwise_residency_policy": "leading", "dit_layerwise_residency_lifetime": "forward", "layerwise_prefetch_size": {}, "layerwise_resident_layers": {}, "layerwise_residency_policy": {}, "layerwise_residency_lifetime": {}, "offload_during_compile": true, "text_encoder_cpu_offload": false, "image_encoder_cpu_offload": false, "vae_cpu_offload": false, "use_fsdp_inference": false, "pin_cpu_memory": true, "ltx2_two_stage_device_mode": null, "comfyui_mode": false, "enable_torch_compile": false, "regional_compile": false, "enable_breakable_cuda_graph": false, "bcg_text_buckets": null, "enable_layerwise_nvtx_marker": false, "warmup_mode": "request", "warmup_resolutions": null, "warmup_num_frames": null, "warmup_steps": 1, "warmup_sampling_params": null, "disable_autocast": true, "master_port": 30005, "host": "127.0.0.1", "port": 30000, "enable_metrics": false, "webui": false, "webui_port": 12312, "scheduler_port": 5641, "scheduler_ports": [5641], "batching_mode": "dynamic", "batching_max_size": 1, "batching_delay_ms": 0.0, "batching_config": null, "enable_batching_metrics": false, "strict_ports": false, "output_path": "/results/anima-20261003T224511Z-017ed58d/02-candidate/outputs", "input_save_path": "inputs/uploads", "prompt_file_path": null, "model_paths": {}, "model_loaded": {"transformer": true, "vae": true, "video_vae": true, "audio_vae": true, "video_dit": true, "audio_dit": true, "dual_tower_bridge": true}, "boundary_ratio": null, "disagg_role": "monolithic", "disagg_timeout": 3600, "disagg_downstream_wait_timeout": 1800, "disagg_dispatch_policy": "round_robin", "disagg_mode": false, "disagg_instance_id": 0, "disagg_max_slots_per_instance": 8, "disagg_transfer_redundancy": 1.25, "disagg_role_device": "auto", "disagg_transfer_backend": "auto", "disagg_transfer_pool_size": 268435456, "disagg_transfer_pin_memory": "auto", "disagg_p2p_hostname": "127.0.0.1", "disagg_ib_device": null, "disagg_server_addr": null, "encoder_urls": null, "denoiser_urls": null, "decoder_urls": null, "encoder_tp": null, "denoiser_tp": null, "denoiser_sp": null, "denoiser_ulysses": null, "denoiser_ring": null, "decoder_sp": null, "pool_work_endpoint": null, "pool_result_endpoint": null, "pool_control_endpoint": null, "pool_control_advertised_endpoint": null, "log_level": "info", "log_requests": false, "log_requests_level": 2, "log_requests_format": "text", "log_requests_target": null, "uvicorn_access_log_exclude_prefixes": [], "enable_cache_report": false, "enable_trace": false, "otlp_traces_endpoint": "localhost:4317", "otlp_service_name": null, "srt_encoder_url": null, "srt_encoder_connect_timeout": 3.05, "srt_encoder_timeout": 100, "pe_server_url": null, "prompt_enhancer_config": null}
[10-03 22:50:22] Diffusers version: 0.39.0.dev0
[10-03 22:50:22] Local mode: True
[10-03 22:50:22] Starting server...
Flax classes are deprecated and will be removed in Diffusers v1.0.0. We recommend migrating to PyTorch classes or pinning your version of Diffusers.
Flax classes are deprecated and will be removed in Diffusers v1.0.0. We recommend migrating to PyTorch classes or pinning your version of Diffusers.
[10-03 22:50:56] Scheduler (dp replica 0) bind at endpoint: tcp://127.0.0.1:5641
[10-03 22:50:56] torch.compile cache: TORCHINDUCTOR_CACHE_DIR=/root/.cache/sgl_diffusion/torch_compile_cache/inductor TRITON_CACHE_DIR=/root/.cache/sgl_diffusion/torch_compile_cache/triton
[10-03 22:50:56] Initializing distributed environment with world_size=1, device=cuda:0, timeout=3600
[10-03 22:50:56] Setting distributed timeout to 3600 seconds
[10-03 22:50:57] No pipeline_class_name specified, using model_index.json
[10-03 22:50:59] Diffusers version: 0.39.0.dev0
[93m[10-03 22:50:59] --model-id 'circlestone-labs/Anima-Base-v1.0-Diffusers' did not match any registered model; falling back to automatic detection.[0;0m
[10-03 22:50:59] Using pipeline from model_index.json: AnimaPipeline
[10-03 22:50:59] Loading pipeline modules...
[10-03 22:50:59] Model already exists locally and is complete
[10-03 22:50:59] Model path: /vol/hf-cache/hub/models--circlestone-labs--Anima-Base-v1.0-Diffusers/snapshots/073c3a9db359c31ad0e8aa268d15775473c2176c
[10-03 22:50:59] Diffusers version: 0.39.0.dev0
[10-03 22:50:59] Loading pipeline modules from config: {'_class_name': 'AnimaModularPipeline', '_diffusers_version': '0.39.0.dev0', 'scheduler': ['diffusers', 'FlowMatchEulerDiscreteScheduler'], 't5_tokenizer': ['transformers', 'T5Tokenizer'], 'text_conditioner': ['diffusers', 'AnimaTextConditioner'], 'text_encoder': ['transformers', 'Qwen3Model'], 'tokenizer': ['transformers', 'Qwen2Tokenizer'], 'transformer': ['diffusers', 'CosmosTransformer3DModel'], 'vae': ['diffusers', 'AutoencoderKLQwenImage']}
[10-03 22:50:59] Loading required components: ['text_encoder', 'tokenizer', 't5_tokenizer', 'text_conditioner', 'vae', 'transformer', 'scheduler']
[10-03 22:50:59] Memory-aware component load order: ['transformer', 'text_encoder', 'text_conditioner', 'vae', 'tokenizer', 't5_tokenizer', 'scheduler']

Loading required modules:   0%|          | 0/7 [00:00<?, ?it/s][10-03 22:50:59] Loading transformer from /vol/hf-cache/hub/models--circlestone-labs--Anima-Base-v1.0-Diffusers/snapshots/073c3a9db359c31ad0e8aa268d15775473c2176c/transformer. avail mem: 138.65 GB
[10-03 22:50:59] Loading CosmosTransformer3DModel from 1 safetensors file(s) , param_dtype: torch.bfloat16


Loading safetensors checkpoint shards: 0%|          | 0/1[A
Loading safetensors checkpoint shards: 100%|██████████| 1/1
[10-03 22:51:01] Attention backends for transformer: fa
[10-03 22:51:01] Loaded transformer: AnimaTransformer3DModel (sgl-diffusion version). model size: 3.64 GB, vram: 3.64 GB. avail GPU mem: 134.93 GB

Loading required modules:  14%|█▍        | 1/7 [00:01<00:08,  1.50s/it][10-03 22:51:01] Loading text_encoder from /vol/hf-cache/hub/models--circlestone-labs--Anima-Base-v1.0-Diffusers/snapshots/073c3a9db359c31ad0e8aa268d15775473c2176c/text_encoder. avail mem: 134.93 GB


Loading safetensors checkpoint shards: 0%|          | 0/1[A

Loading safetensors checkpoint shards: 100%|██████████| 1/1[A
Loading safetensors checkpoint shards: 100%|██████████| 1/1
[10-03 22:51:02] Attention backends for text_encoder: fa
[10-03 22:51:02] Loaded text_encoder: Qwen3ForCausalLM (sgl-diffusion version). model size: 1.12 GB, vram: 1.12 GB. avail GPU mem: 133.77 GB

Loading required modules:  29%|██▊       | 2/7 [00:02<00:05,  1.10s/it][10-03 22:51:02] Loading text_conditioner from /vol/hf-cache/hub/models--circlestone-labs--Anima-Base-v1.0-Diffusers/snapshots/073c3a9db359c31ad0e8aa268d15775473c2176c/text_conditioner. avail mem: 133.77 GB


Loading safetensors checkpoint shards: 0%|          | 0/1[A
Loading safetensors checkpoint shards: 100%|██████████| 1/1
[10-03 22:51:02] Attention backends for text_conditioner: fa
[10-03 22:51:02] Loaded text_conditioner: AnimaTextConditioner (sgl-diffusion version). model size: 0.25 GB, vram: 0.25 GB. avail GPU mem: 133.59 GB

Loading required modules:  43%|████▎     | 3/7 [00:02<00:02,  1.42it/s][10-03 22:51:02] Loading vae from /vol/hf-cache/hub/models--circlestone-labs--Anima-Base-v1.0-Diffusers/snapshots/073c3a9db359c31ad0e8aa268d15775473c2176c/vae. avail mem: 133.59 GB
[10-03 22:51:02] Qwen-Image VAE: installed quality-gated fast path (29 RMSNorm+SiLU fusions, 3 channels_last upsamples).
[10-03 22:51:02] Loaded vae: AutoencoderKLQwenImage (sgl-diffusion version). model size: 0.24 GB, vram: 0.24 GB. avail GPU mem: 133.31 GB

Loading required modules:  57%|█████▋    | 4/7 [00:02<00:01,  1.90it/s][10-03 22:51:02] Loading tokenizer from /vol/hf-cache/hub/models--circlestone-labs--Anima-Base-v1.0-Diffusers/snapshots/073c3a9db359c31ad0e8aa268d15775473c2176c/tokenizer. avail mem: 133.31 GB
[10-03 22:51:03] Loaded tokenizer: Qwen2Tokenizer (sgl-diffusion version). model size: NA GB, weights: none. avail GPU mem: 133.31 GB

Loading required modules:  71%|███████▏  | 5/7 [00:04<00:01,  1.30it/s][10-03 22:51:03] Loading t5_tokenizer from /vol/hf-cache/hub/models--circlestone-labs--Anima-Base-v1.0-Diffusers/snapshots/073c3a9db359c31ad0e8aa268d15775473c2176c/t5_tokenizer. avail mem: 133.31 GB
[10-03 22:51:04] Loaded t5_tokenizer: T5Tokenizer (sgl-diffusion version). model size: NA GB, weights: none. avail GPU mem: 133.31 GB

Loading required modules:  86%|████████▌ | 6/7 [00:04<00:00,  1.78it/s][10-03 22:51:04] Loading scheduler from /vol/hf-cache/hub/models--circlestone-labs--Anima-Base-v1.0-Diffusers/snapshots/073c3a9db359c31ad0e8aa268d15775473c2176c/scheduler. avail mem: 133.31 GB
[10-03 22:51:04] Loaded scheduler: FlowMatchEulerDiscreteScheduler (sgl-diffusion version). model size: NA GB, weights: none. avail GPU mem: 133.31 GB

Loading required modules: 100%|██████████| 7/7 [00:04<00:00,  1.68it/s]
[10-03 22:51:04] Creating pipeline stages...
[10-03 22:51:04] Using fa attention backend
[10-03 22:51:04] Pipeline instantiated
[10-03 22:51:04] Worker 0: Initialized device, model, and distributed environment.
[10-03 22:51:04] Worker 0: Scheduler loop started.
[10-03 22:51:04] [server-load] workers_ready_monotonic_ns=361623845008
[10-03 22:51:04] Processing 1 grouped request(s)

Warmup requests:   0%|          | 0/1 [00:00<?, ?req/s]
Warmup requests: 100%|██████████| 1/1 [00:03<00:00,  3.54s/req, warmup req (1024x1024, 1/30 steps), last=3.54s]
Warmup requests: 100%|██████████| 1/1 [00:03<00:00,  3.54s/req, warmup req (1024x1024, 1/30 steps), last=3.54s]
[10-03 22:51:07] The server is fired up and ready to roll!
[10-03 22:51:07] Sampling params:
                       width: 1024
                      height: 1024
                  num_frames: 1
                         fps: 24
                      prompt: <redacted, len=88>
                  neg_prompt: <redacted, len=0>
                        seed: 42
                 infer_steps: 30
      num_outputs_per_prompt: 1
              guidance_scale: 4.0
     embedded_guidance_scale: 6.0
                    n_tokens: None
                  flow_shift: None
                  image_path: None
                 save_output: True
            output_file_path: /results/anima-20261003T224511Z-017ed58d/02-candidate/outputs/sample.png
        
[10-03 22:51:07] Running pipeline stages: ['InputValidationStage', 'TextEncodingStage', 'AnimaTextConditioningStage', 'TimestepPreparationStage', 'LatentPreparationStage', 'denoising_stage', 'decoding_stage']
[10-03 22:51:07] [InputValidationStage] started...
[10-03 22:51:07] [InputValidationStage] finished in 0.0000 seconds
[10-03 22:51:07] [TextEncodingStage] started...
[10-03 22:51:07] [TextEncodingStage] finished in 0.0350 seconds
[10-03 22:51:07] [AnimaTextConditioningStage] started...
[10-03 22:51:07] [AnimaTextConditioningStage] finished in 0.0159 seconds
[10-03 22:51:07] [TimestepPreparationStage] started...
[10-03 22:51:07] [TimestepPreparationStage] finished in 0.0005 seconds
[10-03 22:51:07] [LatentPreparationStage] started...
[10-03 22:51:07] [LatentPreparationStage] finished in 0.0021 seconds
[10-03 22:51:07] [DenoisingStage] started...

  0%|          | 0/30 [00:00<?, ?it/s]
  3%|▎         | 1/30 [00:00<00:03,  8.34it/s]
  7%|▋         | 2/30 [00:00<00:03,  8.44it/s]
 10%|█         | 3/30 [00:00<00:03,  8.39it/s]
 13%|█▎        | 4/30 [00:00<00:03,  8.46it/s]
 17%|█▋        | 5/30 [00:00<00:02,  8.45it/s]
 20%|██        | 6/30 [00:00<00:02,  8.46it/s]
 23%|██▎       | 7/30 [00:00<00:02,  8.45it/s]
 27%|██▋       | 8/30 [00:00<00:02,  8.44it/s]
 30%|███       | 9/30 [00:01<00:02,  8.48it/s]
 33%|███▎      | 10/30 [00:01<00:02,  8.47it/s]
 37%|███▋      | 11/30 [00:01<00:02,  8.51it/s]
 40%|████      | 12/30 [00:01<00:02,  8.59it/s]
 43%|████▎     | 13/30 [00:01<00:01,  8.55it/s]
 47%|████▋     | 14/30 [00:01<00:01,  8.57it/s]
 50%|█████     | 15/30 [00:01<00:01,  8.49it/s]
 53%|█████▎    | 16/30 [00:01<00:01,  8.48it/s]
 57%|█████▋    | 17/30 [00:02<00:01,  8.42it/s]
 60%|██████    | 18/30 [00:02<00:01,  8.49it/s]
 63%|██████▎   | 19/30 [00:02<00:01,  8.39it/s]
 67%|██████▋   | 20/30 [00:02<00:01,  8.45it/s]
 70%|███████   | 21/30 [00:02<00:01,  8.44it/s]
 73%|███████▎  | 22/30 [00:02<00:00,  8.42it/s]
 77%|███████▋  | 23/30 [00:02<00:00,  8.40it/s]
 80%|████████  | 24/30 [00:02<00:00,  8.47it/s]
 83%|████████▎ | 25/30 [00:02<00:00,  8.44it/s]
 87%|████████▋ | 26/30 [00:03<00:00,  8.45it/s]
 90%|█████████ | 27/30 [00:03<00:00,  8.47it/s]
 93%|█████████▎| 28/30 [00:03<00:00,  8.45it/s]
 97%|█████████▋| 29/30 [00:03<00:00,  8.47it/s]
100%|██████████| 30/30 [00:03<00:00,  8.52it/s]
100%|██████████| 30/30 [00:03<00:00,  8.47it/s]
[10-03 22:51:11] [DenoisingStage] average time per step: 0.1181 seconds
[10-03 22:51:11] [DenoisingStage] finished in 3.5438 seconds
[10-03 22:51:11] [DecodingStage] started...
[10-03 22:51:11] [DecodingStage] finished in 0.3747 seconds
[10-03 22:51:11] Output saved to [1;36m/results/anima-20261003T224511Z-017ed58d/02-candidate/outputs/sample.png[0;0m
[10-03 22:51:11] Metrics dumped to: [1;36m/results/anima-20261003T224511Z-017ed58d/02-candidate/perf.json[0;0m
[10-03 22:51:11] Pixel data generated successfully in [92m7.83[0;0m seconds
[10-03 22:51:11] Warmed-up request processed in [92m3.98[0;0m seconds (with warmup excluded)
[10-03 22:51:11] Memory usage - Max peak: 5870.00 MB, Avg peak: 5870.00 MB
[10-03 22:51:11] Metrics dumped to: [1;36m/results/anima-20261003T224511Z-017ed58d/02-candidate/perf.json[0;0m
[93m[10-03 22:51:11] Generator was garbage collected without being shut down. Forcing local server and client cleanup.[0;0m
[93m[10-03 22:51:11] Local worker sglang-diffusionWorker-0 did not terminate gracefully, forcing.[0;0m
/usr/lib/python3.12/multiprocessing/resource_tracker.py:254: UserWarning: resource_tracker: There appear to be 1 leaked semaphore objects to clean up at shutdown
  warnings.warn('resource_tracker: There appear to be %d '
RESULT {"label": "02-candidate", "variant": "candidate", "profile": false, "seed": 42, "size": 1024, "steps": 30, "command": ["sglang", "generate", "--model-path", "/vol/hf-cache/hub/models--circlestone-labs--Anima-Base-v1.0-Diffusers/snapshots/073c3a9db359c31ad0e8aa268d15775473c2176c", "--model-id", "circlestone-labs/Anima-Base-v1.0-Diffusers", "--revision", "073c3a9db359c31ad0e8aa268d15775473c2176c", "--num-gpus", "1", "--enable-torch-compile=false", "--enable-breakable-cuda-graph=false", "--performance-mode=speed", "--attention-backend", "fa", "--width", "1024", "--height", "1024", "--num-inference-steps", "30", "--guidance-scale", "4", "--negative-prompt", "", "--prompt", "masterpiece, best quality, safe, watercolor landscape, a quiet seaside village at sunset", "--seed", "42", "--generator-device", "cpu", "--quality", "lossless", "--save-output", "--warmup-mode", "request", "--warmup-steps", "1", "--perf-dump-path", "/results/anima-20261003T224511Z-017ed58d/02-candidate/perf.json", "--output-path", "/results/anima-20261003T224511Z-017ed58d/02-candidate/outputs", "--output-file-name", "sample"], "total_duration_ms": 3980.2680320000263, "denoise_steps_ms": [{"step": 0, "duration_ms": 120.08733599998322}, {"step": 1, "duration_ms": 117.42526499995165}, {"step": 2, "duration_ms": 119.823651000047}, {"step": 3, "duration_ms": 116.90114500004256}, {"step": 4, "duration_ms": 118.51372500001389}, {"step": 5, "duration_ms": 117.69443999997975}, {"step": 6, "duration_ms": 118.63734799999293}, {"step": 7, "duration_ms": 118.73540999999932}, {"step": 8, "duration_ms": 116.83480299996063}, {"step": 9, "duration_ms": 118.10780700000123}, {"step": 10, "duration_ms": 116.07706900002768}, {"step": 11, "duration_ms": 114.07277199998589}, {"step": 12, "duration_ms": 118.02588599999808}, {"step": 13, "duration_ms": 116.29997300002515}, {"step": 14, "duration_ms": 120.35108999998556}, {"step": 15, "duration_ms": 118.16342800000257}, {"step": 16, "duration_ms": 120.47956200001408}, {"step": 17, "duration_ms": 115.31573500002423}, {"step": 18, "duration_ms": 122.63432299999977}, {"step": 19, "duration_ms": 115.938615999994}, {"step": 20, "duration_ms": 118.96240400000124}, {"step": 21, "duration_ms": 119.25109900005282}, {"step": 22, "duration_ms": 119.63967599996295}, {"step": 23, "duration_ms": 115.53240900002493}, {"step": 24, "duration_ms": 119.65358599996989}, {"step": 25, "duration_ms": 117.88756400000011}, {"step": 26, "duration_ms": 117.24869199997556}, {"step": 27, "duration_ms": 118.93181400000685}, {"step": 28, "duration_ms": 117.55908800000725}, {"step": 29, "duration_ms": 115.40021700000125}], "denoise_ms": 3540.185933000032, "pixel_sha256": "2c12b2376dadcaac1f4b074f169b81ba15f9cf19b07832c21232fd220fe7a20c", "mode": "RGB", "png_sha256": "17057f6295cd6cf1a2affc7c2c8ae45889199edf9bde129a4a3dc1b15f9e212d", "source_sha256": "ae62fe965c2facdf224aa164a5002dc5bd2e403a48fb51cf6094179b4d254013"}
RUN ['sglang', 'generate', '--model-path', '/vol/hf-cache/hub/models--circlestone-labs--Anima-Base-v1.0-Diffusers/snapshots/073c3a9db359c31ad0e8aa268d15775473c2176c', '--model-id', 'circlestone-labs/Anima-Base-v1.0-Diffusers', '--revision', '073c3a9db359c31ad0e8aa268d15775473c2176c', '--num-gpus', '1', '--enable-torch-compile=false', '--enable-breakable-cuda-graph=false', '--performance-mode=speed', '--attention-backend', 'fa', '--width', '1024', '--height', '1024', '--num-inference-steps', '30', '--guidance-scale', '4', '--negative-prompt', '', '--prompt', 'masterpiece, best quality, safe, watercolor landscape, a quiet seaside village at sunset', '--seed', '42', '--generator-device', 'cpu', '--quality', 'lossless', '--save-output', '--warmup-mode', 'request', '--warmup-steps', '1', '--perf-dump-path', '/results/anima-20261003T224511Z-017ed58d/03-candidate/perf.json', '--output-path', '/results/anima-20261003T224511Z-017ed58d/03-candidate/outputs', '--output-file-name', 'sample']
Flax classes are deprecated and will be removed in Diffusers v1.0.0. We recommend migrating to PyTorch classes or pinning your version of Diffusers.
Flax classes are deprecated and will be removed in Diffusers v1.0.0. We recommend migrating to PyTorch classes or pinning your version of Diffusers.
--model-id 'circlestone-labs/Anima-Base-v1.0-Diffusers' did not match any registered model; falling back to automatic detection.
[10-03 22:51:52] Applying performance_mode=speed
[10-03 22:51:52] server_args: {"model_path": "/vol/hf-cache/hub/models--circlestone-labs--Anima-Base-v1.0-Diffusers/snapshots/073c3a9db359c31ad0e8aa268d15775473c2176c", "model_subfolder": null, "model_variant": null, "model_id": "circlestone-labs/Anima-Base-v1.0-Diffusers", "served_model_name": "circlestone-labs/Anima-Base-v1.0-Diffusers", "backend": "auto", "attention_backend": "fa", "enable_attention_backend_autotune": false, "attention_backend_config": {}, "component_attention_backends": {}, "cache_dit_config": null, "nccl_port": null, "enable_nccl_nvls": false, "trust_remote_code": false, "revision": "073c3a9db359c31ad0e8aa268d15775473c2176c", "num_gpus": 1, "performance_mode": "speed", "base_gpu_id": 0, "gpu_ids": null, "nnodes": 1, "node_rank": 0, "dist_init_addr": null, "tp_size": 1, "sp_degree": 1, "ulysses_degree": 1, "ring_degree": 1, "kv_gather_degree": 1, "sp_split_auto": false, "dp_size": 1, "enable_cfg_parallel": false, "cfg_parallel_degree": 1, "encoder_parallel": "auto", "hsdp_replicate_dim": 1, "hsdp_shard_dim": 1, "dist_timeout": 3600, "scheduler_rpc_timeout": null, "pipeline_class_name": null, "lora_path": null, "lora_nickname": "default", "lora_scale": 1.0, "lora_alpha": null, "lora_merge_mode": "auto", "lora_weight_name": null, "component_paths": {}, "component_weights_paths": {}, "component_direct_gpu_weight_loading": {}, "component_quantizations": {}, "component_precisions": {}, "component_quantization_ignored_layers": {}, "load_diffusion_decoder": false, "transformer_weights_path": null, "minimax_h3_adaln_cache_path": null, "minimax_h3_adaln_online": false, "minimax_h3_adaln_plan_width": 4, "minimax_h3_adaln_host_cache_gb": 8.0, "quantization": null, "quantization_ignored_layers": null, "lora_target_modules": null, "component_residency": null, "cpu_offload_components": null, "dit_cpu_offload": false, "direct_gpu_weight_loading": false, "dit_layerwise_offload": false, "layerwise_offload_components": null, "dit_offload_prefetch_size": 0.0, "dit_layerwise_resident_layers": 0.0, "dit_layerwise_residency_policy": "leading", "dit_layerwise_residency_lifetime": "forward", "layerwise_prefetch_size": {}, "layerwise_resident_layers": {}, "layerwise_residency_policy": {}, "layerwise_residency_lifetime": {}, "offload_during_compile": true, "text_encoder_cpu_offload": false, "image_encoder_cpu_offload": false, "vae_cpu_offload": false, "use_fsdp_inference": false, "pin_cpu_memory": true, "ltx2_two_stage_device_mode": null, "comfyui_mode": false, "enable_torch_compile": false, "regional_compile": false, "enable_breakable_cuda_graph": false, "bcg_text_buckets": null, "enable_layerwise_nvtx_marker": false, "warmup_mode": "request", "warmup_resolutions": null, "warmup_num_frames": null, "warmup_steps": 1, "warmup_sampling_params": null, "disable_autocast": true, "master_port": 30005, "host": "127.0.0.1", "port": 30000, "enable_metrics": false, "webui": false, "webui_port": 12312, "scheduler_port": 5634, "scheduler_ports": [5634], "batching_mode": "dynamic", "batching_max_size": 1, "batching_delay_ms": 0.0, "batching_config": null, "enable_batching_metrics": false, "strict_ports": false, "output_path": "/results/anima-20261003T224511Z-017ed58d/03-candidate/outputs", "input_save_path": "inputs/uploads", "prompt_file_path": null, "model_paths": {}, "model_loaded": {"transformer": true, "vae": true, "video_vae": true, "audio_vae": true, "video_dit": true, "audio_dit": true, "dual_tower_bridge": true}, "boundary_ratio": null, "disagg_role": "monolithic", "disagg_timeout": 3600, "disagg_downstream_wait_timeout": 1800, "disagg_dispatch_policy": "round_robin", "disagg_mode": false, "disagg_instance_id": 0, "disagg_max_slots_per_instance": 8, "disagg_transfer_redundancy": 1.25, "disagg_role_device": "auto", "disagg_transfer_backend": "auto", "disagg_transfer_pool_size": 268435456, "disagg_transfer_pin_memory": "auto", "disagg_p2p_hostname": "127.0.0.1", "disagg_ib_device": null, "disagg_server_addr": null, "encoder_urls": null, "denoiser_urls": null, "decoder_urls": null, "encoder_tp": null, "denoiser_tp": null, "denoiser_sp": null, "denoiser_ulysses": null, "denoiser_ring": null, "decoder_sp": null, "pool_work_endpoint": null, "pool_result_endpoint": null, "pool_control_endpoint": null, "pool_control_advertised_endpoint": null, "log_level": "info", "log_requests": false, "log_requests_level": 2, "log_requests_format": "text", "log_requests_target": null, "uvicorn_access_log_exclude_prefixes": [], "enable_cache_report": false, "enable_trace": false, "otlp_traces_endpoint": "localhost:4317", "otlp_service_name": null, "srt_encoder_url": null, "srt_encoder_connect_timeout": 3.05, "srt_encoder_timeout": 100, "pe_server_url": null, "prompt_enhancer_config": null}
[10-03 22:51:52] Diffusers version: 0.39.0.dev0
[10-03 22:51:52] Local mode: True
[10-03 22:51:52] Starting server...
Flax classes are deprecated and will be removed in Diffusers v1.0.0. We recommend migrating to PyTorch classes or pinning your version of Diffusers.
Flax classes are deprecated and will be removed in Diffusers v1.0.0. We recommend migrating to PyTorch classes or pinning your version of Diffusers.
[10-03 22:52:24] Scheduler (dp replica 0) bind at endpoint: tcp://127.0.0.1:5634
[10-03 22:52:25] torch.compile cache: TORCHINDUCTOR_CACHE_DIR=/root/.cache/sgl_diffusion/torch_compile_cache/inductor TRITON_CACHE_DIR=/root/.cache/sgl_diffusion/torch_compile_cache/triton
[10-03 22:52:25] Initializing distributed environment with world_size=1, device=cuda:0, timeout=3600
[10-03 22:52:25] Setting distributed timeout to 3600 seconds
[10-03 22:52:25] No pipeline_class_name specified, using model_index.json
[10-03 22:52:28] Diffusers version: 0.39.0.dev0
[93m[10-03 22:52:28] --model-id 'circlestone-labs/Anima-Base-v1.0-Diffusers' did not match any registered model; falling back to automatic detection.[0;0m
[10-03 22:52:28] Using pipeline from model_index.json: AnimaPipeline
[10-03 22:52:28] Loading pipeline modules...
[10-03 22:52:28] Model already exists locally and is complete
[10-03 22:52:28] Model path: /vol/hf-cache/hub/models--circlestone-labs--Anima-Base-v1.0-Diffusers/snapshots/073c3a9db359c31ad0e8aa268d15775473c2176c
[10-03 22:52:28] Diffusers version: 0.39.0.dev0
[10-03 22:52:28] Loading pipeline modules from config: {'_class_name': 'AnimaModularPipeline', '_diffusers_version': '0.39.0.dev0', 'scheduler': ['diffusers', 'FlowMatchEulerDiscreteScheduler'], 't5_tokenizer': ['transformers', 'T5Tokenizer'], 'text_conditioner': ['diffusers', 'AnimaTextConditioner'], 'text_encoder': ['transformers', 'Qwen3Model'], 'tokenizer': ['transformers', 'Qwen2Tokenizer'], 'transformer': ['diffusers', 'CosmosTransformer3DModel'], 'vae': ['diffusers', 'AutoencoderKLQwenImage']}
[10-03 22:52:28] Loading required components: ['text_encoder', 'tokenizer', 't5_tokenizer', 'text_conditioner', 'vae', 'transformer', 'scheduler']
[10-03 22:52:28] Memory-aware component load order: ['transformer', 'text_encoder', 'text_conditioner', 'vae', 'tokenizer', 't5_tokenizer', 'scheduler']

Loading required modules:   0%|          | 0/7 [00:00<?, ?it/s][10-03 22:52:28] Loading transformer from /vol/hf-cache/hub/models--circlestone-labs--Anima-Base-v1.0-Diffusers/snapshots/073c3a9db359c31ad0e8aa268d15775473c2176c/transformer. avail mem: 138.65 GB
[10-03 22:52:28] Loading CosmosTransformer3DModel from 1 safetensors file(s) , param_dtype: torch.bfloat16


Loading safetensors checkpoint shards: 0%|          | 0/1[A
Loading safetensors checkpoint shards: 100%|██████████| 1/1
[10-03 22:52:29] Attention backends for transformer: fa
[10-03 22:52:29] Loaded transformer: AnimaTransformer3DModel (sgl-diffusion version). model size: 3.64 GB, vram: 3.64 GB. avail GPU mem: 134.93 GB

Loading required modules:  14%|█▍        | 1/7 [00:01<00:08,  1.37s/it][10-03 22:52:29] Loading text_encoder from /vol/hf-cache/hub/models--circlestone-labs--Anima-Base-v1.0-Diffusers/snapshots/073c3a9db359c31ad0e8aa268d15775473c2176c/text_encoder. avail mem: 134.93 GB


Loading safetensors checkpoint shards: 0%|          | 0/1[A

Loading safetensors checkpoint shards: 100%|██████████| 1/1[A
Loading safetensors checkpoint shards: 100%|██████████| 1/1
[10-03 22:52:30] Attention backends for text_encoder: fa
[10-03 22:52:30] Loaded text_encoder: Qwen3ForCausalLM (sgl-diffusion version). model size: 1.12 GB, vram: 1.12 GB. avail GPU mem: 133.77 GB

Loading required modules:  29%|██▊       | 2/7 [00:02<00:05,  1.04s/it][10-03 22:52:30] Loading text_conditioner from /vol/hf-cache/hub/models--circlestone-labs--Anima-Base-v1.0-Diffusers/snapshots/073c3a9db359c31ad0e8aa268d15775473c2176c/text_conditioner. avail mem: 133.77 GB


Loading safetensors checkpoint shards: 0%|          | 0/1[A
Loading safetensors checkpoint shards: 100%|██████████| 1/1
[10-03 22:52:30] Attention backends for text_conditioner: fa
[10-03 22:52:30] Loaded text_conditioner: AnimaTextConditioner (sgl-diffusion version). model size: 0.25 GB, vram: 0.25 GB. avail GPU mem: 133.59 GB

Loading required modules:  43%|████▎     | 3/7 [00:02<00:02,  1.49it/s][10-03 22:52:30] Loading vae from /vol/hf-cache/hub/models--circlestone-labs--Anima-Base-v1.0-Diffusers/snapshots/073c3a9db359c31ad0e8aa268d15775473c2176c/vae. avail mem: 133.59 GB
[10-03 22:52:30] Qwen-Image VAE: installed quality-gated fast path (29 RMSNorm+SiLU fusions, 3 channels_last upsamples).
[10-03 22:52:30] Loaded vae: AutoencoderKLQwenImage (sgl-diffusion version). model size: 0.24 GB, vram: 0.24 GB. avail GPU mem: 133.31 GB

Loading required modules:  57%|█████▋    | 4/7 [00:02<00:01,  1.96it/s][10-03 22:52:30] Loading tokenizer from /vol/hf-cache/hub/models--circlestone-labs--Anima-Base-v1.0-Diffusers/snapshots/073c3a9db359c31ad0e8aa268d15775473c2176c/tokenizer. avail mem: 133.31 GB
[10-03 22:52:32] Loaded tokenizer: Qwen2Tokenizer (sgl-diffusion version). model size: NA GB, weights: none. avail GPU mem: 133.31 GB

Loading required modules:  71%|███████▏  | 5/7 [00:03<00:01,  1.24it/s][10-03 22:52:32] Loading t5_tokenizer from /vol/hf-cache/hub/models--circlestone-labs--Anima-Base-v1.0-Diffusers/snapshots/073c3a9db359c31ad0e8aa268d15775473c2176c/t5_tokenizer. avail mem: 133.31 GB
[10-03 22:52:32] Loaded t5_tokenizer: T5Tokenizer (sgl-diffusion version). model size: NA GB, weights: none. avail GPU mem: 133.31 GB

Loading required modules:  86%|████████▌ | 6/7 [00:04<00:00,  1.71it/s][10-03 22:52:32] Loading scheduler from /vol/hf-cache/hub/models--circlestone-labs--Anima-Base-v1.0-Diffusers/snapshots/073c3a9db359c31ad0e8aa268d15775473c2176c/scheduler. avail mem: 133.31 GB
[10-03 22:52:32] Loaded scheduler: FlowMatchEulerDiscreteScheduler (sgl-diffusion version). model size: NA GB, weights: none. avail GPU mem: 133.31 GB

Loading required modules: 100%|██████████| 7/7 [00:04<00:00,  1.68it/s]
[10-03 22:52:32] Creating pipeline stages...
[10-03 22:52:32] Using fa attention backend
[10-03 22:52:32] Pipeline instantiated
[10-03 22:52:32] Worker 0: Initialized device, model, and distributed environment.
[10-03 22:52:32] Worker 0: Scheduler loop started.
[10-03 22:52:32] [server-load] workers_ready_monotonic_ns=449889369927
[10-03 22:52:32] Processing 1 grouped request(s)

Warmup requests:   0%|          | 0/1 [00:00<?, ?req/s]
Warmup requests: 100%|██████████| 1/1 [00:03<00:00,  3.55s/req, warmup req (1024x1024, 1/30 steps), last=3.55s]
Warmup requests: 100%|██████████| 1/1 [00:03<00:00,  3.55s/req, warmup req (1024x1024, 1/30 steps), last=3.55s]
[10-03 22:52:35] The server is fired up and ready to roll!
[10-03 22:52:35] Sampling params:
                       width: 1024
                      height: 1024
                  num_frames: 1
                         fps: 24
                      prompt: <redacted, len=88>
                  neg_prompt: <redacted, len=0>
                        seed: 42
                 infer_steps: 30
      num_outputs_per_prompt: 1
              guidance_scale: 4.0
     embedded_guidance_scale: 6.0
                    n_tokens: None
                  flow_shift: None
                  image_path: None
                 save_output: True
            output_file_path: /results/anima-20261003T224511Z-017ed58d/03-candidate/outputs/sample.png
        
[10-03 22:52:35] Running pipeline stages: ['InputValidationStage', 'TextEncodingStage', 'AnimaTextConditioningStage', 'TimestepPreparationStage', 'LatentPreparationStage', 'denoising_stage', 'decoding_stage']
[10-03 22:52:35] [InputValidationStage] started...
[10-03 22:52:35] [InputValidationStage] finished in 0.0000 seconds
[10-03 22:52:35] [TextEncodingStage] started...
[10-03 22:52:35] [TextEncodingStage] finished in 0.0356 seconds
[10-03 22:52:35] [AnimaTextConditioningStage] started...
[10-03 22:52:35] [AnimaTextConditioningStage] finished in 0.0160 seconds
[10-03 22:52:35] [TimestepPreparationStage] started...
[10-03 22:52:35] [TimestepPreparationStage] finished in 0.0007 seconds
[10-03 22:52:35] [LatentPreparationStage] started...
[10-03 22:52:35] [LatentPreparationStage] finished in 0.0020 seconds
[10-03 22:52:35] [DenoisingStage] started...

  0%|          | 0/30 [00:00<?, ?it/s]
  3%|▎         | 1/30 [00:00<00:03,  8.47it/s]
  7%|▋         | 2/30 [00:00<00:03,  8.49it/s]
 10%|█         | 3/30 [00:00<00:03,  8.49it/s]
 13%|█▎        | 4/30 [00:00<00:03,  8.41it/s]
 17%|█▋        | 5/30 [00:00<00:02,  8.38it/s]
 20%|██        | 6/30 [00:00<00:02,  8.46it/s]
 23%|██▎       | 7/30 [00:00<00:02,  8.46it/s]
 27%|██▋       | 8/30 [00:00<00:02,  8.52it/s]
 30%|███       | 9/30 [00:01<00:02,  8.50it/s]
 33%|███▎      | 10/30 [00:01<00:02,  8.49it/s]
 37%|███▋      | 11/30 [00:01<00:02,  8.48it/s]
 40%|████      | 12/30 [00:01<00:02,  8.46it/s]
 43%|████▎     | 13/30 [00:01<00:02,  8.46it/s]
 47%|████▋     | 14/30 [00:01<00:01,  8.43it/s]
 50%|█████     | 15/30 [00:01<00:01,  8.39it/s]
 53%|█████▎    | 16/30 [00:01<00:01,  8.43it/s]
 57%|█████▋    | 17/30 [00:02<00:01,  8.39it/s]
 60%|██████    | 18/30 [00:02<00:01,  8.40it/s]
 63%|██████▎   | 19/30 [00:02<00:01,  8.37it/s]
 67%|██████▋   | 20/30 [00:02<00:01,  8.37it/s]
 70%|███████   | 21/30 [00:02<00:01,  8.43it/s]
 73%|███████▎  | 22/30 [00:02<00:00,  8.40it/s]
 77%|███████▋  | 23/30 [00:02<00:00,  8.41it/s]
 80%|████████  | 24/30 [00:02<00:00,  8.40it/s]
 83%|████████▎ | 25/30 [00:02<00:00,  8.48it/s]
 87%|████████▋ | 26/30 [00:03<00:00,  8.40it/s]
 90%|█████████ | 27/30 [00:03<00:00,  8.40it/s]
 93%|█████████▎| 28/30 [00:03<00:00,  8.36it/s]
 97%|█████████▋| 29/30 [00:03<00:00,  8.43it/s]
100%|██████████| 30/30 [00:03<00:00,  8.46it/s]
100%|██████████| 30/30 [00:03<00:00,  8.43it/s]
[10-03 22:52:39] [DenoisingStage] average time per step: 0.1186 seconds
[10-03 22:52:39] [DenoisingStage] finished in 3.5601 seconds
[10-03 22:52:39] [DecodingStage] started...
[10-03 22:52:39] [DecodingStage] finished in 0.3643 seconds
[10-03 22:52:40] Output saved to [1;36m/results/anima-20261003T224511Z-017ed58d/03-candidate/outputs/sample.png[0;0m
[10-03 22:52:40] Metrics dumped to: [1;36m/results/anima-20261003T224511Z-017ed58d/03-candidate/perf.json[0;0m
[10-03 22:52:40] Pixel data generated successfully in [92m7.85[0;0m seconds
[10-03 22:52:40] Warmed-up request processed in [92m3.99[0;0m seconds (with warmup excluded)
[10-03 22:52:40] Memory usage - Max peak: 5870.00 MB, Avg peak: 5870.00 MB
[10-03 22:52:40] Metrics dumped to: [1;36m/results/anima-20261003T224511Z-017ed58d/03-candidate/perf.json[0;0m
[93m[10-03 22:52:40] Generator was garbage collected without being shut down. Forcing local server and client cleanup.[0;0m
[93m[10-03 22:52:40] Local worker sglang-diffusionWorker-0 did not terminate gracefully, forcing.[0;0m
/usr/lib/python3.12/multiprocessing/resource_tracker.py:254: UserWarning: resource_tracker: There appear to be 1 leaked semaphore objects to clean up at shutdown
  warnings.warn('resource_tracker: There appear to be %d '
RESULT {"label": "03-candidate", "variant": "candidate", "profile": false, "seed": 42, "size": 1024, "steps": 30, "command": ["sglang", "generate", "--model-path", "/vol/hf-cache/hub/models--circlestone-labs--Anima-Base-v1.0-Diffusers/snapshots/073c3a9db359c31ad0e8aa268d15775473c2176c", "--model-id", "circlestone-labs/Anima-Base-v1.0-Diffusers", "--revision", "073c3a9db359c31ad0e8aa268d15775473c2176c", "--num-gpus", "1", "--enable-torch-compile=false", "--enable-breakable-cuda-graph=false", "--performance-mode=speed", "--attention-backend", "fa", "--width", "1024", "--height", "1024", "--num-inference-steps", "30", "--guidance-scale", "4", "--negative-prompt", "", "--prompt", "masterpiece, best quality, safe, watercolor landscape, a quiet seaside village at sunset", "--seed", "42", "--generator-device", "cpu", "--quality", "lossless", "--save-output", "--warmup-mode", "request", "--warmup-steps", "1", "--perf-dump-path", "/results/anima-20261003T224511Z-017ed58d/03-candidate/perf.json", "--output-path", "/results/anima-20261003T224511Z-017ed58d/03-candidate/outputs", "--output-file-name", "sample"], "total_duration_ms": 3987.4288460000002, "denoise_steps_ms": [{"step": 0, "duration_ms": 118.19803000003049}, {"step": 1, "duration_ms": 117.4857660000157}, {"step": 2, "duration_ms": 117.80333200005089}, {"step": 3, "duration_ms": 120.62414100000751}, {"step": 4, "duration_ms": 119.95219400000678}, {"step": 5, "duration_ms": 115.77613700001166}, {"step": 6, "duration_ms": 118.39171600001919}, {"step": 7, "duration_ms": 115.60132300002124}, {"step": 8, "duration_ms": 118.35926399999153}, {"step": 9, "duration_ms": 117.76851400003352}, {"step": 10, "duration_ms": 118.57810900005461}, {"step": 11, "duration_ms": 118.54168800005027}, {"step": 12, "duration_ms": 118.07194199997184}, {"step": 13, "duration_ms": 119.96499800000038}, {"step": 14, "duration_ms": 120.23586300000488}, {"step": 15, "duration_ms": 117.317958000001}, {"step": 16, "duration_ms": 120.3231149999624}, {"step": 17, "duration_ms": 118.82595600002333}, {"step": 18, "duration_ms": 120.47646700000314}, {"step": 19, "duration_ms": 119.49626900002386}, {"step": 20, "duration_ms": 116.57081799995694}, {"step": 21, "duration_ms": 119.80274299997973}, {"step": 22, "duration_ms": 118.74855199999956}, {"step": 23, "duration_ms": 119.09841900001084}, {"step": 24, "duration_ms": 115.62123400000246}, {"step": 25, "duration_ms": 121.47947399995473}, {"step": 26, "duration_ms": 118.9715869999759}, {"step": 27, "duration_ms": 120.81246100001408}, {"step": 28, "duration_ms": 116.43600799999376}, {"step": 29, "duration_ms": 117.2523730000421}], "denoise_ms": 3556.5864510002143, "pixel_sha256": "2c12b2376dadcaac1f4b074f169b81ba15f9cf19b07832c21232fd220fe7a20c", "mode": "RGB", "png_sha256": "17057f6295cd6cf1a2affc7c2c8ae45889199edf9bde129a4a3dc1b15f9e212d", "source_sha256": "ae62fe965c2facdf224aa164a5002dc5bd2e403a48fb51cf6094179b4d254013"}
RUN ['sglang', 'generate', '--model-path', '/vol/hf-cache/hub/models--circlestone-labs--Anima-Base-v1.0-Diffusers/snapshots/073c3a9db359c31ad0e8aa268d15775473c2176c', '--model-id', 'circlestone-labs/Anima-Base-v1.0-Diffusers', '--revision', '073c3a9db359c31ad0e8aa268d15775473c2176c', '--num-gpus', '1', '--enable-torch-compile=false', '--enable-breakable-cuda-graph=false', '--performance-mode=speed', '--attention-backend', 'fa', '--width', '1024', '--height', '1024', '--num-inference-steps', '30', '--guidance-scale', '4', '--negative-prompt', '', '--prompt', 'masterpiece, best quality, safe, watercolor landscape, a quiet seaside village at sunset', '--seed', '42', '--generator-device', 'cpu', '--quality', 'lossless', '--save-output', '--warmup-mode', 'request', '--warmup-steps', '1', '--perf-dump-path', '/results/anima-20261003T224511Z-017ed58d/04-baseline/perf.json', '--output-path', '/results/anima-20261003T224511Z-017ed58d/04-baseline/outputs', '--output-file-name', 'sample']
Flax classes are deprecated and will be removed in Diffusers v1.0.0. We recommend migrating to PyTorch classes or pinning your version of Diffusers.
Flax classes are deprecated and will be removed in Diffusers v1.0.0. We recommend migrating to PyTorch classes or pinning your version of Diffusers.
--model-id 'circlestone-labs/Anima-Base-v1.0-Diffusers' did not match any registered model; falling back to automatic detection.
[10-03 22:53:20] Applying performance_mode=speed
[10-03 22:53:20] server_args: {"model_path": "/vol/hf-cache/hub/models--circlestone-labs--Anima-Base-v1.0-Diffusers/snapshots/073c3a9db359c31ad0e8aa268d15775473c2176c", "model_subfolder": null, "model_variant": null, "model_id": "circlestone-labs/Anima-Base-v1.0-Diffusers", "served_model_name": "circlestone-labs/Anima-Base-v1.0-Diffusers", "backend": "auto", "attention_backend": "fa", "enable_attention_backend_autotune": false, "attention_backend_config": {}, "component_attention_backends": {}, "cache_dit_config": null, "nccl_port": null, "enable_nccl_nvls": false, "trust_remote_code": false, "revision": "073c3a9db359c31ad0e8aa268d15775473c2176c", "num_gpus": 1, "performance_mode": "speed", "base_gpu_id": 0, "gpu_ids": null, "nnodes": 1, "node_rank": 0, "dist_init_addr": null, "tp_size": 1, "sp_degree": 1, "ulysses_degree": 1, "ring_degree": 1, "kv_gather_degree": 1, "sp_split_auto": false, "dp_size": 1, "enable_cfg_parallel": false, "cfg_parallel_degree": 1, "encoder_parallel": "auto", "hsdp_replicate_dim": 1, "hsdp_shard_dim": 1, "dist_timeout": 3600, "scheduler_rpc_timeout": null, "pipeline_class_name": null, "lora_path": null, "lora_nickname": "default", "lora_scale": 1.0, "lora_alpha": null, "lora_merge_mode": "auto", "lora_weight_name": null, "component_paths": {}, "component_weights_paths": {}, "component_direct_gpu_weight_loading": {}, "component_quantizations": {}, "component_precisions": {}, "component_quantization_ignored_layers": {}, "load_diffusion_decoder": false, "transformer_weights_path": null, "minimax_h3_adaln_cache_path": null, "minimax_h3_adaln_online": false, "minimax_h3_adaln_plan_width": 4, "minimax_h3_adaln_host_cache_gb": 8.0, "quantization": null, "quantization_ignored_layers": null, "lora_target_modules": null, "component_residency": null, "cpu_offload_components": null, "dit_cpu_offload": false, "direct_gpu_weight_loading": false, "dit_layerwise_offload": false, "layerwise_offload_components": null, "dit_offload_prefetch_size": 0.0, "dit_layerwise_resident_layers": 0.0, "dit_layerwise_residency_policy": "leading", "dit_layerwise_residency_lifetime": "forward", "layerwise_prefetch_size": {}, "layerwise_resident_layers": {}, "layerwise_residency_policy": {}, "layerwise_residency_lifetime": {}, "offload_during_compile": true, "text_encoder_cpu_offload": false, "image_encoder_cpu_offload": false, "vae_cpu_offload": false, "use_fsdp_inference": false, "pin_cpu_memory": true, "ltx2_two_stage_device_mode": null, "comfyui_mode": false, "enable_torch_compile": false, "regional_compile": false, "enable_breakable_cuda_graph": false, "bcg_text_buckets": null, "enable_layerwise_nvtx_marker": false, "warmup_mode": "request", "warmup_resolutions": null, "warmup_num_frames": null, "warmup_steps": 1, "warmup_sampling_params": null, "disable_autocast": true, "master_port": 30005, "host": "127.0.0.1", "port": 30000, "enable_metrics": false, "webui": false, "webui_port": 12312, "scheduler_port": 5633, "scheduler_ports": [5633], "batching_mode": "dynamic", "batching_max_size": 1, "batching_delay_ms": 0.0, "batching_config": null, "enable_batching_metrics": false, "strict_ports": false, "output_path": "/results/anima-20261003T224511Z-017ed58d/04-baseline/outputs", "input_save_path": "inputs/uploads", "prompt_file_path": null, "model_paths": {}, "model_loaded": {"transformer": true, "vae": true, "video_vae": true, "audio_vae": true, "video_dit": true, "audio_dit": true, "dual_tower_bridge": true}, "boundary_ratio": null, "disagg_role": "monolithic", "disagg_timeout": 3600, "disagg_downstream_wait_timeout": 1800, "disagg_dispatch_policy": "round_robin", "disagg_mode": false, "disagg_instance_id": 0, "disagg_max_slots_per_instance": 8, "disagg_transfer_redundancy": 1.25, "disagg_role_device": "auto", "disagg_transfer_backend": "auto", "disagg_transfer_pool_size": 268435456, "disagg_transfer_pin_memory": "auto", "disagg_p2p_hostname": "127.0.0.1", "disagg_ib_device": null, "disagg_server_addr": null, "encoder_urls": null, "denoiser_urls": null, "decoder_urls": null, "encoder_tp": null, "denoiser_tp": null, "denoiser_sp": null, "denoiser_ulysses": null, "denoiser_ring": null, "decoder_sp": null, "pool_work_endpoint": null, "pool_result_endpoint": null, "pool_control_endpoint": null, "pool_control_advertised_endpoint": null, "log_level": "info", "log_requests": false, "log_requests_level": 2, "log_requests_format": "text", "log_requests_target": null, "uvicorn_access_log_exclude_prefixes": [], "enable_cache_report": false, "enable_trace": false, "otlp_traces_endpoint": "localhost:4317", "otlp_service_name": null, "srt_encoder_url": null, "srt_encoder_connect_timeout": 3.05, "srt_encoder_timeout": 100, "pe_server_url": null, "prompt_enhancer_config": null}
[10-03 22:53:20] Diffusers version: 0.39.0.dev0
[10-03 22:53:21] Local mode: True
[10-03 22:53:21] Starting server...
Flax classes are deprecated and will be removed in Diffusers v1.0.0. We recommend migrating to PyTorch classes or pinning your version of Diffusers.
Flax classes are deprecated and will be removed in Diffusers v1.0.0. We recommend migrating to PyTorch classes or pinning your version of Diffusers.
[10-03 22:53:53] Scheduler (dp replica 0) bind at endpoint: tcp://127.0.0.1:5633
[10-03 22:53:53] torch.compile cache: TORCHINDUCTOR_CACHE_DIR=/root/.cache/sgl_diffusion/torch_compile_cache/inductor TRITON_CACHE_DIR=/root/.cache/sgl_diffusion/torch_compile_cache/triton
[10-03 22:53:53] Initializing distributed environment with world_size=1, device=cuda:0, timeout=3600
[10-03 22:53:53] Setting distributed timeout to 3600 seconds
[10-03 22:53:54] No pipeline_class_name specified, using model_index.json
[10-03 22:53:56] Diffusers version: 0.39.0.dev0
[93m[10-03 22:53:56] --model-id 'circlestone-labs/Anima-Base-v1.0-Diffusers' did not match any registered model; falling back to automatic detection.[0;0m
[10-03 22:53:56] Using pipeline from model_index.json: AnimaPipeline
[10-03 22:53:56] Loading pipeline modules...
[10-03 22:53:56] Model already exists locally and is complete
[10-03 22:53:56] Model path: /vol/hf-cache/hub/models--circlestone-labs--Anima-Base-v1.0-Diffusers/snapshots/073c3a9db359c31ad0e8aa268d15775473c2176c
[10-03 22:53:56] Diffusers version: 0.39.0.dev0
[10-03 22:53:56] Loading pipeline modules from config: {'_class_name': 'AnimaModularPipeline', '_diffusers_version': '0.39.0.dev0', 'scheduler': ['diffusers', 'FlowMatchEulerDiscreteScheduler'], 't5_tokenizer': ['transformers', 'T5Tokenizer'], 'text_conditioner': ['diffusers', 'AnimaTextConditioner'], 'text_encoder': ['transformers', 'Qwen3Model'], 'tokenizer': ['transformers', 'Qwen2Tokenizer'], 'transformer': ['diffusers', 'CosmosTransformer3DModel'], 'vae': ['diffusers', 'AutoencoderKLQwenImage']}
[10-03 22:53:56] Loading required components: ['text_encoder', 'tokenizer', 't5_tokenizer', 'text_conditioner', 'vae', 'transformer', 'scheduler']
[10-03 22:53:56] Memory-aware component load order: ['transformer', 'text_encoder', 'text_conditioner', 'vae', 'tokenizer', 't5_tokenizer', 'scheduler']

Loading required modules:   0%|          | 0/7 [00:00<?, ?it/s][10-03 22:53:56] Loading transformer from /vol/hf-cache/hub/models--circlestone-labs--Anima-Base-v1.0-Diffusers/snapshots/073c3a9db359c31ad0e8aa268d15775473c2176c/transformer. avail mem: 138.65 GB
[10-03 22:53:56] Loading CosmosTransformer3DModel from 1 safetensors file(s) , param_dtype: torch.bfloat16


Loading safetensors checkpoint shards: 0%|          | 0/1[A
Loading safetensors checkpoint shards: 100%|██████████| 1/1
[10-03 22:53:58] Attention backends for transformer: fa
[10-03 22:53:58] Loaded transformer: AnimaTransformer3DModel (sgl-diffusion version). model size: 3.64 GB, vram: 3.64 GB. avail GPU mem: 134.93 GB

Loading required modules:  14%|█▍        | 1/7 [00:01<00:07,  1.28s/it][10-03 22:53:58] Loading text_encoder from /vol/hf-cache/hub/models--circlestone-labs--Anima-Base-v1.0-Diffusers/snapshots/073c3a9db359c31ad0e8aa268d15775473c2176c/text_encoder. avail mem: 134.93 GB


Loading safetensors checkpoint shards: 0%|          | 0/1[A

Loading safetensors checkpoint shards: 100%|██████████| 1/1[A
Loading safetensors checkpoint shards: 100%|██████████| 1/1
[10-03 22:53:58] Attention backends for text_encoder: fa
[10-03 22:53:58] Loaded text_encoder: Qwen3ForCausalLM (sgl-diffusion version). model size: 1.12 GB, vram: 1.12 GB. avail GPU mem: 133.77 GB

Loading required modules:  29%|██▊       | 2/7 [00:02<00:04,  1.04it/s][10-03 22:53:58] Loading text_conditioner from /vol/hf-cache/hub/models--circlestone-labs--Anima-Base-v1.0-Diffusers/snapshots/073c3a9db359c31ad0e8aa268d15775473c2176c/text_conditioner. avail mem: 133.77 GB


Loading safetensors checkpoint shards: 0%|          | 0/1[A
Loading safetensors checkpoint shards: 100%|██████████| 1/1
[10-03 22:53:59] Attention backends for text_conditioner: fa
[10-03 22:53:59] Loaded text_conditioner: AnimaTextConditioner (sgl-diffusion version). model size: 0.25 GB, vram: 0.25 GB. avail GPU mem: 133.59 GB

Loading required modules:  43%|████▎     | 3/7 [00:02<00:02,  1.60it/s][10-03 22:53:59] Loading vae from /vol/hf-cache/hub/models--circlestone-labs--Anima-Base-v1.0-Diffusers/snapshots/073c3a9db359c31ad0e8aa268d15775473c2176c/vae. avail mem: 133.59 GB
[10-03 22:53:59] Qwen-Image VAE: installed quality-gated fast path (29 RMSNorm+SiLU fusions, 3 channels_last upsamples).
[10-03 22:53:59] Loaded vae: AutoencoderKLQwenImage (sgl-diffusion version). model size: 0.24 GB, vram: 0.24 GB. avail GPU mem: 133.31 GB

Loading required modules:  57%|█████▋    | 4/7 [00:02<00:01,  2.11it/s][10-03 22:53:59] Loading tokenizer from /vol/hf-cache/hub/models--circlestone-labs--Anima-Base-v1.0-Diffusers/snapshots/073c3a9db359c31ad0e8aa268d15775473c2176c/tokenizer. avail mem: 133.31 GB
[10-03 22:54:00] Loaded tokenizer: Qwen2Tokenizer (sgl-diffusion version). model size: NA GB, weights: none. avail GPU mem: 133.31 GB

Loading required modules:  71%|███████▏  | 5/7 [00:03<00:01,  1.35it/s][10-03 22:54:00] Loading t5_tokenizer from /vol/hf-cache/hub/models--circlestone-labs--Anima-Base-v1.0-Diffusers/snapshots/073c3a9db359c31ad0e8aa268d15775473c2176c/t5_tokenizer. avail mem: 133.31 GB
[10-03 22:54:00] Loaded t5_tokenizer: T5Tokenizer (sgl-diffusion version). model size: NA GB, weights: none. avail GPU mem: 133.31 GB

Loading required modules:  86%|████████▌ | 6/7 [00:03<00:00,  1.84it/s][10-03 22:54:00] Loading scheduler from /vol/hf-cache/hub/models--circlestone-labs--Anima-Base-v1.0-Diffusers/snapshots/073c3a9db359c31ad0e8aa268d15775473c2176c/scheduler. avail mem: 133.31 GB
[10-03 22:54:00] Loaded scheduler: FlowMatchEulerDiscreteScheduler (sgl-diffusion version). model size: NA GB, weights: none. avail GPU mem: 133.31 GB

Loading required modules: 100%|██████████| 7/7 [00:03<00:00,  1.81it/s]
[10-03 22:54:00] Creating pipeline stages...
[10-03 22:54:00] Using fa attention backend
[10-03 22:54:00] Pipeline instantiated
[10-03 22:54:00] Worker 0: Initialized device, model, and distributed environment.
[10-03 22:54:00] Worker 0: Scheduler loop started.
[10-03 22:54:00] [server-load] workers_ready_monotonic_ns=538239801510
[10-03 22:54:00] Processing 1 grouped request(s)

Warmup requests:   0%|          | 0/1 [00:00<?, ?req/s]
Warmup requests: 100%|██████████| 1/1 [00:03<00:00,  3.62s/req, warmup req (1024x1024, 1/30 steps), last=3.62s]
Warmup requests: 100%|██████████| 1/1 [00:03<00:00,  3.62s/req, warmup req (1024x1024, 1/30 steps), last=3.62s]
[10-03 22:54:04] The server is fired up and ready to roll!
[10-03 22:54:04] Sampling params:
                       width: 1024
                      height: 1024
                  num_frames: 1
                         fps: 24
                      prompt: <redacted, len=88>
                  neg_prompt: <redacted, len=0>
                        seed: 42
                 infer_steps: 30
      num_outputs_per_prompt: 1
              guidance_scale: 4.0
     embedded_guidance_scale: 6.0
                    n_tokens: None
                  flow_shift: None
                  image_path: None
                 save_output: True
            output_file_path: /results/anima-20261003T224511Z-017ed58d/04-baseline/outputs/sample.png
        
[10-03 22:54:04] Running pipeline stages: ['InputValidationStage', 'TextEncodingStage', 'AnimaTextConditioningStage', 'TimestepPreparationStage', 'LatentPreparationStage', 'denoising_stage', 'decoding_stage']
[10-03 22:54:04] [InputValidationStage] started...
[10-03 22:54:04] [InputValidationStage] finished in 0.0000 seconds
[10-03 22:54:04] [TextEncodingStage] started...
[10-03 22:54:04] [TextEncodingStage] finished in 0.0350 seconds
[10-03 22:54:04] [AnimaTextConditioningStage] started...
[10-03 22:54:04] [AnimaTextConditioningStage] finished in 0.0162 seconds
[10-03 22:54:04] [TimestepPreparationStage] started...
[10-03 22:54:04] [TimestepPreparationStage] finished in 0.0004 seconds
[10-03 22:54:04] [LatentPreparationStage] started...
[10-03 22:54:04] [LatentPreparationStage] finished in 0.0025 seconds
[10-03 22:54:04] [DenoisingStage] started...

  0%|          | 0/30 [00:00<?, ?it/s]
  3%|▎         | 1/30 [00:00<00:03,  8.56it/s]
  7%|▋         | 2/30 [00:00<00:03,  8.82it/s]
 10%|█         | 3/30 [00:00<00:03,  8.78it/s]
 13%|█▎        | 4/30 [00:00<00:02,  8.73it/s]
 17%|█▋        | 5/30 [00:00<00:02,  8.78it/s]
 20%|██        | 6/30 [00:00<00:02,  8.78it/s]
 23%|██▎       | 7/30 [00:00<00:02,  8.79it/s]
 27%|██▋       | 8/30 [00:00<00:02,  8.89it/s]
 30%|███       | 9/30 [00:01<00:02,  8.83it/s]
 33%|███▎      | 10/30 [00:01<00:02,  8.83it/s]
 37%|███▋      | 11/30 [00:01<00:02,  8.78it/s]
 40%|████      | 12/30 [00:01<00:02,  8.77it/s]
 43%|████▎     | 13/30 [00:01<00:01,  8.74it/s]
 47%|████▋     | 14/30 [00:01<00:01,  8.84it/s]
 50%|█████     | 15/30 [00:01<00:01,  8.81it/s]
 53%|█████▎    | 16/30 [00:01<00:01,  8.90it/s]
 57%|█████▋    | 17/30 [00:01<00:01,  8.97it/s]
 60%|██████    | 18/30 [00:02<00:01,  8.84it/s]
 63%|██████▎   | 19/30 [00:02<00:01,  8.88it/s]
 67%|██████▋   | 20/30 [00:02<00:01,  8.87it/s]
 70%|███████   | 21/30 [00:02<00:01,  8.93it/s]
 73%|███████▎  | 22/30 [00:02<00:00,  8.79it/s]
 77%|███████▋  | 23/30 [00:02<00:00,  8.76it/s]
 80%|████████  | 24/30 [00:02<00:00,  8.83it/s]
 83%|████████▎ | 25/30 [00:02<00:00,  8.84it/s]
 87%|████████▋ | 26/30 [00:02<00:00,  8.79it/s]
 90%|█████████ | 27/30 [00:03<00:00,  8.83it/s]
 93%|█████████▎| 28/30 [00:03<00:00,  8.88it/s]
 97%|█████████▋| 29/30 [00:03<00:00,  8.84it/s]
100%|██████████| 30/30 [00:03<00:00,  8.80it/s]
100%|██████████| 30/30 [00:03<00:00,  8.82it/s]
[10-03 22:54:07] [DenoisingStage] average time per step: 0.1134 seconds
[10-03 22:54:07] [DenoisingStage] finished in 3.4032 seconds
[10-03 22:54:07] [DecodingStage] started...
[10-03 22:54:08] [DecodingStage] finished in 0.3648 seconds
[10-03 22:54:08] Output saved to [1;36m/results/anima-20261003T224511Z-017ed58d/04-baseline/outputs/sample.png[0;0m
[10-03 22:54:08] Metrics dumped to: [1;36m/results/anima-20261003T224511Z-017ed58d/04-baseline/perf.json[0;0m
[10-03 22:54:08] Pixel data generated successfully in [92m7.75[0;0m seconds
[10-03 22:54:08] Warmed-up request processed in [92m3.83[0;0m seconds (with warmup excluded)
[10-03 22:54:08] Memory usage - Max peak: 5870.00 MB, Avg peak: 5870.00 MB
[10-03 22:54:08] Metrics dumped to: [1;36m/results/anima-20261003T224511Z-017ed58d/04-baseline/perf.json[0;0m
[93m[10-03 22:54:08] Generator was garbage collected without being shut down. Forcing local server and client cleanup.[0;0m
[93m[10-03 22:54:08] Local worker sglang-diffusionWorker-0 did not terminate gracefully, forcing.[0;0m
/usr/lib/python3.12/multiprocessing/resource_tracker.py:254: UserWarning: resource_tracker: There appear to be 1 leaked semaphore objects to clean up at shutdown
  warnings.warn('resource_tracker: There appear to be %d '
RESULT {"label": "04-baseline", "variant": "baseline", "profile": false, "seed": 42, "size": 1024, "steps": 30, "command": ["sglang", "generate", "--model-path", "/vol/hf-cache/hub/models--circlestone-labs--Anima-Base-v1.0-Diffusers/snapshots/073c3a9db359c31ad0e8aa268d15775473c2176c", "--model-id", "circlestone-labs/Anima-Base-v1.0-Diffusers", "--revision", "073c3a9db359c31ad0e8aa268d15775473c2176c", "--num-gpus", "1", "--enable-torch-compile=false", "--enable-breakable-cuda-graph=false", "--performance-mode=speed", "--attention-backend", "fa", "--width", "1024", "--height", "1024", "--num-inference-steps", "30", "--guidance-scale", "4", "--negative-prompt", "", "--prompt", "masterpiece, best quality, safe, watercolor landscape, a quiet seaside village at sunset", "--seed", "42", "--generator-device", "cpu", "--quality", "lossless", "--save-output", "--warmup-mode", "request", "--warmup-steps", "1", "--perf-dump-path", "/results/anima-20261003T224511Z-017ed58d/04-baseline/perf.json", "--output-path", "/results/anima-20261003T224511Z-017ed58d/04-baseline/outputs", "--output-file-name", "sample"], "total_duration_ms": 3830.498422000005, "denoise_steps_ms": [{"step": 0, "duration_ms": 116.94970199994259}, {"step": 1, "duration_ms": 110.89934899996479}, {"step": 2, "duration_ms": 114.43472499991003}, {"step": 3, "duration_ms": 115.36789199999475}, {"step": 4, "duration_ms": 112.86409599995295}, {"step": 5, "duration_ms": 113.74789100000271}, {"step": 6, "duration_ms": 113.42085500007215}, {"step": 7, "duration_ms": 109.73143700005039}, {"step": 8, "duration_ms": 114.84557199992196}, {"step": 9, "duration_ms": 113.38521499999388}, {"step": 10, "duration_ms": 115.05962700005057}, {"step": 11, "duration_ms": 114.32763200002682}, {"step": 12, "duration_ms": 115.39990200003558}, {"step": 13, "duration_ms": 110.04061500000262}, {"step": 14, "duration_ms": 114.24717900001724}, {"step": 15, "duration_ms": 109.83522699996229}, {"step": 16, "duration_ms": 109.32910700000775}, {"step": 17, "duration_ms": 116.87323700004981}, {"step": 18, "duration_ms": 111.17399200009004}, {"step": 19, "duration_ms": 113.05718699998124}, {"step": 20, "duration_ms": 110.28014400005759}, {"step": 21, "duration_ms": 117.78144499999144}, {"step": 22, "duration_ms": 114.86859199999344}, {"step": 23, "duration_ms": 111.07605300003343}, {"step": 24, "duration_ms": 113.0777199999784}, {"step": 25, "duration_ms": 115.17016999994212}, {"step": 26, "duration_ms": 111.93663000005927}, {"step": 27, "duration_ms": 111.15216500002134}, {"step": 28, "duration_ms": 114.3538039999612}, {"step": 29, "duration_ms": 114.46732599995357}], "denoise_ms": 3399.154488000022, "pixel_sha256": "2c12b2376dadcaac1f4b074f169b81ba15f9cf19b07832c21232fd220fe7a20c", "mode": "RGB", "png_sha256": "17057f6295cd6cf1a2affc7c2c8ae45889199edf9bde129a4a3dc1b15f9e212d", "source_sha256": "a21fae70ad5b9164a4804821339ff2c1a94d826488d8de4de4cf467e1ff88cd6"}
RUN ['sglang', 'generate', '--model-path', '/vol/hf-cache/hub/models--circlestone-labs--Anima-Base-v1.0-Diffusers/snapshots/073c3a9db359c31ad0e8aa268d15775473c2176c', '--model-id', 'circlestone-labs/Anima-Base-v1.0-Diffusers', '--revision', '073c3a9db359c31ad0e8aa268d15775473c2176c', '--num-gpus', '1', '--enable-torch-compile=false', '--enable-breakable-cuda-graph=false', '--performance-mode=speed', '--attention-backend', 'fa', '--width', '1024', '--height', '1024', '--num-inference-steps', '30', '--guidance-scale', '4', '--negative-prompt', '', '--prompt', 'masterpiece, best quality, safe, watercolor landscape, a quiet seaside village at sunset', '--seed', '42', '--generator-device', 'cpu', '--quality', 'lossless', '--save-output', '--warmup-mode', 'request', '--warmup-steps', '1', '--perf-dump-path', '/results/anima-20261003T224511Z-017ed58d/05-baseline/perf.json', '--output-path', '/results/anima-20261003T224511Z-017ed58d/05-baseline/outputs', '--output-file-name', 'sample']
Flax classes are deprecated and will be removed in Diffusers v1.0.0. We recommend migrating to PyTorch classes or pinning your version of Diffusers.
Flax classes are deprecated and will be removed in Diffusers v1.0.0. We recommend migrating to PyTorch classes or pinning your version of Diffusers.
--model-id 'circlestone-labs/Anima-Base-v1.0-Diffusers' did not match any registered model; falling back to automatic detection.
[10-03 22:54:49] Applying performance_mode=speed
[10-03 22:54:49] server_args: {"model_path": "/vol/hf-cache/hub/models--circlestone-labs--Anima-Base-v1.0-Diffusers/snapshots/073c3a9db359c31ad0e8aa268d15775473c2176c", "model_subfolder": null, "model_variant": null, "model_id": "circlestone-labs/Anima-Base-v1.0-Diffusers", "served_model_name": "circlestone-labs/Anima-Base-v1.0-Diffusers", "backend": "auto", "attention_backend": "fa", "enable_attention_backend_autotune": false, "attention_backend_config": {}, "component_attention_backends": {}, "cache_dit_config": null, "nccl_port": null, "enable_nccl_nvls": false, "trust_remote_code": false, "revision": "073c3a9db359c31ad0e8aa268d15775473c2176c", "num_gpus": 1, "performance_mode": "speed", "base_gpu_id": 0, "gpu_ids": null, "nnodes": 1, "node_rank": 0, "dist_init_addr": null, "tp_size": 1, "sp_degree": 1, "ulysses_degree": 1, "ring_degree": 1, "kv_gather_degree": 1, "sp_split_auto": false, "dp_size": 1, "enable_cfg_parallel": false, "cfg_parallel_degree": 1, "encoder_parallel": "auto", "hsdp_replicate_dim": 1, "hsdp_shard_dim": 1, "dist_timeout": 3600, "scheduler_rpc_timeout": null, "pipeline_class_name": null, "lora_path": null, "lora_nickname": "default", "lora_scale": 1.0, "lora_alpha": null, "lora_merge_mode": "auto", "lora_weight_name": null, "component_paths": {}, "component_weights_paths": {}, "component_direct_gpu_weight_loading": {}, "component_quantizations": {}, "component_precisions": {}, "component_quantization_ignored_layers": {}, "load_diffusion_decoder": false, "transformer_weights_path": null, "minimax_h3_adaln_cache_path": null, "minimax_h3_adaln_online": false, "minimax_h3_adaln_plan_width": 4, "minimax_h3_adaln_host_cache_gb": 8.0, "quantization": null, "quantization_ignored_layers": null, "lora_target_modules": null, "component_residency": null, "cpu_offload_components": null, "dit_cpu_offload": false, "direct_gpu_weight_loading": false, "dit_layerwise_offload": false, "layerwise_offload_components": null, "dit_offload_prefetch_size": 0.0, "dit_layerwise_resident_layers": 0.0, "dit_layerwise_residency_policy": "leading", "dit_layerwise_residency_lifetime": "forward", "layerwise_prefetch_size": {}, "layerwise_resident_layers": {}, "layerwise_residency_policy": {}, "layerwise_residency_lifetime": {}, "offload_during_compile": true, "text_encoder_cpu_offload": false, "image_encoder_cpu_offload": false, "vae_cpu_offload": false, "use_fsdp_inference": false, "pin_cpu_memory": true, "ltx2_two_stage_device_mode": null, "comfyui_mode": false, "enable_torch_compile": false, "regional_compile": false, "enable_breakable_cuda_graph": false, "bcg_text_buckets": null, "enable_layerwise_nvtx_marker": false, "warmup_mode": "request", "warmup_resolutions": null, "warmup_num_frames": null, "warmup_steps": 1, "warmup_sampling_params": null, "disable_autocast": true, "master_port": 30005, "host": "127.0.0.1", "port": 30000, "enable_metrics": false, "webui": false, "webui_port": 12312, "scheduler_port": 5646, "scheduler_ports": [5646], "batching_mode": "dynamic", "batching_max_size": 1, "batching_delay_ms": 0.0, "batching_config": null, "enable_batching_metrics": false, "strict_ports": false, "output_path": "/results/anima-20261003T224511Z-017ed58d/05-baseline/outputs", "input_save_path": "inputs/uploads", "prompt_file_path": null, "model_paths": {}, "model_loaded": {"transformer": true, "vae": true, "video_vae": true, "audio_vae": true, "video_dit": true, "audio_dit": true, "dual_tower_bridge": true}, "boundary_ratio": null, "disagg_role": "monolithic", "disagg_timeout": 3600, "disagg_downstream_wait_timeout": 1800, "disagg_dispatch_policy": "round_robin", "disagg_mode": false, "disagg_instance_id": 0, "disagg_max_slots_per_instance": 8, "disagg_transfer_redundancy": 1.25, "disagg_role_device": "auto", "disagg_transfer_backend": "auto", "disagg_transfer_pool_size": 268435456, "disagg_transfer_pin_memory": "auto", "disagg_p2p_hostname": "127.0.0.1", "disagg_ib_device": null, "disagg_server_addr": null, "encoder_urls": null, "denoiser_urls": null, "decoder_urls": null, "encoder_tp": null, "denoiser_tp": null, "denoiser_sp": null, "denoiser_ulysses": null, "denoiser_ring": null, "decoder_sp": null, "pool_work_endpoint": null, "pool_result_endpoint": null, "pool_control_endpoint": null, "pool_control_advertised_endpoint": null, "log_level": "info", "log_requests": false, "log_requests_level": 2, "log_requests_format": "text", "log_requests_target": null, "uvicorn_access_log_exclude_prefixes": [], "enable_cache_report": false, "enable_trace": false, "otlp_traces_endpoint": "localhost:4317", "otlp_service_name": null, "srt_encoder_url": null, "srt_encoder_connect_timeout": 3.05, "srt_encoder_timeout": 100, "pe_server_url": null, "prompt_enhancer_config": null}
[10-03 22:54:49] Diffusers version: 0.39.0.dev0
[10-03 22:54:49] Local mode: True
[10-03 22:54:49] Starting server...
Flax classes are deprecated and will be removed in Diffusers v1.0.0. We recommend migrating to PyTorch classes or pinning your version of Diffusers.
Flax classes are deprecated and will be removed in Diffusers v1.0.0. We recommend migrating to PyTorch classes or pinning your version of Diffusers.
[10-03 22:55:22] Scheduler (dp replica 0) bind at endpoint: tcp://127.0.0.1:5646
[10-03 22:55:22] torch.compile cache: TORCHINDUCTOR_CACHE_DIR=/root/.cache/sgl_diffusion/torch_compile_cache/inductor TRITON_CACHE_DIR=/root/.cache/sgl_diffusion/torch_compile_cache/triton
[10-03 22:55:22] Initializing distributed environment with world_size=1, device=cuda:0, timeout=3600
[10-03 22:55:22] Setting distributed timeout to 3600 seconds
[10-03 22:55:23] No pipeline_class_name specified, using model_index.json
[10-03 22:55:25] Diffusers version: 0.39.0.dev0
[93m[10-03 22:55:25] --model-id 'circlestone-labs/Anima-Base-v1.0-Diffusers' did not match any registered model; falling back to automatic detection.[0;0m
[10-03 22:55:25] Using pipeline from model_index.json: AnimaPipeline
[10-03 22:55:25] Loading pipeline modules...
[10-03 22:55:25] Model already exists locally and is complete
[10-03 22:55:25] Model path: /vol/hf-cache/hub/models--circlestone-labs--Anima-Base-v1.0-Diffusers/snapshots/073c3a9db359c31ad0e8aa268d15775473c2176c
[10-03 22:55:25] Diffusers version: 0.39.0.dev0
[10-03 22:55:25] Loading pipeline modules from config: {'_class_name': 'AnimaModularPipeline', '_diffusers_version': '0.39.0.dev0', 'scheduler': ['diffusers', 'FlowMatchEulerDiscreteScheduler'], 't5_tokenizer': ['transformers', 'T5Tokenizer'], 'text_conditioner': ['diffusers', 'AnimaTextConditioner'], 'text_encoder': ['transformers', 'Qwen3Model'], 'tokenizer': ['transformers', 'Qwen2Tokenizer'], 'transformer': ['diffusers', 'CosmosTransformer3DModel'], 'vae': ['diffusers', 'AutoencoderKLQwenImage']}
[10-03 22:55:25] Loading required components: ['text_encoder', 'tokenizer', 't5_tokenizer', 'text_conditioner', 'vae', 'transformer', 'scheduler']
[10-03 22:55:25] Memory-aware component load order: ['transformer', 'text_encoder', 'text_conditioner', 'vae', 'tokenizer', 't5_tokenizer', 'scheduler']

Loading required modules:   0%|          | 0/7 [00:00<?, ?it/s][10-03 22:55:25] Loading transformer from /vol/hf-cache/hub/models--circlestone-labs--Anima-Base-v1.0-Diffusers/snapshots/073c3a9db359c31ad0e8aa268d15775473c2176c/transformer. avail mem: 138.65 GB
[10-03 22:55:25] Loading CosmosTransformer3DModel from 1 safetensors file(s) , param_dtype: torch.bfloat16


Loading safetensors checkpoint shards: 0%|          | 0/1[A
Loading safetensors checkpoint shards: 100%|██████████| 1/1
[10-03 22:55:26] Attention backends for transformer: fa
[10-03 22:55:26] Loaded transformer: AnimaTransformer3DModel (sgl-diffusion version). model size: 3.64 GB, vram: 3.64 GB. avail GPU mem: 134.93 GB

Loading required modules:  14%|█▍        | 1/7 [00:01<00:08,  1.35s/it][10-03 22:55:26] Loading text_encoder from /vol/hf-cache/hub/models--circlestone-labs--Anima-Base-v1.0-Diffusers/snapshots/073c3a9db359c31ad0e8aa268d15775473c2176c/text_encoder. avail mem: 134.93 GB


Loading safetensors checkpoint shards: 0%|          | 0/1[A

Loading safetensors checkpoint shards: 100%|██████████| 1/1[A
Loading safetensors checkpoint shards: 100%|██████████| 1/1
[10-03 22:55:27] Attention backends for text_encoder: fa
[10-03 22:55:27] Loaded text_encoder: Qwen3ForCausalLM (sgl-diffusion version). model size: 1.12 GB, vram: 1.12 GB. avail GPU mem: 133.77 GB

Loading required modules:  29%|██▊       | 2/7 [00:02<00:04,  1.00it/s][10-03 22:55:27] Loading text_conditioner from /vol/hf-cache/hub/models--circlestone-labs--Anima-Base-v1.0-Diffusers/snapshots/073c3a9db359c31ad0e8aa268d15775473c2176c/text_conditioner. avail mem: 133.77 GB


Loading safetensors checkpoint shards: 0%|          | 0/1[A
Loading safetensors checkpoint shards: 100%|██████████| 1/1
[10-03 22:55:27] Attention backends for text_conditioner: fa
[10-03 22:55:27] Loaded text_conditioner: AnimaTextConditioner (sgl-diffusion version). model size: 0.25 GB, vram: 0.25 GB. avail GPU mem: 133.59 GB

Loading required modules:  43%|████▎     | 3/7 [00:02<00:02,  1.55it/s][10-03 22:55:27] Loading vae from /vol/hf-cache/hub/models--circlestone-labs--Anima-Base-v1.0-Diffusers/snapshots/073c3a9db359c31ad0e8aa268d15775473c2176c/vae. avail mem: 133.59 GB
[10-03 22:55:27] Qwen-Image VAE: installed quality-gated fast path (29 RMSNorm+SiLU fusions, 3 channels_last upsamples).
[10-03 22:55:27] Loaded vae: AutoencoderKLQwenImage (sgl-diffusion version). model size: 0.24 GB, vram: 0.24 GB. avail GPU mem: 133.31 GB

Loading required modules:  57%|█████▋    | 4/7 [00:02<00:01,  2.06it/s][10-03 22:55:27] Loading tokenizer from /vol/hf-cache/hub/models--circlestone-labs--Anima-Base-v1.0-Diffusers/snapshots/073c3a9db359c31ad0e8aa268d15775473c2176c/tokenizer. avail mem: 133.31 GB
[10-03 22:55:29] Loaded tokenizer: Qwen2Tokenizer (sgl-diffusion version). model size: NA GB, weights: none. avail GPU mem: 133.31 GB

Loading required modules:  71%|███████▏  | 5/7 [00:03<00:01,  1.37it/s][10-03 22:55:29] Loading t5_tokenizer from /vol/hf-cache/hub/models--circlestone-labs--Anima-Base-v1.0-Diffusers/snapshots/073c3a9db359c31ad0e8aa268d15775473c2176c/t5_tokenizer. avail mem: 133.31 GB
[10-03 22:55:29] Loaded t5_tokenizer: T5Tokenizer (sgl-diffusion version). model size: NA GB, weights: none. avail GPU mem: 133.31 GB

Loading required modules:  86%|████████▌ | 6/7 [00:03<00:00,  1.86it/s][10-03 22:55:29] Loading scheduler from /vol/hf-cache/hub/models--circlestone-labs--Anima-Base-v1.0-Diffusers/snapshots/073c3a9db359c31ad0e8aa268d15775473c2176c/scheduler. avail mem: 133.31 GB
[10-03 22:55:29] Loaded scheduler: FlowMatchEulerDiscreteScheduler (sgl-diffusion version). model size: NA GB, weights: none. avail GPU mem: 133.31 GB

Loading required modules: 100%|██████████| 7/7 [00:03<00:00,  1.79it/s]
[10-03 22:55:29] Creating pipeline stages...
[10-03 22:55:29] Using fa attention backend
[10-03 22:55:29] Pipeline instantiated
[10-03 22:55:29] Worker 0: Initialized device, model, and distributed environment.
[10-03 22:55:29] Worker 0: Scheduler loop started.
[10-03 22:55:29] [server-load] workers_ready_monotonic_ns=626872312581
[10-03 22:55:29] Processing 1 grouped request(s)

Warmup requests:   0%|          | 0/1 [00:00<?, ?req/s]
Warmup requests: 100%|██████████| 1/1 [00:03<00:00,  3.59s/req, warmup req (1024x1024, 1/30 steps), last=3.59s]
Warmup requests: 100%|██████████| 1/1 [00:03<00:00,  3.59s/req, warmup req (1024x1024, 1/30 steps), last=3.59s]
[10-03 22:55:32] The server is fired up and ready to roll!
[10-03 22:55:32] Sampling params:
                       width: 1024
                      height: 1024
                  num_frames: 1
                         fps: 24
                      prompt: <redacted, len=88>
                  neg_prompt: <redacted, len=0>
                        seed: 42
                 infer_steps: 30
      num_outputs_per_prompt: 1
              guidance_scale: 4.0
     embedded_guidance_scale: 6.0
                    n_tokens: None
                  flow_shift: None
                  image_path: None
                 save_output: True
            output_file_path: /results/anima-20261003T224511Z-017ed58d/05-baseline/outputs/sample.png
        
[10-03 22:55:32] Running pipeline stages: ['InputValidationStage', 'TextEncodingStage', 'AnimaTextConditioningStage', 'TimestepPreparationStage', 'LatentPreparationStage', 'denoising_stage', 'decoding_stage']
[10-03 22:55:32] [InputValidationStage] started...
[10-03 22:55:32] [InputValidationStage] finished in 0.0000 seconds
[10-03 22:55:32] [TextEncodingStage] started...
[10-03 22:55:32] [TextEncodingStage] finished in 0.0333 seconds
[10-03 22:55:32] [AnimaTextConditioningStage] started...
[10-03 22:55:32] [AnimaTextConditioningStage] finished in 0.0154 seconds
[10-03 22:55:32] [TimestepPreparationStage] started...
[10-03 22:55:32] [TimestepPreparationStage] finished in 0.0005 seconds
[10-03 22:55:32] [LatentPreparationStage] started...
[10-03 22:55:32] [LatentPreparationStage] finished in 0.0026 seconds
[10-03 22:55:32] [DenoisingStage] started...

  0%|          | 0/30 [00:00<?, ?it/s]
  3%|▎         | 1/30 [00:00<00:03,  9.17it/s]
  7%|▋         | 2/30 [00:00<00:03,  9.10it/s]
 10%|█         | 3/30 [00:00<00:02,  9.01it/s]
 13%|█▎        | 4/30 [00:00<00:02,  9.05it/s]
 17%|█▋        | 5/30 [00:00<00:02,  9.09it/s]
 20%|██        | 6/30 [00:00<00:02,  9.11it/s]
 23%|██▎       | 7/30 [00:00<00:02,  9.11it/s]
 27%|██▋       | 8/30 [00:00<00:02,  9.01it/s]
 30%|███       | 9/30 [00:00<00:02,  8.96it/s]
 33%|███▎      | 10/30 [00:01<00:02,  9.02it/s]
 37%|███▋      | 11/30 [00:01<00:02,  9.03it/s]
 40%|████      | 12/30 [00:01<00:02,  9.00it/s]
 43%|████▎     | 13/30 [00:01<00:01,  8.94it/s]
 47%|████▋     | 14/30 [00:01<00:01,  8.99it/s]
 50%|█████     | 15/30 [00:01<00:01,  8.99it/s]
 53%|█████▎    | 16/30 [00:01<00:01,  9.02it/s]
 57%|█████▋    | 17/30 [00:01<00:01,  9.00it/s]
 60%|██████    | 18/30 [00:01<00:01,  9.04it/s]
 63%|██████▎   | 19/30 [00:02<00:01,  9.07it/s]
 67%|██████▋   | 20/30 [00:02<00:01,  9.00it/s]
 70%|███████   | 21/30 [00:02<00:00,  9.04it/s]
 73%|███████▎  | 22/30 [00:02<00:00,  9.07it/s]
 77%|███████▋  | 23/30 [00:02<00:00,  9.06it/s]
 80%|████████  | 24/30 [00:02<00:00,  9.09it/s]
 83%|████████▎ | 25/30 [00:02<00:00,  9.07it/s]
 87%|████████▋ | 26/30 [00:02<00:00,  9.07it/s]
 90%|█████████ | 27/30 [00:02<00:00,  9.11it/s]
 93%|█████████▎| 28/30 [00:03<00:00,  9.12it/s]
 97%|█████████▋| 29/30 [00:03<00:00,  9.13it/s]
100%|██████████| 30/30 [00:03<00:00,  9.14it/s]
100%|██████████| 30/30 [00:03<00:00,  9.06it/s]
[10-03 22:55:36] [DenoisingStage] average time per step: 0.1105 seconds
[10-03 22:55:36] [DenoisingStage] finished in 3.3151 seconds
[10-03 22:55:36] [DecodingStage] started...
[10-03 22:55:36] [DecodingStage] finished in 0.3557 seconds
[10-03 22:55:36] Output saved to [1;36m/results/anima-20261003T224511Z-017ed58d/05-baseline/outputs/sample.png[0;0m
[10-03 22:55:36] Metrics dumped to: [1;36m/results/anima-20261003T224511Z-017ed58d/05-baseline/perf.json[0;0m
[10-03 22:55:36] Pixel data generated successfully in [92m7.62[0;0m seconds
[10-03 22:55:36] Warmed-up request processed in [92m3.73[0;0m seconds (with warmup excluded)
[10-03 22:55:36] Memory usage - Max peak: 5870.00 MB, Avg peak: 5870.00 MB
[10-03 22:55:36] Metrics dumped to: [1;36m/results/anima-20261003T224511Z-017ed58d/05-baseline/perf.json[0;0m
[93m[10-03 22:55:36] Generator was garbage collected without being shut down. Forcing local server and client cleanup.[0;0m
[93m[10-03 22:55:36] Local worker sglang-diffusionWorker-0 did not terminate gracefully, forcing.[0;0m
/usr/lib/python3.12/multiprocessing/resource_tracker.py:254: UserWarning: resource_tracker: There appear to be 1 leaked semaphore objects to clean up at shutdown
  warnings.warn('resource_tracker: There appear to be %d '
RESULT {"label": "05-baseline", "variant": "baseline", "profile": false, "seed": 42, "size": 1024, "steps": 30, "command": ["sglang", "generate", "--model-path", "/vol/hf-cache/hub/models--circlestone-labs--Anima-Base-v1.0-Diffusers/snapshots/073c3a9db359c31ad0e8aa268d15775473c2176c", "--model-id", "circlestone-labs/Anima-Base-v1.0-Diffusers", "--revision", "073c3a9db359c31ad0e8aa268d15775473c2176c", "--num-gpus", "1", "--enable-torch-compile=false", "--enable-breakable-cuda-graph=false", "--performance-mode=speed", "--attention-backend", "fa", "--width", "1024", "--height", "1024", "--num-inference-steps", "30", "--guidance-scale", "4", "--negative-prompt", "", "--prompt", "masterpiece, best quality, safe, watercolor landscape, a quiet seaside village at sunset", "--seed", "42", "--generator-device", "cpu", "--quality", "lossless", "--save-output", "--warmup-mode", "request", "--warmup-steps", "1", "--perf-dump-path", "/results/anima-20261003T224511Z-017ed58d/05-baseline/perf.json", "--output-path", "/results/anima-20261003T224511Z-017ed58d/05-baseline/outputs", "--output-file-name", "sample"], "total_duration_ms": 3730.830578999985, "denoise_steps_ms": [{"step": 0, "duration_ms": 109.16046299996651}, {"step": 1, "duration_ms": 110.40390599998773}, {"step": 2, "duration_ms": 112.12422800008426}, {"step": 3, "duration_ms": 109.59169099999144}, {"step": 4, "duration_ms": 109.19331299999158}, {"step": 5, "duration_ms": 109.43387800000437}, {"step": 6, "duration_ms": 109.53252000001612}, {"step": 7, "duration_ms": 113.72632799998428}, {"step": 8, "duration_ms": 112.85895899993648}, {"step": 9, "duration_ms": 109.25019899991639}, {"step": 10, "duration_ms": 110.19640699998945}, {"step": 11, "duration_ms": 112.2451749999982}, {"step": 12, "duration_ms": 113.22108399997433}, {"step": 13, "duration_ms": 109.81091000007837}, {"step": 14, "duration_ms": 111.2145759999521}, {"step": 15, "duration_ms": 109.77831899992907}, {"step": 16, "duration_ms": 111.798967000027}, {"step": 17, "duration_ms": 109.36879600001248}, {"step": 18, "duration_ms": 109.44092900001579}, {"step": 19, "duration_ms": 113.0843170000162}, {"step": 20, "duration_ms": 109.2576649999728}, {"step": 21, "duration_ms": 109.64296300005572}, {"step": 22, "duration_ms": 110.32262500009438}, {"step": 23, "duration_ms": 109.24924500000088}, {"step": 24, "duration_ms": 110.67147200003546}, {"step": 25, "duration_ms": 110.12934099994709}, {"step": 26, "duration_ms": 108.67814400000952}, {"step": 27, "duration_ms": 109.51226800000313}, {"step": 28, "duration_ms": 109.2249629999742}, {"step": 29, "duration_ms": 109.02175899991562}], "denoise_ms": 3311.145409999881, "pixel_sha256": "2c12b2376dadcaac1f4b074f169b81ba15f9cf19b07832c21232fd220fe7a20c", "mode": "RGB", "png_sha256": "17057f6295cd6cf1a2affc7c2c8ae45889199edf9bde129a4a3dc1b15f9e212d", "source_sha256": "a21fae70ad5b9164a4804821339ff2c1a94d826488d8de4de4cf467e1ff88cd6"}
RUN ['sglang', 'generate', '--model-path', '/vol/hf-cache/hub/models--circlestone-labs--Anima-Base-v1.0-Diffusers/snapshots/073c3a9db359c31ad0e8aa268d15775473c2176c', '--model-id', 'circlestone-labs/Anima-Base-v1.0-Diffusers', '--revision', '073c3a9db359c31ad0e8aa268d15775473c2176c', '--num-gpus', '1', '--enable-torch-compile=false', '--enable-breakable-cuda-graph=false', '--performance-mode=speed', '--attention-backend', 'fa', '--width', '1024', '--height', '1024', '--num-inference-steps', '30', '--guidance-scale', '4', '--negative-prompt', '', '--prompt', 'masterpiece, best quality, safe, watercolor landscape, a quiet seaside village at sunset', '--seed', '42', '--generator-device', 'cpu', '--quality', 'lossless', '--save-output', '--warmup-mode', 'request', '--warmup-steps', '1', '--perf-dump-path', '/results/anima-20261003T224511Z-017ed58d/06-candidate/perf.json', '--output-path', '/results/anima-20261003T224511Z-017ed58d/06-candidate/outputs', '--output-file-name', 'sample']
Flax classes are deprecated and will be removed in Diffusers v1.0.0. We recommend migrating to PyTorch classes or pinning your version of Diffusers.
Flax classes are deprecated and will be removed in Diffusers v1.0.0. We recommend migrating to PyTorch classes or pinning your version of Diffusers.
--model-id 'circlestone-labs/Anima-Base-v1.0-Diffusers' did not match any registered model; falling back to automatic detection.
[10-03 22:56:16] Applying performance_mode=speed
[10-03 22:56:16] server_args: {"model_path": "/vol/hf-cache/hub/models--circlestone-labs--Anima-Base-v1.0-Diffusers/snapshots/073c3a9db359c31ad0e8aa268d15775473c2176c", "model_subfolder": null, "model_variant": null, "model_id": "circlestone-labs/Anima-Base-v1.0-Diffusers", "served_model_name": "circlestone-labs/Anima-Base-v1.0-Diffusers", "backend": "auto", "attention_backend": "fa", "enable_attention_backend_autotune": false, "attention_backend_config": {}, "component_attention_backends": {}, "cache_dit_config": null, "nccl_port": null, "enable_nccl_nvls": false, "trust_remote_code": false, "revision": "073c3a9db359c31ad0e8aa268d15775473c2176c", "num_gpus": 1, "performance_mode": "speed", "base_gpu_id": 0, "gpu_ids": null, "nnodes": 1, "node_rank": 0, "dist_init_addr": null, "tp_size": 1, "sp_degree": 1, "ulysses_degree": 1, "ring_degree": 1, "kv_gather_degree": 1, "sp_split_auto": false, "dp_size": 1, "enable_cfg_parallel": false, "cfg_parallel_degree": 1, "encoder_parallel": "auto", "hsdp_replicate_dim": 1, "hsdp_shard_dim": 1, "dist_timeout": 3600, "scheduler_rpc_timeout": null, "pipeline_class_name": null, "lora_path": null, "lora_nickname": "default", "lora_scale": 1.0, "lora_alpha": null, "lora_merge_mode": "auto", "lora_weight_name": null, "component_paths": {}, "component_weights_paths": {}, "component_direct_gpu_weight_loading": {}, "component_quantizations": {}, "component_precisions": {}, "component_quantization_ignored_layers": {}, "load_diffusion_decoder": false, "transformer_weights_path": null, "minimax_h3_adaln_cache_path": null, "minimax_h3_adaln_online": false, "minimax_h3_adaln_plan_width": 4, "minimax_h3_adaln_host_cache_gb": 8.0, "quantization": null, "quantization_ignored_layers": null, "lora_target_modules": null, "component_residency": null, "cpu_offload_components": null, "dit_cpu_offload": false, "direct_gpu_weight_loading": false, "dit_layerwise_offload": false, "layerwise_offload_components": null, "dit_offload_prefetch_size": 0.0, "dit_layerwise_resident_layers": 0.0, "dit_layerwise_residency_policy": "leading", "dit_layerwise_residency_lifetime": "forward", "layerwise_prefetch_size": {}, "layerwise_resident_layers": {}, "layerwise_residency_policy": {}, "layerwise_residency_lifetime": {}, "offload_during_compile": true, "text_encoder_cpu_offload": false, "image_encoder_cpu_offload": false, "vae_cpu_offload": false, "use_fsdp_inference": false, "pin_cpu_memory": true, "ltx2_two_stage_device_mode": null, "comfyui_mode": false, "enable_torch_compile": false, "regional_compile": false, "enable_breakable_cuda_graph": false, "bcg_text_buckets": null, "enable_layerwise_nvtx_marker": false, "warmup_mode": "request", "warmup_resolutions": null, "warmup_num_frames": null, "warmup_steps": 1, "warmup_sampling_params": null, "disable_autocast": true, "master_port": 30005, "host": "127.0.0.1", "port": 30000, "enable_metrics": false, "webui": false, "webui_port": 12312, "scheduler_port": 5583, "scheduler_ports": [5583], "batching_mode": "dynamic", "batching_max_size": 1, "batching_delay_ms": 0.0, "batching_config": null, "enable_batching_metrics": false, "strict_ports": false, "output_path": "/results/anima-20261003T224511Z-017ed58d/06-candidate/outputs", "input_save_path": "inputs/uploads", "prompt_file_path": null, "model_paths": {}, "model_loaded": {"transformer": true, "vae": true, "video_vae": true, "audio_vae": true, "video_dit": true, "audio_dit": true, "dual_tower_bridge": true}, "boundary_ratio": null, "disagg_role": "monolithic", "disagg_timeout": 3600, "disagg_downstream_wait_timeout": 1800, "disagg_dispatch_policy": "round_robin", "disagg_mode": false, "disagg_instance_id": 0, "disagg_max_slots_per_instance": 8, "disagg_transfer_redundancy": 1.25, "disagg_role_device": "auto", "disagg_transfer_backend": "auto", "disagg_transfer_pool_size": 268435456, "disagg_transfer_pin_memory": "auto", "disagg_p2p_hostname": "127.0.0.1", "disagg_ib_device": null, "disagg_server_addr": null, "encoder_urls": null, "denoiser_urls": null, "decoder_urls": null, "encoder_tp": null, "denoiser_tp": null, "denoiser_sp": null, "denoiser_ulysses": null, "denoiser_ring": null, "decoder_sp": null, "pool_work_endpoint": null, "pool_result_endpoint": null, "pool_control_endpoint": null, "pool_control_advertised_endpoint": null, "log_level": "info", "log_requests": false, "log_requests_level": 2, "log_requests_format": "text", "log_requests_target": null, "uvicorn_access_log_exclude_prefixes": [], "enable_cache_report": false, "enable_trace": false, "otlp_traces_endpoint": "localhost:4317", "otlp_service_name": null, "srt_encoder_url": null, "srt_encoder_connect_timeout": 3.05, "srt_encoder_timeout": 100, "pe_server_url": null, "prompt_enhancer_config": null}
[10-03 22:56:16] Diffusers version: 0.39.0.dev0
[10-03 22:56:16] Local mode: True
[10-03 22:56:16] Starting server...
Flax classes are deprecated and will be removed in Diffusers v1.0.0. We recommend migrating to PyTorch classes or pinning your version of Diffusers.
Flax classes are deprecated and will be removed in Diffusers v1.0.0. We recommend migrating to PyTorch classes or pinning your version of Diffusers.
[10-03 22:56:49] Scheduler (dp replica 0) bind at endpoint: tcp://127.0.0.1:5583
[10-03 22:56:49] torch.compile cache: TORCHINDUCTOR_CACHE_DIR=/root/.cache/sgl_diffusion/torch_compile_cache/inductor TRITON_CACHE_DIR=/root/.cache/sgl_diffusion/torch_compile_cache/triton
[10-03 22:56:49] Initializing distributed environment with world_size=1, device=cuda:0, timeout=3600
[10-03 22:56:49] Setting distributed timeout to 3600 seconds
[10-03 22:56:50] No pipeline_class_name specified, using model_index.json
[10-03 22:56:52] Diffusers version: 0.39.0.dev0
[93m[10-03 22:56:52] --model-id 'circlestone-labs/Anima-Base-v1.0-Diffusers' did not match any registered model; falling back to automatic detection.[0;0m
[10-03 22:56:52] Using pipeline from model_index.json: AnimaPipeline
[10-03 22:56:52] Loading pipeline modules...
[10-03 22:56:52] Model already exists locally and is complete
[10-03 22:56:52] Model path: /vol/hf-cache/hub/models--circlestone-labs--Anima-Base-v1.0-Diffusers/snapshots/073c3a9db359c31ad0e8aa268d15775473c2176c
[10-03 22:56:52] Diffusers version: 0.39.0.dev0
[10-03 22:56:52] Loading pipeline modules from config: {'_class_name': 'AnimaModularPipeline', '_diffusers_version': '0.39.0.dev0', 'scheduler': ['diffusers', 'FlowMatchEulerDiscreteScheduler'], 't5_tokenizer': ['transformers', 'T5Tokenizer'], 'text_conditioner': ['diffusers', 'AnimaTextConditioner'], 'text_encoder': ['transformers', 'Qwen3Model'], 'tokenizer': ['transformers', 'Qwen2Tokenizer'], 'transformer': ['diffusers', 'CosmosTransformer3DModel'], 'vae': ['diffusers', 'AutoencoderKLQwenImage']}
[10-03 22:56:52] Loading required components: ['text_encoder', 'tokenizer', 't5_tokenizer', 'text_conditioner', 'vae', 'transformer', 'scheduler']
[10-03 22:56:52] Memory-aware component load order: ['transformer', 'text_encoder', 'text_conditioner', 'vae', 'tokenizer', 't5_tokenizer', 'scheduler']

Loading required modules:   0%|          | 0/7 [00:00<?, ?it/s][10-03 22:56:52] Loading transformer from /vol/hf-cache/hub/models--circlestone-labs--Anima-Base-v1.0-Diffusers/snapshots/073c3a9db359c31ad0e8aa268d15775473c2176c/transformer. avail mem: 138.65 GB
[10-03 22:56:52] Loading CosmosTransformer3DModel from 1 safetensors file(s) , param_dtype: torch.bfloat16


Loading safetensors checkpoint shards: 0%|          | 0/1[A
Loading safetensors checkpoint shards: 100%|██████████| 1/1
[10-03 22:56:53] Attention backends for transformer: fa
[10-03 22:56:53] Loaded transformer: AnimaTransformer3DModel (sgl-diffusion version). model size: 3.64 GB, vram: 3.64 GB. avail GPU mem: 134.93 GB

Loading required modules:  14%|█▍        | 1/7 [00:01<00:07,  1.29s/it][10-03 22:56:53] Loading text_encoder from /vol/hf-cache/hub/models--circlestone-labs--Anima-Base-v1.0-Diffusers/snapshots/073c3a9db359c31ad0e8aa268d15775473c2176c/text_encoder. avail mem: 134.93 GB


Loading safetensors checkpoint shards: 0%|          | 0/1[A

Loading safetensors checkpoint shards: 100%|██████████| 1/1[A
Loading safetensors checkpoint shards: 100%|██████████| 1/1
[10-03 22:56:54] Attention backends for text_encoder: fa
[10-03 22:56:54] Loaded text_encoder: Qwen3ForCausalLM (sgl-diffusion version). model size: 1.12 GB, vram: 1.12 GB. avail GPU mem: 133.77 GB

Loading required modules:  29%|██▊       | 2/7 [00:02<00:04,  1.02it/s][10-03 22:56:54] Loading text_conditioner from /vol/hf-cache/hub/models--circlestone-labs--Anima-Base-v1.0-Diffusers/snapshots/073c3a9db359c31ad0e8aa268d15775473c2176c/text_conditioner. avail mem: 133.77 GB


Loading safetensors checkpoint shards: 0%|          | 0/1[A
Loading safetensors checkpoint shards: 100%|██████████| 1/1
[10-03 22:56:54] Attention backends for text_conditioner: fa
[10-03 22:56:54] Loaded text_conditioner: AnimaTextConditioner (sgl-diffusion version). model size: 0.25 GB, vram: 0.25 GB. avail GPU mem: 133.59 GB

Loading required modules:  43%|████▎     | 3/7 [00:02<00:02,  1.60it/s][10-03 22:56:54] Loading vae from /vol/hf-cache/hub/models--circlestone-labs--Anima-Base-v1.0-Diffusers/snapshots/073c3a9db359c31ad0e8aa268d15775473c2176c/vae. avail mem: 133.59 GB
[10-03 22:56:55] Qwen-Image VAE: installed quality-gated fast path (29 RMSNorm+SiLU fusions, 3 channels_last upsamples).
[10-03 22:56:55] Loaded vae: AutoencoderKLQwenImage (sgl-diffusion version). model size: 0.24 GB, vram: 0.24 GB. avail GPU mem: 133.31 GB

Loading required modules:  57%|█████▋    | 4/7 [00:02<00:01,  2.12it/s][10-03 22:56:55] Loading tokenizer from /vol/hf-cache/hub/models--circlestone-labs--Anima-Base-v1.0-Diffusers/snapshots/073c3a9db359c31ad0e8aa268d15775473c2176c/tokenizer. avail mem: 133.31 GB
[10-03 22:56:56] Loaded tokenizer: Qwen2Tokenizer (sgl-diffusion version). model size: NA GB, weights: none. avail GPU mem: 133.31 GB

Loading required modules:  71%|███████▏  | 5/7 [00:03<00:01,  1.38it/s][10-03 22:56:56] Loading t5_tokenizer from /vol/hf-cache/hub/models--circlestone-labs--Anima-Base-v1.0-Diffusers/snapshots/073c3a9db359c31ad0e8aa268d15775473c2176c/t5_tokenizer. avail mem: 133.31 GB
[10-03 22:56:56] Loaded t5_tokenizer: T5Tokenizer (sgl-diffusion version). model size: NA GB, weights: none. avail GPU mem: 133.31 GB

Loading required modules:  86%|████████▌ | 6/7 [00:03<00:00,  1.88it/s][10-03 22:56:56] Loading scheduler from /vol/hf-cache/hub/models--circlestone-labs--Anima-Base-v1.0-Diffusers/snapshots/073c3a9db359c31ad0e8aa268d15775473c2176c/scheduler. avail mem: 133.31 GB
[10-03 22:56:56] Loaded scheduler: FlowMatchEulerDiscreteScheduler (sgl-diffusion version). model size: NA GB, weights: none. avail GPU mem: 133.31 GB

Loading required modules: 100%|██████████| 7/7 [00:03<00:00,  1.83it/s]
[10-03 22:56:56] Creating pipeline stages...
[10-03 22:56:56] Using fa attention backend
[10-03 22:56:56] Pipeline instantiated
[10-03 22:56:56] Worker 0: Initialized device, model, and distributed environment.
[10-03 22:56:56] Worker 0: Scheduler loop started.
[10-03 22:56:56] [server-load] workers_ready_monotonic_ns=713979015665
[10-03 22:56:56] Processing 1 grouped request(s)

Warmup requests:   0%|          | 0/1 [00:00<?, ?req/s]
Warmup requests: 100%|██████████| 1/1 [00:03<00:00,  3.57s/req, warmup req (1024x1024, 1/30 steps), last=3.57s]
Warmup requests: 100%|██████████| 1/1 [00:03<00:00,  3.57s/req, warmup req (1024x1024, 1/30 steps), last=3.57s]
[10-03 22:56:59] The server is fired up and ready to roll!
[10-03 22:56:59] Sampling params:
                       width: 1024
                      height: 1024
                  num_frames: 1
                         fps: 24
                      prompt: <redacted, len=88>
                  neg_prompt: <redacted, len=0>
                        seed: 42
                 infer_steps: 30
      num_outputs_per_prompt: 1
              guidance_scale: 4.0
     embedded_guidance_scale: 6.0
                    n_tokens: None
                  flow_shift: None
                  image_path: None
                 save_output: True
            output_file_path: /results/anima-20261003T224511Z-017ed58d/06-candidate/outputs/sample.png
        
[10-03 22:56:59] Running pipeline stages: ['InputValidationStage', 'TextEncodingStage', 'AnimaTextConditioningStage', 'TimestepPreparationStage', 'LatentPreparationStage', 'denoising_stage', 'decoding_stage']
[10-03 22:56:59] [InputValidationStage] started...
[10-03 22:56:59] [InputValidationStage] finished in 0.0000 seconds
[10-03 22:56:59] [TextEncodingStage] started...
[10-03 22:57:00] [TextEncodingStage] finished in 0.0341 seconds
[10-03 22:57:00] [AnimaTextConditioningStage] started...
[10-03 22:57:00] [AnimaTextConditioningStage] finished in 0.0159 seconds
[10-03 22:57:00] [TimestepPreparationStage] started...
[10-03 22:57:00] [TimestepPreparationStage] finished in 0.0005 seconds
[10-03 22:57:00] [LatentPreparationStage] started...
[10-03 22:57:00] [LatentPreparationStage] finished in 0.0021 seconds
[10-03 22:57:00] [DenoisingStage] started...

  0%|          | 0/30 [00:00<?, ?it/s]
  3%|▎         | 1/30 [00:00<00:03,  8.46it/s]
  7%|▋         | 2/30 [00:00<00:03,  8.56it/s]
 10%|█         | 3/30 [00:00<00:03,  8.54it/s]
 13%|█▎        | 4/30 [00:00<00:03,  8.64it/s]
 17%|█▋        | 5/30 [00:00<00:02,  8.60it/s]
 20%|██        | 6/30 [00:00<00:02,  8.52it/s]
 23%|██▎       | 7/30 [00:00<00:02,  8.56it/s]
 27%|██▋       | 8/30 [00:00<00:02,  8.55it/s]
 30%|███       | 9/30 [00:01<00:02,  8.56it/s]
 33%|███▎      | 10/30 [00:01<00:02,  8.58it/s]
 37%|███▋      | 11/30 [00:01<00:02,  8.52it/s]
 40%|████      | 12/30 [00:01<00:02,  8.51it/s]
 43%|████▎     | 13/30 [00:01<00:02,  8.48it/s]
 47%|████▋     | 14/30 [00:01<00:01,  8.44it/s]
 50%|█████     | 15/30 [00:01<00:01,  8.47it/s]
 53%|█████▎    | 16/30 [00:01<00:01,  8.47it/s]
 57%|█████▋    | 17/30 [00:01<00:01,  8.42it/s]
 60%|██████    | 18/30 [00:02<00:01,  8.42it/s]
 63%|██████▎   | 19/30 [00:02<00:01,  8.47it/s]
 67%|██████▋   | 20/30 [00:02<00:01,  8.42it/s]
 70%|███████   | 21/30 [00:02<00:01,  8.40it/s]
 73%|███████▎  | 22/30 [00:02<00:00,  8.37it/s]
 77%|███████▋  | 23/30 [00:02<00:00,  8.41it/s]
 80%|████████  | 24/30 [00:02<00:00,  8.45it/s]
 83%|████████▎ | 25/30 [00:02<00:00,  8.45it/s]
 87%|████████▋ | 26/30 [00:03<00:00,  8.48it/s]
 90%|█████████ | 27/30 [00:03<00:00,  8.47it/s]
 93%|█████████▎| 28/30 [00:03<00:00,  8.40it/s]
 97%|█████████▋| 29/30 [00:03<00:00,  8.36it/s]
100%|██████████| 30/30 [00:03<00:00,  8.40it/s]
100%|██████████| 30/30 [00:03<00:00,  8.47it/s]
[10-03 22:57:03] [DenoisingStage] average time per step: 0.1181 seconds
[10-03 22:57:03] [DenoisingStage] finished in 3.5448 seconds
[10-03 22:57:03] [DecodingStage] started...
[10-03 22:57:04] [DecodingStage] finished in 0.4248 seconds
[10-03 22:57:04] Output saved to [1;36m/results/anima-20261003T224511Z-017ed58d/06-candidate/outputs/sample.png[0;0m
[10-03 22:57:04] Metrics dumped to: [1;36m/results/anima-20261003T224511Z-017ed58d/06-candidate/perf.json[0;0m
[10-03 22:57:04] Pixel data generated successfully in [92m7.90[0;0m seconds
[10-03 22:57:04] Warmed-up request processed in [92m4.03[0;0m seconds (with warmup excluded)
[10-03 22:57:04] Memory usage - Max peak: 5870.00 MB, Avg peak: 5870.00 MB
[10-03 22:57:04] Metrics dumped to: [1;36m/results/anima-20261003T224511Z-017ed58d/06-candidate/perf.json[0;0m
[93m[10-03 22:57:04] Generator was garbage collected without being shut down. Forcing local server and client cleanup.[0;0m
[93m[10-03 22:57:04] Local worker sglang-diffusionWorker-0 did not terminate gracefully, forcing.[0;0m
/usr/lib/python3.12/multiprocessing/resource_tracker.py:254: UserWarning: resource_tracker: There appear to be 1 leaked semaphore objects to clean up at shutdown
  warnings.warn('resource_tracker: There appear to be %d '
RESULT {"label": "06-candidate", "variant": "candidate", "profile": false, "seed": 42, "size": 1024, "steps": 30, "command": ["sglang", "generate", "--model-path", "/vol/hf-cache/hub/models--circlestone-labs--Anima-Base-v1.0-Diffusers/snapshots/073c3a9db359c31ad0e8aa268d15775473c2176c", "--model-id", "circlestone-labs/Anima-Base-v1.0-Diffusers", "--revision", "073c3a9db359c31ad0e8aa268d15775473c2176c", "--num-gpus", "1", "--enable-torch-compile=false", "--enable-breakable-cuda-graph=false", "--performance-mode=speed", "--attention-backend", "fa", "--width", "1024", "--height", "1024", "--num-inference-steps", "30", "--guidance-scale", "4", "--negative-prompt", "", "--prompt", "masterpiece, best quality, safe, watercolor landscape, a quiet seaside village at sunset", "--seed", "42", "--generator-device", "cpu", "--quality", "lossless", "--save-output", "--warmup-mode", "request", "--warmup-steps", "1", "--perf-dump-path", "/results/anima-20261003T224511Z-017ed58d/06-candidate/perf.json", "--output-path", "/results/anima-20261003T224511Z-017ed58d/06-candidate/outputs", "--output-file-name", "sample"], "total_duration_ms": 4031.3381910000317, "denoise_steps_ms": [{"step": 0, "duration_ms": 118.42526400005227}, {"step": 1, "duration_ms": 115.79236399995807}, {"step": 2, "duration_ms": 117.45614699998441}, {"step": 3, "duration_ms": 113.38185200008866}, {"step": 4, "duration_ms": 117.48329900001409}, {"step": 5, "duration_ms": 119.34504400005608}, {"step": 6, "duration_ms": 115.6561340000053}, {"step": 7, "duration_ms": 117.12931300007767}, {"step": 8, "duration_ms": 116.43556000001354}, {"step": 9, "duration_ms": 115.91874900000221}, {"step": 10, "duration_ms": 119.43034600005831}, {"step": 11, "duration_ms": 117.7879420000636}, {"step": 12, "duration_ms": 118.61674799990851}, {"step": 13, "duration_ms": 119.91454200006046}, {"step": 14, "duration_ms": 116.8711649999068}, {"step": 15, "duration_ms": 118.04467699994348}, {"step": 16, "duration_ms": 120.3322000000071}, {"step": 17, "duration_ms": 118.76361099996302}, {"step": 18, "duration_ms": 116.3566660000015}, {"step": 19, "duration_ms": 120.46414200005984}, {"step": 20, "duration_ms": 119.45523600002161}, {"step": 21, "duration_ms": 120.75941099999454}, {"step": 22, "duration_ms": 117.44325799998023}, {"step": 23, "duration_ms": 116.65525299997626}, {"step": 24, "duration_ms": 118.63187999995262}, {"step": 25, "duration_ms": 116.84553700001743}, {"step": 26, "duration_ms": 118.24991299999965}, {"step": 27, "duration_ms": 121.35875199999191}, {"step": 28, "duration_ms": 120.79987899994649}, {"step": 29, "duration_ms": 117.49402800001008}], "denoise_ms": 3541.2989120001157, "pixel_sha256": "2c12b2376dadcaac1f4b074f169b81ba15f9cf19b07832c21232fd220fe7a20c", "mode": "RGB", "png_sha256": "17057f6295cd6cf1a2affc7c2c8ae45889199edf9bde129a4a3dc1b15f9e212d", "source_sha256": "ae62fe965c2facdf224aa164a5002dc5bd2e403a48fb51cf6094179b4d254013"}
RUN ['sglang', 'generate', '--model-path', '/vol/hf-cache/hub/models--circlestone-labs--Anima-Base-v1.0-Diffusers/snapshots/073c3a9db359c31ad0e8aa268d15775473c2176c', '--model-id', 'circlestone-labs/Anima-Base-v1.0-Diffusers', '--revision', '073c3a9db359c31ad0e8aa268d15775473c2176c', '--num-gpus', '1', '--enable-torch-compile=false', '--enable-breakable-cuda-graph=false', '--performance-mode=speed', '--attention-backend', 'fa', '--width', '1024', '--height', '1024', '--num-inference-steps', '30', '--guidance-scale', '4', '--negative-prompt', '', '--prompt', 'masterpiece, best quality, safe, watercolor landscape, a quiet seaside village at sunset', '--seed', '42', '--generator-device', 'cpu', '--quality', 'lossless', '--save-output', '--warmup-mode', 'request', '--warmup-steps', '1', '--perf-dump-path', '/results/anima-20261003T224511Z-017ed58d/07-candidate/perf.json', '--output-path', '/results/anima-20261003T224511Z-017ed58d/07-candidate/outputs', '--output-file-name', 'sample']
Flax classes are deprecated and will be removed in Diffusers v1.0.0. We recommend migrating to PyTorch classes or pinning your version of Diffusers.
Flax classes are deprecated and will be removed in Diffusers v1.0.0. We recommend migrating to PyTorch classes or pinning your version of Diffusers.
--model-id 'circlestone-labs/Anima-Base-v1.0-Diffusers' did not match any registered model; falling back to automatic detection.
[10-03 22:57:46] Applying performance_mode=speed
[10-03 22:57:46] server_args: {"model_path": "/vol/hf-cache/hub/models--circlestone-labs--Anima-Base-v1.0-Diffusers/snapshots/073c3a9db359c31ad0e8aa268d15775473c2176c", "model_subfolder": null, "model_variant": null, "model_id": "circlestone-labs/Anima-Base-v1.0-Diffusers", "served_model_name": "circlestone-labs/Anima-Base-v1.0-Diffusers", "backend": "auto", "attention_backend": "fa", "enable_attention_backend_autotune": false, "attention_backend_config": {}, "component_attention_backends": {}, "cache_dit_config": null, "nccl_port": null, "enable_nccl_nvls": false, "trust_remote_code": false, "revision": "073c3a9db359c31ad0e8aa268d15775473c2176c", "num_gpus": 1, "performance_mode": "speed", "base_gpu_id": 0, "gpu_ids": null, "nnodes": 1, "node_rank": 0, "dist_init_addr": null, "tp_size": 1, "sp_degree": 1, "ulysses_degree": 1, "ring_degree": 1, "kv_gather_degree": 1, "sp_split_auto": false, "dp_size": 1, "enable_cfg_parallel": false, "cfg_parallel_degree": 1, "encoder_parallel": "auto", "hsdp_replicate_dim": 1, "hsdp_shard_dim": 1, "dist_timeout": 3600, "scheduler_rpc_timeout": null, "pipeline_class_name": null, "lora_path": null, "lora_nickname": "default", "lora_scale": 1.0, "lora_alpha": null, "lora_merge_mode": "auto", "lora_weight_name": null, "component_paths": {}, "component_weights_paths": {}, "component_direct_gpu_weight_loading": {}, "component_quantizations": {}, "component_precisions": {}, "component_quantization_ignored_layers": {}, "load_diffusion_decoder": false, "transformer_weights_path": null, "minimax_h3_adaln_cache_path": null, "minimax_h3_adaln_online": false, "minimax_h3_adaln_plan_width": 4, "minimax_h3_adaln_host_cache_gb": 8.0, "quantization": null, "quantization_ignored_layers": null, "lora_target_modules": null, "component_residency": null, "cpu_offload_components": null, "dit_cpu_offload": false, "direct_gpu_weight_loading": false, "dit_layerwise_offload": false, "layerwise_offload_components": null, "dit_offload_prefetch_size": 0.0, "dit_layerwise_resident_layers": 0.0, "dit_layerwise_residency_policy": "leading", "dit_layerwise_residency_lifetime": "forward", "layerwise_prefetch_size": {}, "layerwise_resident_layers": {}, "layerwise_residency_policy": {}, "layerwise_residency_lifetime": {}, "offload_during_compile": true, "text_encoder_cpu_offload": false, "image_encoder_cpu_offload": false, "vae_cpu_offload": false, "use_fsdp_inference": false, "pin_cpu_memory": true, "ltx2_two_stage_device_mode": null, "comfyui_mode": false, "enable_torch_compile": false, "regional_compile": false, "enable_breakable_cuda_graph": false, "bcg_text_buckets": null, "enable_layerwise_nvtx_marker": false, "warmup_mode": "request", "warmup_resolutions": null, "warmup_num_frames": null, "warmup_steps": 1, "warmup_sampling_params": null, "disable_autocast": true, "master_port": 30005, "host": "127.0.0.1", "port": 30000, "enable_metrics": false, "webui": false, "webui_port": 12312, "scheduler_port": 5629, "scheduler_ports": [5629], "batching_mode": "dynamic", "batching_max_size": 1, "batching_delay_ms": 0.0, "batching_config": null, "enable_batching_metrics": false, "strict_ports": false, "output_path": "/results/anima-20261003T224511Z-017ed58d/07-candidate/outputs", "input_save_path": "inputs/uploads", "prompt_file_path": null, "model_paths": {}, "model_loaded": {"transformer": true, "vae": true, "video_vae": true, "audio_vae": true, "video_dit": true, "audio_dit": true, "dual_tower_bridge": true}, "boundary_ratio": null, "disagg_role": "monolithic", "disagg_timeout": 3600, "disagg_downstream_wait_timeout": 1800, "disagg_dispatch_policy": "round_robin", "disagg_mode": false, "disagg_instance_id": 0, "disagg_max_slots_per_instance": 8, "disagg_transfer_redundancy": 1.25, "disagg_role_device": "auto", "disagg_transfer_backend": "auto", "disagg_transfer_pool_size": 268435456, "disagg_transfer_pin_memory": "auto", "disagg_p2p_hostname": "127.0.0.1", "disagg_ib_device": null, "disagg_server_addr": null, "encoder_urls": null, "denoiser_urls": null, "decoder_urls": null, "encoder_tp": null, "denoiser_tp": null, "denoiser_sp": null, "denoiser_ulysses": null, "denoiser_ring": null, "decoder_sp": null, "pool_work_endpoint": null, "pool_result_endpoint": null, "pool_control_endpoint": null, "pool_control_advertised_endpoint": null, "log_level": "info", "log_requests": false, "log_requests_level": 2, "log_requests_format": "text", "log_requests_target": null, "uvicorn_access_log_exclude_prefixes": [], "enable_cache_report": false, "enable_trace": false, "otlp_traces_endpoint": "localhost:4317", "otlp_service_name": null, "srt_encoder_url": null, "srt_encoder_connect_timeout": 3.05, "srt_encoder_timeout": 100, "pe_server_url": null, "prompt_enhancer_config": null}
[10-03 22:57:46] Diffusers version: 0.39.0.dev0
[10-03 22:57:46] Local mode: True
[10-03 22:57:46] Starting server...
Flax classes are deprecated and will be removed in Diffusers v1.0.0. We recommend migrating to PyTorch classes or pinning your version of Diffusers.
Flax classes are deprecated and will be removed in Diffusers v1.0.0. We recommend migrating to PyTorch classes or pinning your version of Diffusers.
[10-03 22:58:19] Scheduler (dp replica 0) bind at endpoint: tcp://127.0.0.1:5629
[10-03 22:58:19] torch.compile cache: TORCHINDUCTOR_CACHE_DIR=/root/.cache/sgl_diffusion/torch_compile_cache/inductor TRITON_CACHE_DIR=/root/.cache/sgl_diffusion/torch_compile_cache/triton
[10-03 22:58:19] Initializing distributed environment with world_size=1, device=cuda:0, timeout=3600
[10-03 22:58:19] Setting distributed timeout to 3600 seconds
[10-03 22:58:20] No pipeline_class_name specified, using model_index.json
[10-03 22:58:22] Diffusers version: 0.39.0.dev0
[93m[10-03 22:58:22] --model-id 'circlestone-labs/Anima-Base-v1.0-Diffusers' did not match any registered model; falling back to automatic detection.[0;0m
[10-03 22:58:22] Using pipeline from model_index.json: AnimaPipeline
[10-03 22:58:22] Loading pipeline modules...
[10-03 22:58:22] Model already exists locally and is complete
[10-03 22:58:22] Model path: /vol/hf-cache/hub/models--circlestone-labs--Anima-Base-v1.0-Diffusers/snapshots/073c3a9db359c31ad0e8aa268d15775473c2176c
[10-03 22:58:22] Diffusers version: 0.39.0.dev0
[10-03 22:58:22] Loading pipeline modules from config: {'_class_name': 'AnimaModularPipeline', '_diffusers_version': '0.39.0.dev0', 'scheduler': ['diffusers', 'FlowMatchEulerDiscreteScheduler'], 't5_tokenizer': ['transformers', 'T5Tokenizer'], 'text_conditioner': ['diffusers', 'AnimaTextConditioner'], 'text_encoder': ['transformers', 'Qwen3Model'], 'tokenizer': ['transformers', 'Qwen2Tokenizer'], 'transformer': ['diffusers', 'CosmosTransformer3DModel'], 'vae': ['diffusers', 'AutoencoderKLQwenImage']}
[10-03 22:58:22] Loading required components: ['text_encoder', 'tokenizer', 't5_tokenizer', 'text_conditioner', 'vae', 'transformer', 'scheduler']
[10-03 22:58:22] Memory-aware component load order: ['transformer', 'text_encoder', 'text_conditioner', 'vae', 'tokenizer', 't5_tokenizer', 'scheduler']

Loading required modules:   0%|          | 0/7 [00:00<?, ?it/s][10-03 22:58:22] Loading transformer from /vol/hf-cache/hub/models--circlestone-labs--Anima-Base-v1.0-Diffusers/snapshots/073c3a9db359c31ad0e8aa268d15775473c2176c/transformer. avail mem: 138.65 GB
[10-03 22:58:22] Loading CosmosTransformer3DModel from 1 safetensors file(s) , param_dtype: torch.bfloat16


Loading safetensors checkpoint shards: 0%|          | 0/1[A
Loading safetensors checkpoint shards: 100%|██████████| 1/1
[10-03 22:58:24] Attention backends for transformer: fa
[10-03 22:58:24] Loaded transformer: AnimaTransformer3DModel (sgl-diffusion version). model size: 3.64 GB, vram: 3.64 GB. avail GPU mem: 134.93 GB

Loading required modules:  14%|█▍        | 1/7 [00:01<00:08,  1.39s/it][10-03 22:58:24] Loading text_encoder from /vol/hf-cache/hub/models--circlestone-labs--Anima-Base-v1.0-Diffusers/snapshots/073c3a9db359c31ad0e8aa268d15775473c2176c/text_encoder. avail mem: 134.93 GB


Loading safetensors checkpoint shards: 0%|          | 0/1[A

Loading safetensors checkpoint shards: 100%|██████████| 1/1[A
Loading safetensors checkpoint shards: 100%|██████████| 1/1
[10-03 22:58:24] Attention backends for text_encoder: fa
[10-03 22:58:24] Loaded text_encoder: Qwen3ForCausalLM (sgl-diffusion version). model size: 1.12 GB, vram: 1.12 GB. avail GPU mem: 133.77 GB

Loading required modules:  29%|██▊       | 2/7 [00:02<00:05,  1.03s/it][10-03 22:58:24] Loading text_conditioner from /vol/hf-cache/hub/models--circlestone-labs--Anima-Base-v1.0-Diffusers/snapshots/073c3a9db359c31ad0e8aa268d15775473c2176c/text_conditioner. avail mem: 133.77 GB


Loading safetensors checkpoint shards: 0%|          | 0/1[A
Loading safetensors checkpoint shards: 100%|██████████| 1/1
[10-03 22:58:25] Attention backends for text_conditioner: fa
[10-03 22:58:25] Loaded text_conditioner: AnimaTextConditioner (sgl-diffusion version). model size: 0.25 GB, vram: 0.25 GB. avail GPU mem: 133.59 GB

Loading required modules:  43%|████▎     | 3/7 [00:02<00:02,  1.50it/s][10-03 22:58:25] Loading vae from /vol/hf-cache/hub/models--circlestone-labs--Anima-Base-v1.0-Diffusers/snapshots/073c3a9db359c31ad0e8aa268d15775473c2176c/vae. avail mem: 133.59 GB
[10-03 22:58:25] Qwen-Image VAE: installed quality-gated fast path (29 RMSNorm+SiLU fusions, 3 channels_last upsamples).
[10-03 22:58:25] Loaded vae: AutoencoderKLQwenImage (sgl-diffusion version). model size: 0.24 GB, vram: 0.24 GB. avail GPU mem: 133.31 GB

Loading required modules:  57%|█████▋    | 4/7 [00:02<00:01,  2.01it/s][10-03 22:58:25] Loading tokenizer from /vol/hf-cache/hub/models--circlestone-labs--Anima-Base-v1.0-Diffusers/snapshots/073c3a9db359c31ad0e8aa268d15775473c2176c/tokenizer. avail mem: 133.31 GB
[10-03 22:58:26] Loaded tokenizer: Qwen2Tokenizer (sgl-diffusion version). model size: NA GB, weights: none. avail GPU mem: 133.31 GB

Loading required modules:  71%|███████▏  | 5/7 [00:03<00:01,  1.35it/s][10-03 22:58:26] Loading t5_tokenizer from /vol/hf-cache/hub/models--circlestone-labs--Anima-Base-v1.0-Diffusers/snapshots/073c3a9db359c31ad0e8aa268d15775473c2176c/t5_tokenizer. avail mem: 133.31 GB
[10-03 22:58:26] Loaded t5_tokenizer: T5Tokenizer (sgl-diffusion version). model size: NA GB, weights: none. avail GPU mem: 133.31 GB

Loading required modules:  86%|████████▌ | 6/7 [00:03<00:00,  1.84it/s][10-03 22:58:26] Loading scheduler from /vol/hf-cache/hub/models--circlestone-labs--Anima-Base-v1.0-Diffusers/snapshots/073c3a9db359c31ad0e8aa268d15775473c2176c/scheduler. avail mem: 133.31 GB
[10-03 22:58:26] Loaded scheduler: FlowMatchEulerDiscreteScheduler (sgl-diffusion version). model size: NA GB, weights: none. avail GPU mem: 133.31 GB

Loading required modules: 100%|██████████| 7/7 [00:03<00:00,  1.76it/s]
[10-03 22:58:26] Creating pipeline stages...
[10-03 22:58:26] Using fa attention backend
[10-03 22:58:26] Pipeline instantiated
[10-03 22:58:26] Worker 0: Initialized device, model, and distributed environment.
[10-03 22:58:26] Worker 0: Scheduler loop started.
[10-03 22:58:26] [server-load] workers_ready_monotonic_ns=804250287852
[10-03 22:58:26] Processing 1 grouped request(s)

Warmup requests:   0%|          | 0/1 [00:00<?, ?req/s]
Warmup requests: 100%|██████████| 1/1 [00:03<00:00,  3.62s/req, warmup req (1024x1024, 1/30 steps), last=3.62s]
Warmup requests: 100%|██████████| 1/1 [00:03<00:00,  3.62s/req, warmup req (1024x1024, 1/30 steps), last=3.62s]
[10-03 22:58:30] The server is fired up and ready to roll!
[10-03 22:58:30] Sampling params:
                       width: 1024
                      height: 1024
                  num_frames: 1
                         fps: 24
                      prompt: <redacted, len=88>
                  neg_prompt: <redacted, len=0>
                        seed: 42
                 infer_steps: 30
      num_outputs_per_prompt: 1
              guidance_scale: 4.0
     embedded_guidance_scale: 6.0
                    n_tokens: None
                  flow_shift: None
                  image_path: None
                 save_output: True
            output_file_path: /results/anima-20261003T224511Z-017ed58d/07-candidate/outputs/sample.png
        
[10-03 22:58:30] Running pipeline stages: ['InputValidationStage', 'TextEncodingStage', 'AnimaTextConditioningStage', 'TimestepPreparationStage', 'LatentPreparationStage', 'denoising_stage', 'decoding_stage']
[10-03 22:58:30] [InputValidationStage] started...
[10-03 22:58:30] [InputValidationStage] finished in 0.0000 seconds
[10-03 22:58:30] [TextEncodingStage] started...
[10-03 22:58:30] [TextEncodingStage] finished in 0.0345 seconds
[10-03 22:58:30] [AnimaTextConditioningStage] started...
[10-03 22:58:30] [AnimaTextConditioningStage] finished in 0.0155 seconds
[10-03 22:58:30] [TimestepPreparationStage] started...
[10-03 22:58:30] [TimestepPreparationStage] finished in 0.0005 seconds
[10-03 22:58:30] [LatentPreparationStage] started...
[10-03 22:58:30] [LatentPreparationStage] finished in 0.0020 seconds
[10-03 22:58:30] [DenoisingStage] started...

  0%|          | 0/30 [00:00<?, ?it/s]
  3%|▎         | 1/30 [00:00<00:03,  8.40it/s]
  7%|▋         | 2/30 [00:00<00:03,  8.25it/s]
 10%|█         | 3/30 [00:00<00:03,  8.38it/s]
 13%|█▎        | 4/30 [00:00<00:03,  8.44it/s]
 17%|█▋        | 5/30 [00:00<00:02,  8.49it/s]
 20%|██        | 6/30 [00:00<00:02,  8.49it/s]
 23%|██▎       | 7/30 [00:00<00:02,  8.48it/s]
 27%|██▋       | 8/30 [00:00<00:02,  8.50it/s]
 30%|███       | 9/30 [00:01<00:02,  8.50it/s]
 33%|███▎      | 10/30 [00:01<00:02,  8.49it/s]
 37%|███▋      | 11/30 [00:01<00:02,  8.44it/s]
 40%|████      | 12/30 [00:01<00:02,  8.46it/s]
 43%|████▎     | 13/30 [00:01<00:02,  8.48it/s]
 47%|████▋     | 14/30 [00:01<00:01,  8.45it/s]
 50%|█████     | 15/30 [00:01<00:01,  8.45it/s]
 53%|█████▎    | 16/30 [00:01<00:01,  8.40it/s]
 57%|█████▋    | 17/30 [00:02<00:01,  8.38it/s]
 60%|██████    | 18/30 [00:02<00:01,  8.40it/s]
 63%|██████▎   | 19/30 [00:02<00:01,  8.39it/s]
 67%|██████▋   | 20/30 [00:02<00:01,  8.37it/s]
 70%|███████   | 21/30 [00:02<00:01,  8.48it/s]
 73%|███████▎  | 22/30 [00:02<00:00,  8.48it/s]
 77%|███████▋  | 23/30 [00:02<00:00,  8.47it/s]
 80%|████████  | 24/30 [00:02<00:00,  8.41it/s]
 83%|████████▎ | 25/30 [00:02<00:00,  8.46it/s]
 87%|████████▋ | 26/30 [00:03<00:00,  8.43it/s]
 90%|█████████ | 27/30 [00:03<00:00,  8.46it/s]
 93%|█████████▎| 28/30 [00:03<00:00,  8.46it/s]
 97%|█████████▋| 29/30 [00:03<00:00,  8.46it/s]
100%|██████████| 30/30 [00:03<00:00,  8.46it/s]
100%|██████████| 30/30 [00:03<00:00,  8.44it/s]
[10-03 22:58:33] [DenoisingStage] average time per step: 0.1184 seconds
[10-03 22:58:33] [DenoisingStage] finished in 3.5549 seconds
[10-03 22:58:33] [DecodingStage] started...
[10-03 22:58:34] [DecodingStage] finished in 0.3735 seconds
[10-03 22:58:34] Output saved to [1;36m/results/anima-20261003T224511Z-017ed58d/07-candidate/outputs/sample.png[0;0m
[10-03 22:58:34] Metrics dumped to: [1;36m/results/anima-20261003T224511Z-017ed58d/07-candidate/perf.json[0;0m
[10-03 22:58:34] Pixel data generated successfully in [92m7.91[0;0m seconds
[10-03 22:58:34] Warmed-up request processed in [92m3.99[0;0m seconds (with warmup excluded)
[10-03 22:58:34] Memory usage - Max peak: 5870.00 MB, Avg peak: 5870.00 MB
[10-03 22:58:34] Metrics dumped to: [1;36m/results/anima-20261003T224511Z-017ed58d/07-candidate/perf.json[0;0m
[93m[10-03 22:58:34] Generator was garbage collected without being shut down. Forcing local server and client cleanup.[0;0m
[93m[10-03 22:58:34] Local worker sglang-diffusionWorker-0 did not terminate gracefully, forcing.[0;0m
/usr/lib/python3.12/multiprocessing/resource_tracker.py:254: UserWarning: resource_tracker: There appear to be 1 leaked semaphore objects to clean up at shutdown
  warnings.warn('resource_tracker: There appear to be %d '
RESULT {"label": "07-candidate", "variant": "candidate", "profile": false, "seed": 42, "size": 1024, "steps": 30, "command": ["sglang", "generate", "--model-path", "/vol/hf-cache/hub/models--circlestone-labs--Anima-Base-v1.0-Diffusers/snapshots/073c3a9db359c31ad0e8aa268d15775473c2176c", "--model-id", "circlestone-labs/Anima-Base-v1.0-Diffusers", "--revision", "073c3a9db359c31ad0e8aa268d15775473c2176c", "--num-gpus", "1", "--enable-torch-compile=false", "--enable-breakable-cuda-graph=false", "--performance-mode=speed", "--attention-backend", "fa", "--width", "1024", "--height", "1024", "--num-inference-steps", "30", "--guidance-scale", "4", "--negative-prompt", "", "--prompt", "masterpiece, best quality, safe, watercolor landscape, a quiet seaside village at sunset", "--seed", "42", "--generator-device", "cpu", "--quality", "lossless", "--save-output", "--warmup-mode", "request", "--warmup-steps", "1", "--perf-dump-path", "/results/anima-20261003T224511Z-017ed58d/07-candidate/perf.json", "--output-path", "/results/anima-20261003T224511Z-017ed58d/07-candidate/outputs", "--output-file-name", "sample"], "total_duration_ms": 3988.637960999995, "denoise_steps_ms": [{"step": 0, "duration_ms": 119.2959840000185}, {"step": 1, "duration_ms": 122.41257300001962}, {"step": 2, "duration_ms": 117.27395599996271}, {"step": 3, "duration_ms": 117.0082819999152}, {"step": 4, "duration_ms": 116.72570600001109}, {"step": 5, "duration_ms": 117.5341320000598}, {"step": 6, "duration_ms": 118.21669400001156}, {"step": 7, "duration_ms": 116.80847799993899}, {"step": 8, "duration_ms": 117.96515000003183}, {"step": 9, "duration_ms": 118.06679199992232}, {"step": 10, "duration_ms": 119.86862399999154}, {"step": 11, "duration_ms": 117.35854300002302}, {"step": 12, "duration_ms": 117.13429899998573}, {"step": 13, "duration_ms": 119.49100300000737}, {"step": 14, "duration_ms": 118.340842000066}, {"step": 15, "duration_ms": 120.40230999991763}, {"step": 16, "duration_ms": 120.24249800003872}, {"step": 17, "duration_ms": 118.27037000000473}, {"step": 18, "duration_ms": 119.38992099999268}, {"step": 19, "duration_ms": 119.92335700006151}, {"step": 20, "duration_ms": 114.62119700001949}, {"step": 21, "duration_ms": 117.70870500004094}, {"step": 22, "duration_ms": 118.58316199993624}, {"step": 23, "duration_ms": 120.5579279999256}, {"step": 24, "duration_ms": 116.6976759999443}, {"step": 25, "duration_ms": 119.55140999998548}, {"step": 26, "duration_ms": 117.12773499994}, {"step": 27, "duration_ms": 118.0704409999862}, {"step": 28, "duration_ms": 118.43576799992661}, {"step": 29, "duration_ms": 117.98349900004723}], "denoise_ms": 3551.0670349997326, "pixel_sha256": "2c12b2376dadcaac1f4b074f169b81ba15f9cf19b07832c21232fd220fe7a20c", "mode": "RGB", "png_sha256": "17057f6295cd6cf1a2affc7c2c8ae45889199edf9bde129a4a3dc1b15f9e212d", "source_sha256": "ae62fe965c2facdf224aa164a5002dc5bd2e403a48fb51cf6094179b4d254013"}
RUN ['sglang', 'generate', '--model-path', '/vol/hf-cache/hub/models--circlestone-labs--Anima-Base-v1.0-Diffusers/snapshots/073c3a9db359c31ad0e8aa268d15775473c2176c', '--model-id', 'circlestone-labs/Anima-Base-v1.0-Diffusers', '--revision', '073c3a9db359c31ad0e8aa268d15775473c2176c', '--num-gpus', '1', '--enable-torch-compile=false', '--enable-breakable-cuda-graph=false', '--performance-mode=speed', '--attention-backend', 'fa', '--width', '1024', '--height', '1024', '--num-inference-steps', '30', '--guidance-scale', '4', '--negative-prompt', '', '--prompt', 'masterpiece, best quality, safe, watercolor landscape, a quiet seaside village at sunset', '--seed', '42', '--generator-device', 'cpu', '--quality', 'lossless', '--save-output', '--warmup-mode', 'request', '--warmup-steps', '1', '--perf-dump-path', '/results/anima-20261003T224511Z-017ed58d/08-baseline/perf.json', '--output-path', '/results/anima-20261003T224511Z-017ed58d/08-baseline/outputs', '--output-file-name', 'sample']
Flax classes are deprecated and will be removed in Diffusers v1.0.0. We recommend migrating to PyTorch classes or pinning your version of Diffusers.
Flax classes are deprecated and will be removed in Diffusers v1.0.0. We recommend migrating to PyTorch classes or pinning your version of Diffusers.
--model-id 'circlestone-labs/Anima-Base-v1.0-Diffusers' did not match any registered model; falling back to automatic detection.
[10-03 22:59:16] Applying performance_mode=speed
[10-03 22:59:16] server_args: {"model_path": "/vol/hf-cache/hub/models--circlestone-labs--Anima-Base-v1.0-Diffusers/snapshots/073c3a9db359c31ad0e8aa268d15775473c2176c", "model_subfolder": null, "model_variant": null, "model_id": "circlestone-labs/Anima-Base-v1.0-Diffusers", "served_model_name": "circlestone-labs/Anima-Base-v1.0-Diffusers", "backend": "auto", "attention_backend": "fa", "enable_attention_backend_autotune": false, "attention_backend_config": {}, "component_attention_backends": {}, "cache_dit_config": null, "nccl_port": null, "enable_nccl_nvls": false, "trust_remote_code": false, "revision": "073c3a9db359c31ad0e8aa268d15775473c2176c", "num_gpus": 1, "performance_mode": "speed", "base_gpu_id": 0, "gpu_ids": null, "nnodes": 1, "node_rank": 0, "dist_init_addr": null, "tp_size": 1, "sp_degree": 1, "ulysses_degree": 1, "ring_degree": 1, "kv_gather_degree": 1, "sp_split_auto": false, "dp_size": 1, "enable_cfg_parallel": false, "cfg_parallel_degree": 1, "encoder_parallel": "auto", "hsdp_replicate_dim": 1, "hsdp_shard_dim": 1, "dist_timeout": 3600, "scheduler_rpc_timeout": null, "pipeline_class_name": null, "lora_path": null, "lora_nickname": "default", "lora_scale": 1.0, "lora_alpha": null, "lora_merge_mode": "auto", "lora_weight_name": null, "component_paths": {}, "component_weights_paths": {}, "component_direct_gpu_weight_loading": {}, "component_quantizations": {}, "component_precisions": {}, "component_quantization_ignored_layers": {}, "load_diffusion_decoder": false, "transformer_weights_path": null, "minimax_h3_adaln_cache_path": null, "minimax_h3_adaln_online": false, "minimax_h3_adaln_plan_width": 4, "minimax_h3_adaln_host_cache_gb": 8.0, "quantization": null, "quantization_ignored_layers": null, "lora_target_modules": null, "component_residency": null, "cpu_offload_components": null, "dit_cpu_offload": false, "direct_gpu_weight_loading": false, "dit_layerwise_offload": false, "layerwise_offload_components": null, "dit_offload_prefetch_size": 0.0, "dit_layerwise_resident_layers": 0.0, "dit_layerwise_residency_policy": "leading", "dit_layerwise_residency_lifetime": "forward", "layerwise_prefetch_size": {}, "layerwise_resident_layers": {}, "layerwise_residency_policy": {}, "layerwise_residency_lifetime": {}, "offload_during_compile": true, "text_encoder_cpu_offload": false, "image_encoder_cpu_offload": false, "vae_cpu_offload": false, "use_fsdp_inference": false, "pin_cpu_memory": true, "ltx2_two_stage_device_mode": null, "comfyui_mode": false, "enable_torch_compile": false, "regional_compile": false, "enable_breakable_cuda_graph": false, "bcg_text_buckets": null, "enable_layerwise_nvtx_marker": false, "warmup_mode": "request", "warmup_resolutions": null, "warmup_num_frames": null, "warmup_steps": 1, "warmup_sampling_params": null, "disable_autocast": true, "master_port": 30005, "host": "127.0.0.1", "port": 30000, "enable_metrics": false, "webui": false, "webui_port": 12312, "scheduler_port": 5627, "scheduler_ports": [5627], "batching_mode": "dynamic", "batching_max_size": 1, "batching_delay_ms": 0.0, "batching_config": null, "enable_batching_metrics": false, "strict_ports": false, "output_path": "/results/anima-20261003T224511Z-017ed58d/08-baseline/outputs", "input_save_path": "inputs/uploads", "prompt_file_path": null, "model_paths": {}, "model_loaded": {"transformer": true, "vae": true, "video_vae": true, "audio_vae": true, "video_dit": true, "audio_dit": true, "dual_tower_bridge": true}, "boundary_ratio": null, "disagg_role": "monolithic", "disagg_timeout": 3600, "disagg_downstream_wait_timeout": 1800, "disagg_dispatch_policy": "round_robin", "disagg_mode": false, "disagg_instance_id": 0, "disagg_max_slots_per_instance": 8, "disagg_transfer_redundancy": 1.25, "disagg_role_device": "auto", "disagg_transfer_backend": "auto", "disagg_transfer_pool_size": 268435456, "disagg_transfer_pin_memory": "auto", "disagg_p2p_hostname": "127.0.0.1", "disagg_ib_device": null, "disagg_server_addr": null, "encoder_urls": null, "denoiser_urls": null, "decoder_urls": null, "encoder_tp": null, "denoiser_tp": null, "denoiser_sp": null, "denoiser_ulysses": null, "denoiser_ring": null, "decoder_sp": null, "pool_work_endpoint": null, "pool_result_endpoint": null, "pool_control_endpoint": null, "pool_control_advertised_endpoint": null, "log_level": "info", "log_requests": false, "log_requests_level": 2, "log_requests_format": "text", "log_requests_target": null, "uvicorn_access_log_exclude_prefixes": [], "enable_cache_report": false, "enable_trace": false, "otlp_traces_endpoint": "localhost:4317", "otlp_service_name": null, "srt_encoder_url": null, "srt_encoder_connect_timeout": 3.05, "srt_encoder_timeout": 100, "pe_server_url": null, "prompt_enhancer_config": null}
[10-03 22:59:16] Diffusers version: 0.39.0.dev0
[10-03 22:59:16] Local mode: True
[10-03 22:59:16] Starting server...
Flax classes are deprecated and will be removed in Diffusers v1.0.0. We recommend migrating to PyTorch classes or pinning your version of Diffusers.
Flax classes are deprecated and will be removed in Diffusers v1.0.0. We recommend migrating to PyTorch classes or pinning your version of Diffusers.
[10-03 22:59:48] Scheduler (dp replica 0) bind at endpoint: tcp://127.0.0.1:5627
[10-03 22:59:49] torch.compile cache: TORCHINDUCTOR_CACHE_DIR=/root/.cache/sgl_diffusion/torch_compile_cache/inductor TRITON_CACHE_DIR=/root/.cache/sgl_diffusion/torch_compile_cache/triton
[10-03 22:59:49] Initializing distributed environment with world_size=1, device=cuda:0, timeout=3600
[10-03 22:59:49] Setting distributed timeout to 3600 seconds
[10-03 22:59:49] No pipeline_class_name specified, using model_index.json
[10-03 22:59:52] Diffusers version: 0.39.0.dev0
[93m[10-03 22:59:52] --model-id 'circlestone-labs/Anima-Base-v1.0-Diffusers' did not match any registered model; falling back to automatic detection.[0;0m
[10-03 22:59:52] Using pipeline from model_index.json: AnimaPipeline
[10-03 22:59:52] Loading pipeline modules...
[10-03 22:59:52] Model already exists locally and is complete
[10-03 22:59:52] Model path: /vol/hf-cache/hub/models--circlestone-labs--Anima-Base-v1.0-Diffusers/snapshots/073c3a9db359c31ad0e8aa268d15775473c2176c
[10-03 22:59:52] Diffusers version: 0.39.0.dev0
[10-03 22:59:52] Loading pipeline modules from config: {'_class_name': 'AnimaModularPipeline', '_diffusers_version': '0.39.0.dev0', 'scheduler': ['diffusers', 'FlowMatchEulerDiscreteScheduler'], 't5_tokenizer': ['transformers', 'T5Tokenizer'], 'text_conditioner': ['diffusers', 'AnimaTextConditioner'], 'text_encoder': ['transformers', 'Qwen3Model'], 'tokenizer': ['transformers', 'Qwen2Tokenizer'], 'transformer': ['diffusers', 'CosmosTransformer3DModel'], 'vae': ['diffusers', 'AutoencoderKLQwenImage']}
[10-03 22:59:52] Loading required components: ['text_encoder', 'tokenizer', 't5_tokenizer', 'text_conditioner', 'vae', 'transformer', 'scheduler']
[10-03 22:59:52] Memory-aware component load order: ['transformer', 'text_encoder', 'text_conditioner', 'vae', 'tokenizer', 't5_tokenizer', 'scheduler']

Loading required modules:   0%|          | 0/7 [00:00<?, ?it/s][10-03 22:59:52] Loading transformer from /vol/hf-cache/hub/models--circlestone-labs--Anima-Base-v1.0-Diffusers/snapshots/073c3a9db359c31ad0e8aa268d15775473c2176c/transformer. avail mem: 138.65 GB
[10-03 22:59:52] Loading CosmosTransformer3DModel from 1 safetensors file(s) , param_dtype: torch.bfloat16


Loading safetensors checkpoint shards: 0%|          | 0/1[A
Loading safetensors checkpoint shards: 100%|██████████| 1/1
[10-03 22:59:53] Attention backends for transformer: fa
[10-03 22:59:53] Loaded transformer: AnimaTransformer3DModel (sgl-diffusion version). model size: 3.64 GB, vram: 3.64 GB. avail GPU mem: 134.93 GB

Loading required modules:  14%|█▍        | 1/7 [00:01<00:07,  1.23s/it][10-03 22:59:53] Loading text_encoder from /vol/hf-cache/hub/models--circlestone-labs--Anima-Base-v1.0-Diffusers/snapshots/073c3a9db359c31ad0e8aa268d15775473c2176c/text_encoder. avail mem: 134.93 GB


Loading safetensors checkpoint shards: 0%|          | 0/1[A

Loading safetensors checkpoint shards: 100%|██████████| 1/1[A
Loading safetensors checkpoint shards: 100%|██████████| 1/1
[10-03 22:59:54] Attention backends for text_encoder: fa
[10-03 22:59:54] Loaded text_encoder: Qwen3ForCausalLM (sgl-diffusion version). model size: 1.12 GB, vram: 1.12 GB. avail GPU mem: 133.77 GB

Loading required modules:  29%|██▊       | 2/7 [00:02<00:04,  1.02it/s][10-03 22:59:54] Loading text_conditioner from /vol/hf-cache/hub/models--circlestone-labs--Anima-Base-v1.0-Diffusers/snapshots/073c3a9db359c31ad0e8aa268d15775473c2176c/text_conditioner. avail mem: 133.77 GB


Loading safetensors checkpoint shards: 0%|          | 0/1[A
Loading safetensors checkpoint shards: 100%|██████████| 1/1
[10-03 22:59:54] Attention backends for text_conditioner: fa
[10-03 22:59:54] Loaded text_conditioner: AnimaTextConditioner (sgl-diffusion version). model size: 0.25 GB, vram: 0.25 GB. avail GPU mem: 133.59 GB

Loading required modules:  43%|████▎     | 3/7 [00:02<00:02,  1.59it/s][10-03 22:59:54] Loading vae from /vol/hf-cache/hub/models--circlestone-labs--Anima-Base-v1.0-Diffusers/snapshots/073c3a9db359c31ad0e8aa268d15775473c2176c/vae. avail mem: 133.59 GB
[10-03 22:59:54] Qwen-Image VAE: installed quality-gated fast path (29 RMSNorm+SiLU fusions, 3 channels_last upsamples).
[10-03 22:59:54] Loaded vae: AutoencoderKLQwenImage (sgl-diffusion version). model size: 0.24 GB, vram: 0.24 GB. avail GPU mem: 133.31 GB

Loading required modules:  57%|█████▋    | 4/7 [00:02<00:01,  2.10it/s][10-03 22:59:54] Loading tokenizer from /vol/hf-cache/hub/models--circlestone-labs--Anima-Base-v1.0-Diffusers/snapshots/073c3a9db359c31ad0e8aa268d15775473c2176c/tokenizer. avail mem: 133.31 GB
[10-03 22:59:55] Loaded tokenizer: Qwen2Tokenizer (sgl-diffusion version). model size: NA GB, weights: none. avail GPU mem: 133.31 GB

Loading required modules:  71%|███████▏  | 5/7 [00:03<00:01,  1.33it/s][10-03 22:59:55] Loading t5_tokenizer from /vol/hf-cache/hub/models--circlestone-labs--Anima-Base-v1.0-Diffusers/snapshots/073c3a9db359c31ad0e8aa268d15775473c2176c/t5_tokenizer. avail mem: 133.31 GB
[10-03 22:59:56] Loaded t5_tokenizer: T5Tokenizer (sgl-diffusion version). model size: NA GB, weights: none. avail GPU mem: 133.31 GB

Loading required modules:  86%|████████▌ | 6/7 [00:03<00:00,  1.79it/s][10-03 22:59:56] Loading scheduler from /vol/hf-cache/hub/models--circlestone-labs--Anima-Base-v1.0-Diffusers/snapshots/073c3a9db359c31ad0e8aa268d15775473c2176c/scheduler. avail mem: 133.31 GB
[10-03 22:59:56] Loaded scheduler: FlowMatchEulerDiscreteScheduler (sgl-diffusion version). model size: NA GB, weights: none. avail GPU mem: 133.31 GB

Loading required modules: 100%|██████████| 7/7 [00:03<00:00,  1.78it/s]
[10-03 22:59:56] Creating pipeline stages...
[10-03 22:59:56] Using fa attention backend
[10-03 22:59:56] Pipeline instantiated
[10-03 22:59:56] Worker 0: Initialized device, model, and distributed environment.
[10-03 22:59:56] Worker 0: Scheduler loop started.
[10-03 22:59:56] [server-load] workers_ready_monotonic_ns=893639870615
[10-03 22:59:56] Processing 1 grouped request(s)

Warmup requests:   0%|          | 0/1 [00:00<?, ?req/s]
Warmup requests: 100%|██████████| 1/1 [00:03<00:00,  3.60s/req, warmup req (1024x1024, 1/30 steps), last=3.59s]
Warmup requests: 100%|██████████| 1/1 [00:03<00:00,  3.60s/req, warmup req (1024x1024, 1/30 steps), last=3.59s]
[10-03 22:59:59] The server is fired up and ready to roll!
[10-03 22:59:59] Sampling params:
                       width: 1024
                      height: 1024
                  num_frames: 1
                         fps: 24
                      prompt: <redacted, len=88>
                  neg_prompt: <redacted, len=0>
                        seed: 42
                 infer_steps: 30
      num_outputs_per_prompt: 1
              guidance_scale: 4.0
     embedded_guidance_scale: 6.0
                    n_tokens: None
                  flow_shift: None
                  image_path: None
                 save_output: True
            output_file_path: /results/anima-20261003T224511Z-017ed58d/08-baseline/outputs/sample.png
        
[10-03 22:59:59] Running pipeline stages: ['InputValidationStage', 'TextEncodingStage', 'AnimaTextConditioningStage', 'TimestepPreparationStage', 'LatentPreparationStage', 'denoising_stage', 'decoding_stage']
[10-03 22:59:59] [InputValidationStage] started...
[10-03 22:59:59] [InputValidationStage] finished in 0.0000 seconds
[10-03 22:59:59] [TextEncodingStage] started...
[10-03 22:59:59] [TextEncodingStage] finished in 0.0350 seconds
[10-03 22:59:59] [AnimaTextConditioningStage] started...
[10-03 22:59:59] [AnimaTextConditioningStage] finished in 0.0168 seconds
[10-03 22:59:59] [TimestepPreparationStage] started...
[10-03 22:59:59] [TimestepPreparationStage] finished in 0.0004 seconds
[10-03 22:59:59] [LatentPreparationStage] started...
[10-03 22:59:59] [LatentPreparationStage] finished in 0.0023 seconds
[10-03 22:59:59] [DenoisingStage] started...

  0%|          | 0/30 [00:00<?, ?it/s]
  3%|▎         | 1/30 [00:00<00:03,  8.63it/s]
  7%|▋         | 2/30 [00:00<00:03,  8.70it/s]
 10%|█         | 3/30 [00:00<00:03,  8.63it/s]
 13%|█▎        | 4/30 [00:00<00:03,  8.55it/s]
 17%|█▋        | 5/30 [00:00<00:02,  8.63it/s]
 20%|██        | 6/30 [00:00<00:02,  8.66it/s]
 23%|██▎       | 7/30 [00:00<00:02,  8.72it/s]
 27%|██▋       | 8/30 [00:00<00:02,  8.78it/s]
 30%|███       | 9/30 [00:01<00:02,  8.78it/s]
 33%|███▎      | 10/30 [00:01<00:02,  8.76it/s]
 37%|███▋      | 11/30 [00:01<00:02,  8.77it/s]
 40%|████      | 12/30 [00:01<00:02,  8.68it/s]
 43%|████▎     | 13/30 [00:01<00:01,  8.67it/s]
 47%|████▋     | 14/30 [00:01<00:01,  8.74it/s]
 50%|█████     | 15/30 [00:01<00:01,  8.77it/s]
 53%|█████▎    | 16/30 [00:01<00:01,  8.78it/s]
 57%|█████▋    | 17/30 [00:01<00:01,  8.75it/s]
 60%|██████    | 18/30 [00:02<00:01,  8.70it/s]
 63%|██████▎   | 19/30 [00:02<00:01,  8.77it/s]
 67%|██████▋   | 20/30 [00:02<00:01,  8.77it/s]
 70%|███████   | 21/30 [00:02<00:01,  8.74it/s]
 73%|███████▎  | 22/30 [00:02<00:00,  8.69it/s]
 77%|███████▋  | 23/30 [00:02<00:00,  8.63it/s]
 80%|████████  | 24/30 [00:02<00:00,  8.64it/s]
 83%|████████▎ | 25/30 [00:02<00:00,  8.63it/s]
 87%|████████▋ | 26/30 [00:02<00:00,  8.70it/s]
 90%|█████████ | 27/30 [00:03<00:00,  8.75it/s]
 93%|█████████▎| 28/30 [00:03<00:00,  8.71it/s]
 97%|█████████▋| 29/30 [00:03<00:00,  8.72it/s]
100%|██████████| 30/30 [00:03<00:00,  8.81it/s]
100%|██████████| 30/30 [00:03<00:00,  8.72it/s]
[10-03 23:00:03] [DenoisingStage] average time per step: 0.1147 seconds
[10-03 23:00:03] [DenoisingStage] finished in 3.4428 seconds
[10-03 23:00:03] [DecodingStage] started...
[10-03 23:00:03] [DecodingStage] finished in 0.3769 seconds
[10-03 23:00:03] Output saved to [1;36m/results/anima-20261003T224511Z-017ed58d/08-baseline/outputs/sample.png[0;0m
[10-03 23:00:03] Metrics dumped to: [1;36m/results/anima-20261003T224511Z-017ed58d/08-baseline/perf.json[0;0m
[10-03 23:00:03] Pixel data generated successfully in [92m7.78[0;0m seconds
[10-03 23:00:03] Warmed-up request processed in [92m3.88[0;0m seconds (with warmup excluded)
[10-03 23:00:03] Memory usage - Max peak: 5870.00 MB, Avg peak: 5870.00 MB
[10-03 23:00:03] Metrics dumped to: [1;36m/results/anima-20261003T224511Z-017ed58d/08-baseline/perf.json[0;0m
[93m[10-03 23:00:03] Generator was garbage collected without being shut down. Forcing local server and client cleanup.[0;0m
[93m[10-03 23:00:03] Local worker sglang-diffusionWorker-0 did not terminate gracefully, forcing.[0;0m
/usr/lib/python3.12/multiprocessing/resource_tracker.py:254: UserWarning: resource_tracker: There appear to be 1 leaked semaphore objects to clean up at shutdown
  warnings.warn('resource_tracker: There appear to be %d '
RESULT {"label": "08-baseline", "variant": "baseline", "profile": false, "seed": 42, "size": 1024, "steps": 30, "command": ["sglang", "generate", "--model-path", "/vol/hf-cache/hub/models--circlestone-labs--Anima-Base-v1.0-Diffusers/snapshots/073c3a9db359c31ad0e8aa268d15775473c2176c", "--model-id", "circlestone-labs/Anima-Base-v1.0-Diffusers", "--revision", "073c3a9db359c31ad0e8aa268d15775473c2176c", "--num-gpus", "1", "--enable-torch-compile=false", "--enable-breakable-cuda-graph=false", "--performance-mode=speed", "--attention-backend", "fa", "--width", "1024", "--height", "1024", "--num-inference-steps", "30", "--guidance-scale", "4", "--negative-prompt", "", "--prompt", "masterpiece, best quality, safe, watercolor landscape, a quiet seaside village at sunset", "--seed", "42", "--generator-device", "cpu", "--quality", "lossless", "--save-output", "--warmup-mode", "request", "--warmup-steps", "1", "--perf-dump-path", "/results/anima-20261003T224511Z-017ed58d/08-baseline/perf.json", "--output-path", "/results/anima-20261003T224511Z-017ed58d/08-baseline/outputs", "--output-file-name", "sample"], "total_duration_ms": 3883.550108999998, "denoise_steps_ms": [{"step": 0, "duration_ms": 116.01809400008278}, {"step": 1, "duration_ms": 114.19049899996025}, {"step": 2, "duration_ms": 117.12933399996928}, {"step": 3, "duration_ms": 118.40508700004193}, {"step": 4, "duration_ms": 114.03621400006614}, {"step": 5, "duration_ms": 114.71715699997276}, {"step": 6, "duration_ms": 113.096106999933}, {"step": 7, "duration_ms": 112.21802000000025}, {"step": 8, "duration_ms": 113.74679899995499}, {"step": 9, "duration_ms": 114.49048299994047}, {"step": 10, "duration_ms": 113.8575209999999}, {"step": 11, "duration_ms": 117.99255999994784}, {"step": 12, "duration_ms": 115.27775899992321}, {"step": 13, "duration_ms": 112.42305500002203}, {"step": 14, "duration_ms": 112.99297599998681}, {"step": 15, "duration_ms": 113.57483699998738}, {"step": 16, "duration_ms": 115.23919900002966}, {"step": 17, "duration_ms": 116.52742299997954}, {"step": 18, "duration_ms": 111.7359029999534}, {"step": 19, "duration_ms": 113.85433299994929}, {"step": 20, "duration_ms": 115.47492300007889}, {"step": 21, "duration_ms": 116.31000700003824}, {"step": 22, "duration_ms": 117.79106599999523}, {"step": 23, "duration_ms": 115.18812600002093}, {"step": 24, "duration_ms": 116.44740000008369}, {"step": 25, "duration_ms": 112.55712699994547}, {"step": 26, "duration_ms": 112.91866399994888}, {"step": 27, "duration_ms": 116.08869299993785}, {"step": 28, "duration_ms": 114.14132699997026}, {"step": 29, "duration_ms": 110.71772200000396}], "denoise_ms": 3439.1584149997243, "pixel_sha256": "2c12b2376dadcaac1f4b074f169b81ba15f9cf19b07832c21232fd220fe7a20c", "mode": "RGB", "png_sha256": "17057f6295cd6cf1a2affc7c2c8ae45889199edf9bde129a4a3dc1b15f9e212d", "source_sha256": "a21fae70ad5b9164a4804821339ff2c1a94d826488d8de4de4cf467e1ff88cd6"}
RUN ['sglang', 'generate', '--model-path', '/vol/hf-cache/hub/models--circlestone-labs--Anima-Base-v1.0-Diffusers/snapshots/073c3a9db359c31ad0e8aa268d15775473c2176c', '--model-id', 'circlestone-labs/Anima-Base-v1.0-Diffusers', '--revision', '073c3a9db359c31ad0e8aa268d15775473c2176c', '--num-gpus', '1', '--enable-torch-compile=false', '--enable-breakable-cuda-graph=false', '--performance-mode=speed', '--attention-backend', 'fa', '--width', '512', '--height', '512', '--num-inference-steps', '30', '--guidance-scale', '4', '--negative-prompt', '', '--prompt', 'masterpiece, best quality, safe, watercolor landscape, a quiet seaside village at sunset', '--seed', '123', '--generator-device', 'cpu', '--quality', 'lossless', '--save-output', '--warmup-mode', 'request', '--warmup-steps', '1', '--perf-dump-path', '/results/anima-20261003T224511Z-017ed58d/quality-baseline/perf.json', '--output-path', '/results/anima-20261003T224511Z-017ed58d/quality-baseline/outputs', '--output-file-name', 'sample']
Flax classes are deprecated and will be removed in Diffusers v1.0.0. We recommend migrating to PyTorch classes or pinning your version of Diffusers.
Flax classes are deprecated and will be removed in Diffusers v1.0.0. We recommend migrating to PyTorch classes or pinning your version of Diffusers.
--model-id 'circlestone-labs/Anima-Base-v1.0-Diffusers' did not match any registered model; falling back to automatic detection.
[10-03 23:00:43] Applying performance_mode=speed
[10-03 23:00:43] server_args: {"model_path": "/vol/hf-cache/hub/models--circlestone-labs--Anima-Base-v1.0-Diffusers/snapshots/073c3a9db359c31ad0e8aa268d15775473c2176c", "model_subfolder": null, "model_variant": null, "model_id": "circlestone-labs/Anima-Base-v1.0-Diffusers", "served_model_name": "circlestone-labs/Anima-Base-v1.0-Diffusers", "backend": "auto", "attention_backend": "fa", "enable_attention_backend_autotune": false, "attention_backend_config": {}, "component_attention_backends": {}, "cache_dit_config": null, "nccl_port": null, "enable_nccl_nvls": false, "trust_remote_code": false, "revision": "073c3a9db359c31ad0e8aa268d15775473c2176c", "num_gpus": 1, "performance_mode": "speed", "base_gpu_id": 0, "gpu_ids": null, "nnodes": 1, "node_rank": 0, "dist_init_addr": null, "tp_size": 1, "sp_degree": 1, "ulysses_degree": 1, "ring_degree": 1, "kv_gather_degree": 1, "sp_split_auto": false, "dp_size": 1, "enable_cfg_parallel": false, "cfg_parallel_degree": 1, "encoder_parallel": "auto", "hsdp_replicate_dim": 1, "hsdp_shard_dim": 1, "dist_timeout": 3600, "scheduler_rpc_timeout": null, "pipeline_class_name": null, "lora_path": null, "lora_nickname": "default", "lora_scale": 1.0, "lora_alpha": null, "lora_merge_mode": "auto", "lora_weight_name": null, "component_paths": {}, "component_weights_paths": {}, "component_direct_gpu_weight_loading": {}, "component_quantizations": {}, "component_precisions": {}, "component_quantization_ignored_layers": {}, "load_diffusion_decoder": false, "transformer_weights_path": null, "minimax_h3_adaln_cache_path": null, "minimax_h3_adaln_online": false, "minimax_h3_adaln_plan_width": 4, "minimax_h3_adaln_host_cache_gb": 8.0, "quantization": null, "quantization_ignored_layers": null, "lora_target_modules": null, "component_residency": null, "cpu_offload_components": null, "dit_cpu_offload": false, "direct_gpu_weight_loading": false, "dit_layerwise_offload": false, "layerwise_offload_components": null, "dit_offload_prefetch_size": 0.0, "dit_layerwise_resident_layers": 0.0, "dit_layerwise_residency_policy": "leading", "dit_layerwise_residency_lifetime": "forward", "layerwise_prefetch_size": {}, "layerwise_resident_layers": {}, "layerwise_residency_policy": {}, "layerwise_residency_lifetime": {}, "offload_during_compile": true, "text_encoder_cpu_offload": false, "image_encoder_cpu_offload": false, "vae_cpu_offload": false, "use_fsdp_inference": false, "pin_cpu_memory": true, "ltx2_two_stage_device_mode": null, "comfyui_mode": false, "enable_torch_compile": false, "regional_compile": false, "enable_breakable_cuda_graph": false, "bcg_text_buckets": null, "enable_layerwise_nvtx_marker": false, "warmup_mode": "request", "warmup_resolutions": null, "warmup_num_frames": null, "warmup_steps": 1, "warmup_sampling_params": null, "disable_autocast": true, "master_port": 30005, "host": "127.0.0.1", "port": 30000, "enable_metrics": false, "webui": false, "webui_port": 12312, "scheduler_port": 5639, "scheduler_ports": [5639], "batching_mode": "dynamic", "batching_max_size": 1, "batching_delay_ms": 0.0, "batching_config": null, "enable_batching_metrics": false, "strict_ports": false, "output_path": "/results/anima-20261003T224511Z-017ed58d/quality-baseline/outputs", "input_save_path": "inputs/uploads", "prompt_file_path": null, "model_paths": {}, "model_loaded": {"transformer": true, "vae": true, "video_vae": true, "audio_vae": true, "video_dit": true, "audio_dit": true, "dual_tower_bridge": true}, "boundary_ratio": null, "disagg_role": "monolithic", "disagg_timeout": 3600, "disagg_downstream_wait_timeout": 1800, "disagg_dispatch_policy": "round_robin", "disagg_mode": false, "disagg_instance_id": 0, "disagg_max_slots_per_instance": 8, "disagg_transfer_redundancy": 1.25, "disagg_role_device": "auto", "disagg_transfer_backend": "auto", "disagg_transfer_pool_size": 268435456, "disagg_transfer_pin_memory": "auto", "disagg_p2p_hostname": "127.0.0.1", "disagg_ib_device": null, "disagg_server_addr": null, "encoder_urls": null, "denoiser_urls": null, "decoder_urls": null, "encoder_tp": null, "denoiser_tp": null, "denoiser_sp": null, "denoiser_ulysses": null, "denoiser_ring": null, "decoder_sp": null, "pool_work_endpoint": null, "pool_result_endpoint": null, "pool_control_endpoint": null, "pool_control_advertised_endpoint": null, "log_level": "info", "log_requests": false, "log_requests_level": 2, "log_requests_format": "text", "log_requests_target": null, "uvicorn_access_log_exclude_prefixes": [], "enable_cache_report": false, "enable_trace": false, "otlp_traces_endpoint": "localhost:4317", "otlp_service_name": null, "srt_encoder_url": null, "srt_encoder_connect_timeout": 3.05, "srt_encoder_timeout": 100, "pe_server_url": null, "prompt_enhancer_config": null}
[10-03 23:00:43] Diffusers version: 0.39.0.dev0
[10-03 23:00:43] Local mode: True
[10-03 23:00:44] Starting server...
Flax classes are deprecated and will be removed in Diffusers v1.0.0. We recommend migrating to PyTorch classes or pinning your version of Diffusers.
Flax classes are deprecated and will be removed in Diffusers v1.0.0. We recommend migrating to PyTorch classes or pinning your version of Diffusers.
[10-03 23:01:15] Scheduler (dp replica 0) bind at endpoint: tcp://127.0.0.1:5639
[10-03 23:01:15] torch.compile cache: TORCHINDUCTOR_CACHE_DIR=/root/.cache/sgl_diffusion/torch_compile_cache/inductor TRITON_CACHE_DIR=/root/.cache/sgl_diffusion/torch_compile_cache/triton
[10-03 23:01:15] Initializing distributed environment with world_size=1, device=cuda:0, timeout=3600
[10-03 23:01:15] Setting distributed timeout to 3600 seconds
[10-03 23:01:16] No pipeline_class_name specified, using model_index.json
[10-03 23:01:18] Diffusers version: 0.39.0.dev0
[93m[10-03 23:01:18] --model-id 'circlestone-labs/Anima-Base-v1.0-Diffusers' did not match any registered model; falling back to automatic detection.[0;0m
[10-03 23:01:18] Using pipeline from model_index.json: AnimaPipeline
[10-03 23:01:18] Loading pipeline modules...
[10-03 23:01:18] Model already exists locally and is complete
[10-03 23:01:18] Model path: /vol/hf-cache/hub/models--circlestone-labs--Anima-Base-v1.0-Diffusers/snapshots/073c3a9db359c31ad0e8aa268d15775473c2176c
[10-03 23:01:18] Diffusers version: 0.39.0.dev0
[10-03 23:01:18] Loading pipeline modules from config: {'_class_name': 'AnimaModularPipeline', '_diffusers_version': '0.39.0.dev0', 'scheduler': ['diffusers', 'FlowMatchEulerDiscreteScheduler'], 't5_tokenizer': ['transformers', 'T5Tokenizer'], 'text_conditioner': ['diffusers', 'AnimaTextConditioner'], 'text_encoder': ['transformers', 'Qwen3Model'], 'tokenizer': ['transformers', 'Qwen2Tokenizer'], 'transformer': ['diffusers', 'CosmosTransformer3DModel'], 'vae': ['diffusers', 'AutoencoderKLQwenImage']}
[10-03 23:01:18] Loading required components: ['text_encoder', 'tokenizer', 't5_tokenizer', 'text_conditioner', 'vae', 'transformer', 'scheduler']
[10-03 23:01:18] Memory-aware component load order: ['transformer', 'text_encoder', 'text_conditioner', 'vae', 'tokenizer', 't5_tokenizer', 'scheduler']

Loading required modules:   0%|          | 0/7 [00:00<?, ?it/s][10-03 23:01:18] Loading transformer from /vol/hf-cache/hub/models--circlestone-labs--Anima-Base-v1.0-Diffusers/snapshots/073c3a9db359c31ad0e8aa268d15775473c2176c/transformer. avail mem: 138.65 GB
[10-03 23:01:18] Loading CosmosTransformer3DModel from 1 safetensors file(s) , param_dtype: torch.bfloat16


Loading safetensors checkpoint shards: 0%|          | 0/1[A
Loading safetensors checkpoint shards: 100%|██████████| 1/1
[10-03 23:01:20] Attention backends for transformer: fa
[10-03 23:01:20] Loaded transformer: AnimaTransformer3DModel (sgl-diffusion version). model size: 3.64 GB, vram: 3.64 GB. avail GPU mem: 134.93 GB

Loading required modules:  14%|█▍        | 1/7 [00:01<00:07,  1.27s/it][10-03 23:01:20] Loading text_encoder from /vol/hf-cache/hub/models--circlestone-labs--Anima-Base-v1.0-Diffusers/snapshots/073c3a9db359c31ad0e8aa268d15775473c2176c/text_encoder. avail mem: 134.93 GB


Loading safetensors checkpoint shards: 0%|          | 0/1[A

Loading safetensors checkpoint shards: 100%|██████████| 1/1[A
Loading safetensors checkpoint shards: 100%|██████████| 1/1
[10-03 23:01:20] Attention backends for text_encoder: fa
[10-03 23:01:20] Loaded text_encoder: Qwen3ForCausalLM (sgl-diffusion version). model size: 1.12 GB, vram: 1.12 GB. avail GPU mem: 133.77 GB

Loading required modules:  29%|██▊       | 2/7 [00:01<00:04,  1.05it/s][10-03 23:01:20] Loading text_conditioner from /vol/hf-cache/hub/models--circlestone-labs--Anima-Base-v1.0-Diffusers/snapshots/073c3a9db359c31ad0e8aa268d15775473c2176c/text_conditioner. avail mem: 133.77 GB


Loading safetensors checkpoint shards: 0%|          | 0/1[A
Loading safetensors checkpoint shards: 100%|██████████| 1/1
[10-03 23:01:20] Attention backends for text_conditioner: fa
[10-03 23:01:21] Loaded text_conditioner: AnimaTextConditioner (sgl-diffusion version). model size: 0.25 GB, vram: 0.25 GB. avail GPU mem: 133.59 GB

Loading required modules:  43%|████▎     | 3/7 [00:02<00:02,  1.62it/s][10-03 23:01:21] Loading vae from /vol/hf-cache/hub/models--circlestone-labs--Anima-Base-v1.0-Diffusers/snapshots/073c3a9db359c31ad0e8aa268d15775473c2176c/vae. avail mem: 133.59 GB
[10-03 23:01:21] Qwen-Image VAE: installed quality-gated fast path (29 RMSNorm+SiLU fusions, 3 channels_last upsamples).
[10-03 23:01:21] Loaded vae: AutoencoderKLQwenImage (sgl-diffusion version). model size: 0.24 GB, vram: 0.24 GB. avail GPU mem: 133.31 GB

Loading required modules:  57%|█████▋    | 4/7 [00:02<00:01,  2.15it/s][10-03 23:01:21] Loading tokenizer from /vol/hf-cache/hub/models--circlestone-labs--Anima-Base-v1.0-Diffusers/snapshots/073c3a9db359c31ad0e8aa268d15775473c2176c/tokenizer. avail mem: 133.31 GB
[10-03 23:01:22] Loaded tokenizer: Qwen2Tokenizer (sgl-diffusion version). model size: NA GB, weights: none. avail GPU mem: 133.31 GB

Loading required modules:  71%|███████▏  | 5/7 [00:03<00:01,  1.31it/s][10-03 23:01:22] Loading t5_tokenizer from /vol/hf-cache/hub/models--circlestone-labs--Anima-Base-v1.0-Diffusers/snapshots/073c3a9db359c31ad0e8aa268d15775473c2176c/t5_tokenizer. avail mem: 133.31 GB
[10-03 23:01:22] Loaded t5_tokenizer: T5Tokenizer (sgl-diffusion version). model size: NA GB, weights: none. avail GPU mem: 133.31 GB

Loading required modules:  86%|████████▌ | 6/7 [00:03<00:00,  1.79it/s][10-03 23:01:22] Loading scheduler from /vol/hf-cache/hub/models--circlestone-labs--Anima-Base-v1.0-Diffusers/snapshots/073c3a9db359c31ad0e8aa268d15775473c2176c/scheduler. avail mem: 133.31 GB
[10-03 23:01:22] Loaded scheduler: FlowMatchEulerDiscreteScheduler (sgl-diffusion version). model size: NA GB, weights: none. avail GPU mem: 133.31 GB

Loading required modules: 100%|██████████| 7/7 [00:03<00:00,  1.79it/s]
[10-03 23:01:22] Creating pipeline stages...
[10-03 23:01:22] Using fa attention backend
[10-03 23:01:22] Pipeline instantiated
[10-03 23:01:22] Worker 0: Initialized device, model, and distributed environment.
[10-03 23:01:22] Worker 0: Scheduler loop started.
[10-03 23:01:22] [server-load] workers_ready_monotonic_ns=980287123057
[10-03 23:01:22] Processing 1 grouped request(s)

Warmup requests:   0%|          | 0/1 [00:00<?, ?req/s]
Warmup requests: 100%|██████████| 1/1 [00:03<00:00,  3.35s/req, warmup req (512x512, 1/30 steps), last=3.35s]
Warmup requests: 100%|██████████| 1/1 [00:03<00:00,  3.35s/req, warmup req (512x512, 1/30 steps), last=3.35s]
[10-03 23:01:26] The server is fired up and ready to roll!
[10-03 23:01:26] Sampling params:
                       width: 512
                      height: 512
                  num_frames: 1
                         fps: 24
                      prompt: <redacted, len=88>
                  neg_prompt: <redacted, len=0>
                        seed: 123
                 infer_steps: 30
      num_outputs_per_prompt: 1
              guidance_scale: 4.0
     embedded_guidance_scale: 6.0
                    n_tokens: None
                  flow_shift: None
                  image_path: None
                 save_output: True
            output_file_path: /results/anima-20261003T224511Z-017ed58d/quality-baseline/outputs/sample.png
        
[10-03 23:01:26] Running pipeline stages: ['InputValidationStage', 'TextEncodingStage', 'AnimaTextConditioningStage', 'TimestepPreparationStage', 'LatentPreparationStage', 'denoising_stage', 'decoding_stage']
[10-03 23:01:26] [InputValidationStage] started...
[10-03 23:01:26] [InputValidationStage] finished in 0.0000 seconds
[10-03 23:01:26] [TextEncodingStage] started...
[10-03 23:01:26] [TextEncodingStage] finished in 0.0343 seconds
[10-03 23:01:26] [AnimaTextConditioningStage] started...
[10-03 23:01:26] [AnimaTextConditioningStage] finished in 0.0170 seconds
[10-03 23:01:26] [TimestepPreparationStage] started...
[10-03 23:01:26] [TimestepPreparationStage] finished in 0.0005 seconds
[10-03 23:01:26] [LatentPreparationStage] started...
[10-03 23:01:26] [LatentPreparationStage] finished in 0.0009 seconds
[10-03 23:01:26] [DenoisingStage] started...

  0%|          | 0/30 [00:00<?, ?it/s]
  3%|▎         | 1/30 [00:00<00:03,  8.53it/s]
  7%|▋         | 2/30 [00:00<00:03,  8.55it/s]
 10%|█         | 3/30 [00:00<00:03,  8.72it/s]
 13%|█▎        | 4/30 [00:00<00:02,  8.75it/s]
 17%|█▋        | 5/30 [00:00<00:02,  8.74it/s]
 20%|██        | 6/30 [00:00<00:02,  8.69it/s]
 23%|██▎       | 7/30 [00:00<00:02,  8.69it/s]
 27%|██▋       | 8/30 [00:00<00:02,  8.70it/s]
 30%|███       | 9/30 [00:01<00:02,  8.62it/s]
 33%|███▎      | 10/30 [00:01<00:02,  8.66it/s]
 37%|███▋      | 11/30 [00:01<00:02,  8.64it/s]
 40%|████      | 12/30 [00:01<00:02,  8.70it/s]
 43%|████▎     | 13/30 [00:01<00:01,  8.68it/s]
 47%|████▋     | 14/30 [00:01<00:01,  8.71it/s]
 50%|█████     | 15/30 [00:01<00:01,  8.76it/s]
 53%|█████▎    | 16/30 [00:01<00:01,  8.77it/s]
 57%|█████▋    | 17/30 [00:01<00:01,  8.74it/s]
 60%|██████    | 18/30 [00:02<00:01,  8.81it/s]
 63%|██████▎   | 19/30 [00:02<00:01,  8.75it/s]
 67%|██████▋   | 20/30 [00:02<00:01,  8.73it/s]
 70%|███████   | 21/30 [00:02<00:01,  8.67it/s]
 73%|███████▎  | 22/30 [00:02<00:00,  8.65it/s]
 77%|███████▋  | 23/30 [00:02<00:00,  8.72it/s]
 80%|████████  | 24/30 [00:02<00:00,  8.74it/s]
 83%|████████▎ | 25/30 [00:02<00:00,  8.75it/s]
 87%|████████▋ | 26/30 [00:02<00:00,  8.71it/s]
 90%|█████████ | 27/30 [00:03<00:00,  8.69it/s]
 93%|█████████▎| 28/30 [00:03<00:00,  8.66it/s]
 97%|█████████▋| 29/30 [00:03<00:00,  8.62it/s]
100%|██████████| 30/30 [00:03<00:00,  8.62it/s]
100%|██████████| 30/30 [00:03<00:00,  8.69it/s]
[10-03 23:01:29] [DenoisingStage] average time per step: 0.1151 seconds
[10-03 23:01:29] [DenoisingStage] finished in 3.4538 seconds
[10-03 23:01:29] [DecodingStage] started...
[10-03 23:01:29] [DecodingStage] finished in 0.0994 seconds
[10-03 23:01:29] Output saved to [1;36m/results/anima-20261003T224511Z-017ed58d/quality-baseline/outputs/sample.png[0;0m
[10-03 23:01:29] Metrics dumped to: [1;36m/results/anima-20261003T224511Z-017ed58d/quality-baseline/perf.json[0;0m
[10-03 23:01:29] Pixel data generated successfully in [92m7.07[0;0m seconds
[10-03 23:01:29] Warmed-up request processed in [92m3.61[0;0m seconds (with warmup excluded)
[10-03 23:01:29] Memory usage - Max peak: 5842.00 MB, Avg peak: 5842.00 MB
[10-03 23:01:29] Metrics dumped to: [1;36m/results/anima-20261003T224511Z-017ed58d/quality-baseline/perf.json[0;0m
[93m[10-03 23:01:29] Generator was garbage collected without being shut down. Forcing local server and client cleanup.[0;0m
[93m[10-03 23:01:29] Local worker sglang-diffusionWorker-0 did not terminate gracefully, forcing.[0;0m
/usr/lib/python3.12/multiprocessing/resource_tracker.py:254: UserWarning: resource_tracker: There appear to be 1 leaked semaphore objects to clean up at shutdown
  warnings.warn('resource_tracker: There appear to be %d '
RESULT {"label": "quality-baseline", "variant": "baseline", "profile": false, "seed": 123, "size": 512, "steps": 30, "command": ["sglang", "generate", "--model-path", "/vol/hf-cache/hub/models--circlestone-labs--Anima-Base-v1.0-Diffusers/snapshots/073c3a9db359c31ad0e8aa268d15775473c2176c", "--model-id", "circlestone-labs/Anima-Base-v1.0-Diffusers", "--revision", "073c3a9db359c31ad0e8aa268d15775473c2176c", "--num-gpus", "1", "--enable-torch-compile=false", "--enable-breakable-cuda-graph=false", "--performance-mode=speed", "--attention-backend", "fa", "--width", "512", "--height", "512", "--num-inference-steps", "30", "--guidance-scale", "4", "--negative-prompt", "", "--prompt", "masterpiece, best quality, safe, watercolor landscape, a quiet seaside village at sunset", "--seed", "123", "--generator-device", "cpu", "--quality", "lossless", "--save-output", "--warmup-mode", "request", "--warmup-steps", "1", "--perf-dump-path", "/results/anima-20261003T224511Z-017ed58d/quality-baseline/perf.json", "--output-path", "/results/anima-20261003T224511Z-017ed58d/quality-baseline/outputs", "--output-file-name", "sample"], "total_duration_ms": 3614.0871540000035, "denoise_steps_ms": [{"step": 0, "duration_ms": 117.35953899994911}, {"step": 1, "duration_ms": 116.84511999999359}, {"step": 2, "duration_ms": 111.89952600000197}, {"step": 3, "duration_ms": 113.66963900002247}, {"step": 4, "duration_ms": 114.54601599996295}, {"step": 5, "duration_ms": 116.41986400002224}, {"step": 6, "duration_ms": 114.81922400002986}, {"step": 7, "duration_ms": 114.73415199998271}, {"step": 8, "duration_ms": 118.15283600003568}, {"step": 9, "duration_ms": 114.24000299996351}, {"step": 10, "duration_ms": 116.41662399995312}, {"step": 11, "duration_ms": 112.98851900005502}, {"step": 12, "duration_ms": 115.83509299998695}, {"step": 13, "duration_ms": 113.62951700004942}, {"step": 14, "duration_ms": 113.00275399992188}, {"step": 15, "duration_ms": 113.69992700008424}, {"step": 16, "duration_ms": 114.94492099996023}, {"step": 17, "duration_ms": 111.61516800007121}, {"step": 18, "duration_ms": 115.79504700000598}, {"step": 19, "duration_ms": 115.33632800001214}, {"step": 20, "duration_ms": 117.2237440000572}, {"step": 21, "duration_ms": 116.00836200000231}, {"step": 22, "duration_ms": 112.36646899999414}, {"step": 23, "duration_ms": 113.70205399998667}, {"step": 24, "duration_ms": 114.31740600005469}, {"step": 25, "duration_ms": 115.8663159999378}, {"step": 26, "duration_ms": 115.67061200003081}, {"step": 27, "duration_ms": 116.11562100006267}, {"step": 28, "duration_ms": 117.12825899996915}, {"step": 29, "duration_ms": 115.92795599995043}], "denoise_ms": 3450.27661600011, "pixel_sha256": "e214f0f579547bc3f045106f7bdf302b67f4a9c77436febffe5c929742f86702", "mode": "RGB", "png_sha256": "38cabc19d015704e1399ea95f30bb7a2eb971dfb9e81e78d24974c9cbca73d42", "source_sha256": "a21fae70ad5b9164a4804821339ff2c1a94d826488d8de4de4cf467e1ff88cd6"}
RUN ['sglang', 'generate', '--model-path', '/vol/hf-cache/hub/models--circlestone-labs--Anima-Base-v1.0-Diffusers/snapshots/073c3a9db359c31ad0e8aa268d15775473c2176c', '--model-id', 'circlestone-labs/Anima-Base-v1.0-Diffusers', '--revision', '073c3a9db359c31ad0e8aa268d15775473c2176c', '--num-gpus', '1', '--enable-torch-compile=false', '--enable-breakable-cuda-graph=false', '--performance-mode=speed', '--attention-backend', 'fa', '--width', '512', '--height', '512', '--num-inference-steps', '30', '--guidance-scale', '4', '--negative-prompt', '', '--prompt', 'masterpiece, best quality, safe, watercolor landscape, a quiet seaside village at sunset', '--seed', '123', '--generator-device', 'cpu', '--quality', 'lossless', '--save-output', '--warmup-mode', 'request', '--warmup-steps', '1', '--perf-dump-path', '/results/anima-20261003T224511Z-017ed58d/quality-candidate/perf.json', '--output-path', '/results/anima-20261003T224511Z-017ed58d/quality-candidate/outputs', '--output-file-name', 'sample']
Flax classes are deprecated and will be removed in Diffusers v1.0.0. We recommend migrating to PyTorch classes or pinning your version of Diffusers.
Flax classes are deprecated and will be removed in Diffusers v1.0.0. We recommend migrating to PyTorch classes or pinning your version of Diffusers.
--model-id 'circlestone-labs/Anima-Base-v1.0-Diffusers' did not match any registered model; falling back to automatic detection.
[10-03 23:02:09] Applying performance_mode=speed
[10-03 23:02:09] server_args: {"model_path": "/vol/hf-cache/hub/models--circlestone-labs--Anima-Base-v1.0-Diffusers/snapshots/073c3a9db359c31ad0e8aa268d15775473c2176c", "model_subfolder": null, "model_variant": null, "model_id": "circlestone-labs/Anima-Base-v1.0-Diffusers", "served_model_name": "circlestone-labs/Anima-Base-v1.0-Diffusers", "backend": "auto", "attention_backend": "fa", "enable_attention_backend_autotune": false, "attention_backend_config": {}, "component_attention_backends": {}, "cache_dit_config": null, "nccl_port": null, "enable_nccl_nvls": false, "trust_remote_code": false, "revision": "073c3a9db359c31ad0e8aa268d15775473c2176c", "num_gpus": 1, "performance_mode": "speed", "base_gpu_id": 0, "gpu_ids": null, "nnodes": 1, "node_rank": 0, "dist_init_addr": null, "tp_size": 1, "sp_degree": 1, "ulysses_degree": 1, "ring_degree": 1, "kv_gather_degree": 1, "sp_split_auto": false, "dp_size": 1, "enable_cfg_parallel": false, "cfg_parallel_degree": 1, "encoder_parallel": "auto", "hsdp_replicate_dim": 1, "hsdp_shard_dim": 1, "dist_timeout": 3600, "scheduler_rpc_timeout": null, "pipeline_class_name": null, "lora_path": null, "lora_nickname": "default", "lora_scale": 1.0, "lora_alpha": null, "lora_merge_mode": "auto", "lora_weight_name": null, "component_paths": {}, "component_weights_paths": {}, "component_direct_gpu_weight_loading": {}, "component_quantizations": {}, "component_precisions": {}, "component_quantization_ignored_layers": {}, "load_diffusion_decoder": false, "transformer_weights_path": null, "minimax_h3_adaln_cache_path": null, "minimax_h3_adaln_online": false, "minimax_h3_adaln_plan_width": 4, "minimax_h3_adaln_host_cache_gb": 8.0, "quantization": null, "quantization_ignored_layers": null, "lora_target_modules": null, "component_residency": null, "cpu_offload_components": null, "dit_cpu_offload": false, "direct_gpu_weight_loading": false, "dit_layerwise_offload": false, "layerwise_offload_components": null, "dit_offload_prefetch_size": 0.0, "dit_layerwise_resident_layers": 0.0, "dit_layerwise_residency_policy": "leading", "dit_layerwise_residency_lifetime": "forward", "layerwise_prefetch_size": {}, "layerwise_resident_layers": {}, "layerwise_residency_policy": {}, "layerwise_residency_lifetime": {}, "offload_during_compile": true, "text_encoder_cpu_offload": false, "image_encoder_cpu_offload": false, "vae_cpu_offload": false, "use_fsdp_inference": false, "pin_cpu_memory": true, "ltx2_two_stage_device_mode": null, "comfyui_mode": false, "enable_torch_compile": false, "regional_compile": false, "enable_breakable_cuda_graph": false, "bcg_text_buckets": null, "enable_layerwise_nvtx_marker": false, "warmup_mode": "request", "warmup_resolutions": null, "warmup_num_frames": null, "warmup_steps": 1, "warmup_sampling_params": null, "disable_autocast": true, "master_port": 30005, "host": "127.0.0.1", "port": 30000, "enable_metrics": false, "webui": false, "webui_port": 12312, "scheduler_port": 5567, "scheduler_ports": [5567], "batching_mode": "dynamic", "batching_max_size": 1, "batching_delay_ms": 0.0, "batching_config": null, "enable_batching_metrics": false, "strict_ports": false, "output_path": "/results/anima-20261003T224511Z-017ed58d/quality-candidate/outputs", "input_save_path": "inputs/uploads", "prompt_file_path": null, "model_paths": {}, "model_loaded": {"transformer": true, "vae": true, "video_vae": true, "audio_vae": true, "video_dit": true, "audio_dit": true, "dual_tower_bridge": true}, "boundary_ratio": null, "disagg_role": "monolithic", "disagg_timeout": 3600, "disagg_downstream_wait_timeout": 1800, "disagg_dispatch_policy": "round_robin", "disagg_mode": false, "disagg_instance_id": 0, "disagg_max_slots_per_instance": 8, "disagg_transfer_redundancy": 1.25, "disagg_role_device": "auto", "disagg_transfer_backend": "auto", "disagg_transfer_pool_size": 268435456, "disagg_transfer_pin_memory": "auto", "disagg_p2p_hostname": "127.0.0.1", "disagg_ib_device": null, "disagg_server_addr": null, "encoder_urls": null, "denoiser_urls": null, "decoder_urls": null, "encoder_tp": null, "denoiser_tp": null, "denoiser_sp": null, "denoiser_ulysses": null, "denoiser_ring": null, "decoder_sp": null, "pool_work_endpoint": null, "pool_result_endpoint": null, "pool_control_endpoint": null, "pool_control_advertised_endpoint": null, "log_level": "info", "log_requests": false, "log_requests_level": 2, "log_requests_format": "text", "log_requests_target": null, "uvicorn_access_log_exclude_prefixes": [], "enable_cache_report": false, "enable_trace": false, "otlp_traces_endpoint": "localhost:4317", "otlp_service_name": null, "srt_encoder_url": null, "srt_encoder_connect_timeout": 3.05, "srt_encoder_timeout": 100, "pe_server_url": null, "prompt_enhancer_config": null}
[10-03 23:02:09] Diffusers version: 0.39.0.dev0
[10-03 23:02:09] Local mode: True
[10-03 23:02:10] Starting server...
Flax classes are deprecated and will be removed in Diffusers v1.0.0. We recommend migrating to PyTorch classes or pinning your version of Diffusers.
Flax classes are deprecated and will be removed in Diffusers v1.0.0. We recommend migrating to PyTorch classes or pinning your version of Diffusers.
[10-03 23:02:42] Scheduler (dp replica 0) bind at endpoint: tcp://127.0.0.1:5567
[10-03 23:02:42] torch.compile cache: TORCHINDUCTOR_CACHE_DIR=/root/.cache/sgl_diffusion/torch_compile_cache/inductor TRITON_CACHE_DIR=/root/.cache/sgl_diffusion/torch_compile_cache/triton
[10-03 23:02:42] Initializing distributed environment with world_size=1, device=cuda:0, timeout=3600
[10-03 23:02:42] Setting distributed timeout to 3600 seconds
[10-03 23:02:43] No pipeline_class_name specified, using model_index.json
[10-03 23:02:45] Diffusers version: 0.39.0.dev0
[93m[10-03 23:02:45] --model-id 'circlestone-labs/Anima-Base-v1.0-Diffusers' did not match any registered model; falling back to automatic detection.[0;0m
[10-03 23:02:45] Using pipeline from model_index.json: AnimaPipeline
[10-03 23:02:45] Loading pipeline modules...
[10-03 23:02:45] Model already exists locally and is complete
[10-03 23:02:45] Model path: /vol/hf-cache/hub/models--circlestone-labs--Anima-Base-v1.0-Diffusers/snapshots/073c3a9db359c31ad0e8aa268d15775473c2176c
[10-03 23:02:45] Diffusers version: 0.39.0.dev0
[10-03 23:02:45] Loading pipeline modules from config: {'_class_name': 'AnimaModularPipeline', '_diffusers_version': '0.39.0.dev0', 'scheduler': ['diffusers', 'FlowMatchEulerDiscreteScheduler'], 't5_tokenizer': ['transformers', 'T5Tokenizer'], 'text_conditioner': ['diffusers', 'AnimaTextConditioner'], 'text_encoder': ['transformers', 'Qwen3Model'], 'tokenizer': ['transformers', 'Qwen2Tokenizer'], 'transformer': ['diffusers', 'CosmosTransformer3DModel'], 'vae': ['diffusers', 'AutoencoderKLQwenImage']}
[10-03 23:02:45] Loading required components: ['text_encoder', 'tokenizer', 't5_tokenizer', 'text_conditioner', 'vae', 'transformer', 'scheduler']
[10-03 23:02:45] Memory-aware component load order: ['transformer', 'text_encoder', 'text_conditioner', 'vae', 'tokenizer', 't5_tokenizer', 'scheduler']

Loading required modules:   0%|          | 0/7 [00:00<?, ?it/s][10-03 23:02:45] Loading transformer from /vol/hf-cache/hub/models--circlestone-labs--Anima-Base-v1.0-Diffusers/snapshots/073c3a9db359c31ad0e8aa268d15775473c2176c/transformer. avail mem: 138.65 GB
[10-03 23:02:45] Loading CosmosTransformer3DModel from 1 safetensors file(s) , param_dtype: torch.bfloat16


Loading safetensors checkpoint shards: 0%|          | 0/1[A
Loading safetensors checkpoint shards: 100%|██████████| 1/1
[10-03 23:02:47] Attention backends for transformer: fa
[10-03 23:02:47] Loaded transformer: AnimaTransformer3DModel (sgl-diffusion version). model size: 3.64 GB, vram: 3.64 GB. avail GPU mem: 134.93 GB

Loading required modules:  14%|█▍        | 1/7 [00:01<00:07,  1.28s/it][10-03 23:02:47] Loading text_encoder from /vol/hf-cache/hub/models--circlestone-labs--Anima-Base-v1.0-Diffusers/snapshots/073c3a9db359c31ad0e8aa268d15775473c2176c/text_encoder. avail mem: 134.93 GB


Loading safetensors checkpoint shards: 0%|          | 0/1[A

Loading safetensors checkpoint shards: 100%|██████████| 1/1[A
Loading safetensors checkpoint shards: 100%|██████████| 1/1
[10-03 23:02:47] Attention backends for text_encoder: fa
[10-03 23:02:47] Loaded text_encoder: Qwen3ForCausalLM (sgl-diffusion version). model size: 1.12 GB, vram: 1.12 GB. avail GPU mem: 133.77 GB

Loading required modules:  29%|██▊       | 2/7 [00:02<00:04,  1.05it/s][10-03 23:02:47] Loading text_conditioner from /vol/hf-cache/hub/models--circlestone-labs--Anima-Base-v1.0-Diffusers/snapshots/073c3a9db359c31ad0e8aa268d15775473c2176c/text_conditioner. avail mem: 133.77 GB


Loading safetensors checkpoint shards: 0%|          | 0/1[A
Loading safetensors checkpoint shards: 100%|██████████| 1/1
[10-03 23:02:48] Attention backends for text_conditioner: fa
[10-03 23:02:48] Loaded text_conditioner: AnimaTextConditioner (sgl-diffusion version). model size: 0.25 GB, vram: 0.25 GB. avail GPU mem: 133.59 GB

Loading required modules:  43%|████▎     | 3/7 [00:02<00:02,  1.53it/s][10-03 23:02:48] Loading vae from /vol/hf-cache/hub/models--circlestone-labs--Anima-Base-v1.0-Diffusers/snapshots/073c3a9db359c31ad0e8aa268d15775473c2176c/vae. avail mem: 133.59 GB
[10-03 23:02:48] Qwen-Image VAE: installed quality-gated fast path (29 RMSNorm+SiLU fusions, 3 channels_last upsamples).
[10-03 23:02:48] Loaded vae: AutoencoderKLQwenImage (sgl-diffusion version). model size: 0.24 GB, vram: 0.24 GB. avail GPU mem: 133.31 GB

Loading required modules:  57%|█████▋    | 4/7 [00:02<00:01,  2.04it/s][10-03 23:02:48] Loading tokenizer from /vol/hf-cache/hub/models--circlestone-labs--Anima-Base-v1.0-Diffusers/snapshots/073c3a9db359c31ad0e8aa268d15775473c2176c/tokenizer. avail mem: 133.31 GB
[10-03 23:02:49] Loaded tokenizer: Qwen2Tokenizer (sgl-diffusion version). model size: NA GB, weights: none. avail GPU mem: 133.31 GB

Loading required modules:  71%|███████▏  | 5/7 [00:03<00:01,  1.32it/s][10-03 23:02:49] Loading t5_tokenizer from /vol/hf-cache/hub/models--circlestone-labs--Anima-Base-v1.0-Diffusers/snapshots/073c3a9db359c31ad0e8aa268d15775473c2176c/t5_tokenizer. avail mem: 133.31 GB
[10-03 23:02:49] Loaded t5_tokenizer: T5Tokenizer (sgl-diffusion version). model size: NA GB, weights: none. avail GPU mem: 133.31 GB

Loading required modules:  86%|████████▌ | 6/7 [00:03<00:00,  1.81it/s][10-03 23:02:49] Loading scheduler from /vol/hf-cache/hub/models--circlestone-labs--Anima-Base-v1.0-Diffusers/snapshots/073c3a9db359c31ad0e8aa268d15775473c2176c/scheduler. avail mem: 133.31 GB
[10-03 23:02:49] Loaded scheduler: FlowMatchEulerDiscreteScheduler (sgl-diffusion version). model size: NA GB, weights: none. avail GPU mem: 133.31 GB

Loading required modules: 100%|██████████| 7/7 [00:03<00:00,  1.78it/s]
[10-03 23:02:49] Creating pipeline stages...
[10-03 23:02:49] Using fa attention backend
[10-03 23:02:49] Pipeline instantiated
[10-03 23:02:49] Worker 0: Initialized device, model, and distributed environment.
[10-03 23:02:49] Worker 0: Scheduler loop started.
[10-03 23:02:49] [server-load] workers_ready_monotonic_ns=1067290463581
[10-03 23:02:49] Processing 1 grouped request(s)

Warmup requests:   0%|          | 0/1 [00:00<?, ?req/s]
Warmup requests: 100%|██████████| 1/1 [00:03<00:00,  3.23s/req, warmup req (512x512, 1/30 steps), last=3.23s]
Warmup requests: 100%|██████████| 1/1 [00:03<00:00,  3.23s/req, warmup req (512x512, 1/30 steps), last=3.23s]
[10-03 23:02:52] The server is fired up and ready to roll!
[10-03 23:02:52] Sampling params:
                       width: 512
                      height: 512
                  num_frames: 1
                         fps: 24
                      prompt: <redacted, len=88>
                  neg_prompt: <redacted, len=0>
                        seed: 123
                 infer_steps: 30
      num_outputs_per_prompt: 1
              guidance_scale: 4.0
     embedded_guidance_scale: 6.0
                    n_tokens: None
                  flow_shift: None
                  image_path: None
                 save_output: True
            output_file_path: /results/anima-20261003T224511Z-017ed58d/quality-candidate/outputs/sample.png
        
[10-03 23:02:52] Running pipeline stages: ['InputValidationStage', 'TextEncodingStage', 'AnimaTextConditioningStage', 'TimestepPreparationStage', 'LatentPreparationStage', 'denoising_stage', 'decoding_stage']
[10-03 23:02:52] [InputValidationStage] started...
[10-03 23:02:52] [InputValidationStage] finished in 0.0000 seconds
[10-03 23:02:52] [TextEncodingStage] started...
[10-03 23:02:52] [TextEncodingStage] finished in 0.0347 seconds
[10-03 23:02:52] [AnimaTextConditioningStage] started...
[10-03 23:02:53] [AnimaTextConditioningStage] finished in 0.0166 seconds
[10-03 23:02:53] [TimestepPreparationStage] started...
[10-03 23:02:53] [TimestepPreparationStage] finished in 0.0004 seconds
[10-03 23:02:53] [LatentPreparationStage] started...
[10-03 23:02:53] [LatentPreparationStage] finished in 0.0004 seconds
[10-03 23:02:53] [DenoisingStage] started...

  0%|          | 0/30 [00:00<?, ?it/s]
  3%|▎         | 1/30 [00:00<00:03,  8.53it/s]
  7%|▋         | 2/30 [00:00<00:03,  8.43it/s]
 10%|█         | 3/30 [00:00<00:03,  8.35it/s]
 13%|█▎        | 4/30 [00:00<00:03,  8.39it/s]
 17%|█▋        | 5/30 [00:00<00:02,  8.43it/s]
 20%|██        | 6/30 [00:00<00:02,  8.49it/s]
 23%|██▎       | 7/30 [00:00<00:02,  8.51it/s]
 27%|██▋       | 8/30 [00:00<00:02,  8.43it/s]
 30%|███       | 9/30 [00:01<00:02,  8.43it/s]
 33%|███▎      | 10/30 [00:01<00:02,  8.46it/s]
 37%|███▋      | 11/30 [00:01<00:02,  8.40it/s]
 40%|████      | 12/30 [00:01<00:02,  8.40it/s]
 43%|████▎     | 13/30 [00:01<00:02,  8.40it/s]
 47%|████▋     | 14/30 [00:01<00:01,  8.32it/s]
 50%|█████     | 15/30 [00:01<00:01,  8.33it/s]
 53%|█████▎    | 16/30 [00:01<00:01,  8.38it/s]
 57%|█████▋    | 17/30 [00:02<00:01,  8.39it/s]
 60%|██████    | 18/30 [00:02<00:01,  8.41it/s]
 63%|██████▎   | 19/30 [00:02<00:01,  8.37it/s]
 67%|██████▋   | 20/30 [00:02<00:01,  8.41it/s]
 70%|███████   | 21/30 [00:02<00:01,  8.40it/s]
 73%|███████▎  | 22/30 [00:02<00:00,  8.36it/s]
 77%|███████▋  | 23/30 [00:02<00:00,  8.40it/s]
 80%|████████  | 24/30 [00:02<00:00,  8.38it/s]
 83%|████████▎ | 25/30 [00:02<00:00,  8.40it/s]
 87%|████████▋ | 26/30 [00:03<00:00,  8.40it/s]
 90%|█████████ | 27/30 [00:03<00:00,  8.41it/s]
 93%|█████████▎| 28/30 [00:03<00:00,  8.44it/s]
 97%|█████████▋| 29/30 [00:03<00:00,  8.43it/s]
100%|██████████| 30/30 [00:03<00:00,  8.41it/s]
100%|██████████| 30/30 [00:03<00:00,  8.40it/s]
[10-03 23:02:56] [DenoisingStage] average time per step: 0.1190 seconds
[10-03 23:02:56] [DenoisingStage] finished in 3.5715 seconds
[10-03 23:02:56] [DecodingStage] started...
[10-03 23:02:56] [DecodingStage] finished in 0.0992 seconds
[10-03 23:02:56] Output saved to [1;36m/results/anima-20261003T224511Z-017ed58d/quality-candidate/outputs/sample.png[0;0m
[10-03 23:02:56] Metrics dumped to: [1;36m/results/anima-20261003T224511Z-017ed58d/quality-candidate/perf.json[0;0m
[10-03 23:02:56] Pixel data generated successfully in [92m7.08[0;0m seconds
[10-03 23:02:56] Warmed-up request processed in [92m3.73[0;0m seconds (with warmup excluded)
[10-03 23:02:56] Memory usage - Max peak: 5842.00 MB, Avg peak: 5842.00 MB
[10-03 23:02:56] Metrics dumped to: [1;36m/results/anima-20261003T224511Z-017ed58d/quality-candidate/perf.json[0;0m
[93m[10-03 23:02:56] Generator was garbage collected without being shut down. Forcing local server and client cleanup.[0;0m
[93m[10-03 23:02:56] Local worker sglang-diffusionWorker-0 did not terminate gracefully, forcing.[0;0m
/usr/lib/python3.12/multiprocessing/resource_tracker.py:254: UserWarning: resource_tracker: There appear to be 1 leaked semaphore objects to clean up at shutdown
  warnings.warn('resource_tracker: There appear to be %d '
RESULT {"label": "quality-candidate", "variant": "candidate", "profile": false, "seed": 123, "size": 512, "steps": 30, "command": ["sglang", "generate", "--model-path", "/vol/hf-cache/hub/models--circlestone-labs--Anima-Base-v1.0-Diffusers/snapshots/073c3a9db359c31ad0e8aa268d15775473c2176c", "--model-id", "circlestone-labs/Anima-Base-v1.0-Diffusers", "--revision", "073c3a9db359c31ad0e8aa268d15775473c2176c", "--num-gpus", "1", "--enable-torch-compile=false", "--enable-breakable-cuda-graph=false", "--performance-mode=speed", "--attention-backend", "fa", "--width", "512", "--height", "512", "--num-inference-steps", "30", "--guidance-scale", "4", "--negative-prompt", "", "--prompt", "masterpiece, best quality, safe, watercolor landscape, a quiet seaside village at sunset", "--seed", "123", "--generator-device", "cpu", "--quality", "lossless", "--save-output", "--warmup-mode", "request", "--warmup-steps", "1", "--perf-dump-path", "/results/anima-20261003T224511Z-017ed58d/quality-candidate/perf.json", "--output-path", "/results/anima-20261003T224511Z-017ed58d/quality-candidate/outputs", "--output-file-name", "sample"], "total_duration_ms": 3731.517186000019, "denoise_steps_ms": [{"step": 0, "duration_ms": 117.468228000007}, {"step": 1, "duration_ms": 119.43393400019886}, {"step": 2, "duration_ms": 120.97246300004372}, {"step": 3, "duration_ms": 118.36455299999216}, {"step": 4, "duration_ms": 117.66826000007313}, {"step": 5, "duration_ms": 116.08156100010092}, {"step": 6, "duration_ms": 116.97927700015498}, {"step": 7, "duration_ms": 120.81150899985005}, {"step": 8, "duration_ms": 118.7752509999882}, {"step": 9, "duration_ms": 117.19906200005425}, {"step": 10, "duration_ms": 120.99393400012559}, {"step": 11, "duration_ms": 118.81466299996646}, {"step": 12, "duration_ms": 119.1329890000361}, {"step": 13, "duration_ms": 122.68347500003074}, {"step": 14, "duration_ms": 119.67158900006325}, {"step": 15, "duration_ms": 117.56228900003407}, {"step": 16, "duration_ms": 119.01588599994284}, {"step": 17, "duration_ms": 118.20078999994621}, {"step": 18, "duration_ms": 120.48465899988514}, {"step": 19, "duration_ms": 117.85798100004286}, {"step": 20, "duration_ms": 118.92922100014403}, {"step": 21, "duration_ms": 121.24228400011816}, {"step": 22, "duration_ms": 117.36038100002588}, {"step": 23, "duration_ms": 120.18310399980692}, {"step": 24, "duration_ms": 118.14096600005541}, {"step": 25, "duration_ms": 118.96840200006409}, {"step": 26, "duration_ms": 118.61491099989507}, {"step": 27, "duration_ms": 117.38918899982309}, {"step": 28, "duration_ms": 118.92328800013274}, {"step": 29, "duration_ms": 119.47428799999216}], "denoise_ms": 3567.398387000594, "pixel_sha256": "e214f0f579547bc3f045106f7bdf302b67f4a9c77436febffe5c929742f86702", "mode": "RGB", "png_sha256": "38cabc19d015704e1399ea95f30bb7a2eb971dfb9e81e78d24974c9cbca73d42", "source_sha256": "ae62fe965c2facdf224aa164a5002dc5bd2e403a48fb51cf6094179b4d254013"}
RUN ['sglang', 'generate', '--model-path', '/vol/hf-cache/hub/models--circlestone-labs--Anima-Base-v1.0-Diffusers/snapshots/073c3a9db359c31ad0e8aa268d15775473c2176c', '--model-id', 'circlestone-labs/Anima-Base-v1.0-Diffusers', '--revision', '073c3a9db359c31ad0e8aa268d15775473c2176c', '--num-gpus', '1', '--enable-torch-compile=false', '--enable-breakable-cuda-graph=false', '--performance-mode=speed', '--attention-backend', 'fa', '--width', '1024', '--height', '1024', '--num-inference-steps', '30', '--guidance-scale', '4', '--negative-prompt', '', '--prompt', 'masterpiece, best quality, safe, watercolor landscape, a quiet seaside village at sunset', '--seed', '42', '--generator-device', 'cpu', '--quality', 'lossless', '--save-output', '--warmup-mode', 'request', '--warmup-steps', '1', '--perf-dump-path', '/results/anima-20261003T224511Z-017ed58d/profile-baseline/perf.json', '--output-path', '/results/anima-20261003T224511Z-017ed58d/profile-baseline/outputs', '--output-file-name', 'sample', '--profile', '--num-profiled-timesteps', '5']
Flax classes are deprecated and will be removed in Diffusers v1.0.0. We recommend migrating to PyTorch classes or pinning your version of Diffusers.
Flax classes are deprecated and will be removed in Diffusers v1.0.0. We recommend migrating to PyTorch classes or pinning your version of Diffusers.
--model-id 'circlestone-labs/Anima-Base-v1.0-Diffusers' did not match any registered model; falling back to automatic detection.
[10-03 23:03:36] Applying performance_mode=speed
[10-03 23:03:36] server_args: {"model_path": "/vol/hf-cache/hub/models--circlestone-labs--Anima-Base-v1.0-Diffusers/snapshots/073c3a9db359c31ad0e8aa268d15775473c2176c", "model_subfolder": null, "model_variant": null, "model_id": "circlestone-labs/Anima-Base-v1.0-Diffusers", "served_model_name": "circlestone-labs/Anima-Base-v1.0-Diffusers", "backend": "auto", "attention_backend": "fa", "enable_attention_backend_autotune": false, "attention_backend_config": {}, "component_attention_backends": {}, "cache_dit_config": null, "nccl_port": null, "enable_nccl_nvls": false, "trust_remote_code": false, "revision": "073c3a9db359c31ad0e8aa268d15775473c2176c", "num_gpus": 1, "performance_mode": "speed", "base_gpu_id": 0, "gpu_ids": null, "nnodes": 1, "node_rank": 0, "dist_init_addr": null, "tp_size": 1, "sp_degree": 1, "ulysses_degree": 1, "ring_degree": 1, "kv_gather_degree": 1, "sp_split_auto": false, "dp_size": 1, "enable_cfg_parallel": false, "cfg_parallel_degree": 1, "encoder_parallel": "auto", "hsdp_replicate_dim": 1, "hsdp_shard_dim": 1, "dist_timeout": 3600, "scheduler_rpc_timeout": null, "pipeline_class_name": null, "lora_path": null, "lora_nickname": "default", "lora_scale": 1.0, "lora_alpha": null, "lora_merge_mode": "auto", "lora_weight_name": null, "component_paths": {}, "component_weights_paths": {}, "component_direct_gpu_weight_loading": {}, "component_quantizations": {}, "component_precisions": {}, "component_quantization_ignored_layers": {}, "load_diffusion_decoder": false, "transformer_weights_path": null, "minimax_h3_adaln_cache_path": null, "minimax_h3_adaln_online": false, "minimax_h3_adaln_plan_width": 4, "minimax_h3_adaln_host_cache_gb": 8.0, "quantization": null, "quantization_ignored_layers": null, "lora_target_modules": null, "component_residency": null, "cpu_offload_components": null, "dit_cpu_offload": false, "direct_gpu_weight_loading": false, "dit_layerwise_offload": false, "layerwise_offload_components": null, "dit_offload_prefetch_size": 0.0, "dit_layerwise_resident_layers": 0.0, "dit_layerwise_residency_policy": "leading", "dit_layerwise_residency_lifetime": "forward", "layerwise_prefetch_size": {}, "layerwise_resident_layers": {}, "layerwise_residency_policy": {}, "layerwise_residency_lifetime": {}, "offload_during_compile": true, "text_encoder_cpu_offload": false, "image_encoder_cpu_offload": false, "vae_cpu_offload": false, "use_fsdp_inference": false, "pin_cpu_memory": true, "ltx2_two_stage_device_mode": null, "comfyui_mode": false, "enable_torch_compile": false, "regional_compile": false, "enable_breakable_cuda_graph": false, "bcg_text_buckets": null, "enable_layerwise_nvtx_marker": false, "warmup_mode": "request", "warmup_resolutions": null, "warmup_num_frames": null, "warmup_steps": 1, "warmup_sampling_params": null, "disable_autocast": true, "master_port": 30005, "host": "127.0.0.1", "port": 30000, "enable_metrics": false, "webui": false, "webui_port": 12312, "scheduler_port": 5586, "scheduler_ports": [5586], "batching_mode": "dynamic", "batching_max_size": 1, "batching_delay_ms": 0.0, "batching_config": null, "enable_batching_metrics": false, "strict_ports": false, "output_path": "/results/anima-20261003T224511Z-017ed58d/profile-baseline/outputs", "input_save_path": "inputs/uploads", "prompt_file_path": null, "model_paths": {}, "model_loaded": {"transformer": true, "vae": true, "video_vae": true, "audio_vae": true, "video_dit": true, "audio_dit": true, "dual_tower_bridge": true}, "boundary_ratio": null, "disagg_role": "monolithic", "disagg_timeout": 3600, "disagg_downstream_wait_timeout": 1800, "disagg_dispatch_policy": "round_robin", "disagg_mode": false, "disagg_instance_id": 0, "disagg_max_slots_per_instance": 8, "disagg_transfer_redundancy": 1.25, "disagg_role_device": "auto", "disagg_transfer_backend": "auto", "disagg_transfer_pool_size": 268435456, "disagg_transfer_pin_memory": "auto", "disagg_p2p_hostname": "127.0.0.1", "disagg_ib_device": null, "disagg_server_addr": null, "encoder_urls": null, "denoiser_urls": null, "decoder_urls": null, "encoder_tp": null, "denoiser_tp": null, "denoiser_sp": null, "denoiser_ulysses": null, "denoiser_ring": null, "decoder_sp": null, "pool_work_endpoint": null, "pool_result_endpoint": null, "pool_control_endpoint": null, "pool_control_advertised_endpoint": null, "log_level": "info", "log_requests": false, "log_requests_level": 2, "log_requests_format": "text", "log_requests_target": null, "uvicorn_access_log_exclude_prefixes": [], "enable_cache_report": false, "enable_trace": false, "otlp_traces_endpoint": "localhost:4317", "otlp_service_name": null, "srt_encoder_url": null, "srt_encoder_connect_timeout": 3.05, "srt_encoder_timeout": 100, "pe_server_url": null, "prompt_enhancer_config": null}
[10-03 23:03:36] Diffusers version: 0.39.0.dev0
[10-03 23:03:36] Local mode: True
[10-03 23:03:36] Starting server...
Flax classes are deprecated and will be removed in Diffusers v1.0.0. We recommend migrating to PyTorch classes or pinning your version of Diffusers.
Flax classes are deprecated and will be removed in Diffusers v1.0.0. We recommend migrating to PyTorch classes or pinning your version of Diffusers.
[10-03 23:04:08] Scheduler (dp replica 0) bind at endpoint: tcp://127.0.0.1:5586
[10-03 23:04:09] torch.compile cache: TORCHINDUCTOR_CACHE_DIR=/root/.cache/sgl_diffusion/torch_compile_cache/inductor TRITON_CACHE_DIR=/root/.cache/sgl_diffusion/torch_compile_cache/triton
[10-03 23:04:09] Initializing distributed environment with world_size=1, device=cuda:0, timeout=3600
[10-03 23:04:09] Setting distributed timeout to 3600 seconds
[10-03 23:04:09] No pipeline_class_name specified, using model_index.json
[10-03 23:04:12] Diffusers version: 0.39.0.dev0
[93m[10-03 23:04:12] --model-id 'circlestone-labs/Anima-Base-v1.0-Diffusers' did not match any registered model; falling back to automatic detection.[0;0m
[10-03 23:04:12] Using pipeline from model_index.json: AnimaPipeline
[10-03 23:04:12] Loading pipeline modules...
[10-03 23:04:12] Model already exists locally and is complete
[10-03 23:04:12] Model path: /vol/hf-cache/hub/models--circlestone-labs--Anima-Base-v1.0-Diffusers/snapshots/073c3a9db359c31ad0e8aa268d15775473c2176c
[10-03 23:04:12] Diffusers version: 0.39.0.dev0
[10-03 23:04:12] Loading pipeline modules from config: {'_class_name': 'AnimaModularPipeline', '_diffusers_version': '0.39.0.dev0', 'scheduler': ['diffusers', 'FlowMatchEulerDiscreteScheduler'], 't5_tokenizer': ['transformers', 'T5Tokenizer'], 'text_conditioner': ['diffusers', 'AnimaTextConditioner'], 'text_encoder': ['transformers', 'Qwen3Model'], 'tokenizer': ['transformers', 'Qwen2Tokenizer'], 'transformer': ['diffusers', 'CosmosTransformer3DModel'], 'vae': ['diffusers', 'AutoencoderKLQwenImage']}
[10-03 23:04:12] Loading required components: ['text_encoder', 'tokenizer', 't5_tokenizer', 'text_conditioner', 'vae', 'transformer', 'scheduler']
[10-03 23:04:12] Memory-aware component load order: ['transformer', 'text_encoder', 'text_conditioner', 'vae', 'tokenizer', 't5_tokenizer', 'scheduler']

Loading required modules:   0%|          | 0/7 [00:00<?, ?it/s][10-03 23:04:12] Loading transformer from /vol/hf-cache/hub/models--circlestone-labs--Anima-Base-v1.0-Diffusers/snapshots/073c3a9db359c31ad0e8aa268d15775473c2176c/transformer. avail mem: 138.65 GB
[10-03 23:04:12] Loading CosmosTransformer3DModel from 1 safetensors file(s) , param_dtype: torch.bfloat16


Loading safetensors checkpoint shards: 0%|          | 0/1[A
Loading safetensors checkpoint shards: 100%|██████████| 1/1
[10-03 23:04:13] Attention backends for transformer: fa
[10-03 23:04:13] Loaded transformer: AnimaTransformer3DModel (sgl-diffusion version). model size: 3.64 GB, vram: 3.64 GB. avail GPU mem: 134.93 GB

Loading required modules:  14%|█▍        | 1/7 [00:01<00:07,  1.22s/it][10-03 23:04:13] Loading text_encoder from /vol/hf-cache/hub/models--circlestone-labs--Anima-Base-v1.0-Diffusers/snapshots/073c3a9db359c31ad0e8aa268d15775473c2176c/text_encoder. avail mem: 134.93 GB


Loading safetensors checkpoint shards: 0%|          | 0/1[A

Loading safetensors checkpoint shards: 100%|██████████| 1/1[A
Loading safetensors checkpoint shards: 100%|██████████| 1/1
[10-03 23:04:14] Attention backends for text_encoder: fa
[10-03 23:04:14] Loaded text_encoder: Qwen3ForCausalLM (sgl-diffusion version). model size: 1.12 GB, vram: 1.12 GB. avail GPU mem: 133.77 GB

Loading required modules:  29%|██▊       | 2/7 [00:02<00:04,  1.02it/s][10-03 23:04:14] Loading text_conditioner from /vol/hf-cache/hub/models--circlestone-labs--Anima-Base-v1.0-Diffusers/snapshots/073c3a9db359c31ad0e8aa268d15775473c2176c/text_conditioner. avail mem: 133.77 GB


Loading safetensors checkpoint shards: 0%|          | 0/1[A
Loading safetensors checkpoint shards: 100%|██████████| 1/1
[10-03 23:04:14] Attention backends for text_conditioner: fa
[10-03 23:04:14] Loaded text_conditioner: AnimaTextConditioner (sgl-diffusion version). model size: 0.25 GB, vram: 0.25 GB. avail GPU mem: 133.59 GB

Loading required modules:  43%|████▎     | 3/7 [00:02<00:02,  1.58it/s][10-03 23:04:14] Loading vae from /vol/hf-cache/hub/models--circlestone-labs--Anima-Base-v1.0-Diffusers/snapshots/073c3a9db359c31ad0e8aa268d15775473c2176c/vae. avail mem: 133.59 GB
[10-03 23:04:14] Qwen-Image VAE: installed quality-gated fast path (29 RMSNorm+SiLU fusions, 3 channels_last upsamples).
[10-03 23:04:14] Loaded vae: AutoencoderKLQwenImage (sgl-diffusion version). model size: 0.24 GB, vram: 0.24 GB. avail GPU mem: 133.31 GB

Loading required modules:  57%|█████▋    | 4/7 [00:02<00:01,  2.10it/s][10-03 23:04:14] Loading tokenizer from /vol/hf-cache/hub/models--circlestone-labs--Anima-Base-v1.0-Diffusers/snapshots/073c3a9db359c31ad0e8aa268d15775473c2176c/tokenizer. avail mem: 133.31 GB
[10-03 23:04:15] Loaded tokenizer: Qwen2Tokenizer (sgl-diffusion version). model size: NA GB, weights: none. avail GPU mem: 133.31 GB

Loading required modules:  71%|███████▏  | 5/7 [00:03<00:01,  1.38it/s][10-03 23:04:15] Loading t5_tokenizer from /vol/hf-cache/hub/models--circlestone-labs--Anima-Base-v1.0-Diffusers/snapshots/073c3a9db359c31ad0e8aa268d15775473c2176c/t5_tokenizer. avail mem: 133.31 GB
[10-03 23:04:15] Loaded t5_tokenizer: T5Tokenizer (sgl-diffusion version). model size: NA GB, weights: none. avail GPU mem: 133.31 GB

Loading required modules:  86%|████████▌ | 6/7 [00:03<00:00,  1.88it/s][10-03 23:04:15] Loading scheduler from /vol/hf-cache/hub/models--circlestone-labs--Anima-Base-v1.0-Diffusers/snapshots/073c3a9db359c31ad0e8aa268d15775473c2176c/scheduler. avail mem: 133.31 GB
[10-03 23:04:15] Loaded scheduler: FlowMatchEulerDiscreteScheduler (sgl-diffusion version). model size: NA GB, weights: none. avail GPU mem: 133.31 GB

Loading required modules: 100%|██████████| 7/7 [00:03<00:00,  1.83it/s]
[10-03 23:04:15] Creating pipeline stages...
[10-03 23:04:15] Using fa attention backend
[10-03 23:04:15] Pipeline instantiated
[10-03 23:04:15] Worker 0: Initialized device, model, and distributed environment.
[10-03 23:04:15] Worker 0: Scheduler loop started.
[10-03 23:04:15] [server-load] workers_ready_monotonic_ns=1153564625451
[10-03 23:04:15] Processing 1 grouped request(s)

Warmup requests:   0%|          | 0/1 [00:00<?, ?req/s]
Warmup requests: 100%|██████████| 1/1 [00:03<00:00,  3.51s/req, warmup req (1024x1024, 1/30 steps), last=3.51s]
Warmup requests: 100%|██████████| 1/1 [00:03<00:00,  3.51s/req, warmup req (1024x1024, 1/30 steps), last=3.51s]
[10-03 23:04:19] The server is fired up and ready to roll!
[10-03 23:04:19] Sampling params:
                       width: 1024
                      height: 1024
                  num_frames: 1
                         fps: 24
                      prompt: <redacted, len=88>
                  neg_prompt: <redacted, len=0>
                        seed: 42
                 infer_steps: 30
      num_outputs_per_prompt: 1
              guidance_scale: 4.0
     embedded_guidance_scale: 6.0
                    n_tokens: None
                  flow_shift: None
                  image_path: None
                 save_output: True
            output_file_path: /results/anima-20261003T224511Z-017ed58d/profile-baseline/outputs/sample.png
        
[10-03 23:04:19] Running pipeline stages: ['InputValidationStage', 'TextEncodingStage', 'AnimaTextConditioningStage', 'TimestepPreparationStage', 'LatentPreparationStage', 'denoising_stage', 'decoding_stage']
[10-03 23:04:19] Profiling request: 84affe4d-72cc-4d64-940a-1fc441121833 for 5 steps...
[10-03 23:04:19] Starting Profiler...
[10-03 23:04:19] [InputValidationStage] started...
[10-03 23:04:19] [InputValidationStage] finished in 0.0001 seconds
[10-03 23:04:19] [TextEncodingStage] started...
[10-03 23:04:19] [TextEncodingStage] finished in 0.0437 seconds
[10-03 23:04:19] [AnimaTextConditioningStage] started...
[10-03 23:04:19] [AnimaTextConditioningStage] finished in 0.0218 seconds
[10-03 23:04:19] [TimestepPreparationStage] started...
[10-03 23:04:19] [TimestepPreparationStage] finished in 0.0005 seconds
[10-03 23:04:19] [LatentPreparationStage] started...
[10-03 23:04:19] [LatentPreparationStage] finished in 0.0023 seconds
[10-03 23:04:19] [DenoisingStage] started...

  0%|          | 0/30 [00:00<?, ?it/s]
  3%|▎         | 1/30 [00:00<00:04,  6.18it/s]USDT:2026-10-03 23:04:19 1705:1705 SyncActivityProfilerHandler.cpp:52] profiler_start

  7%|▋         | 2/30 [00:00<00:07,  3.80it/s]
 10%|█         | 3/30 [00:00<00:07,  3.40it/s]
 13%|█▎        | 4/30 [00:01<00:07,  3.27it/s]
 17%|█▋        | 5/30 [00:01<00:07,  3.21it/s]
 20%|██        | 6/30 [00:01<00:07,  3.19it/s]
 23%|██▎       | 7/30 [00:02<00:07,  3.13it/s]USDT:2026-10-03 23:04:23 1705:1705 SyncActivityProfilerHandler.cpp:59] profiler_stop

 27%|██▋       | 8/30 [00:06<00:34,  1.57s/it][10-03 23:04:25] Stopping Profiler...
[10-03 23:04:41] Saved profiler traces to: [1;36m/results/anima-20261003T224511Z-017ed58d/profile-baseline/traces/84affe4d-72cc-4d64-940a-1fc441121833-5_steps-global-rank0.trace.json.gz[0;0m

 30%|███       | 9/30 [00:21<02:02,  5.82s/it]
 33%|███▎      | 10/30 [00:21<01:21,  4.07s/it]
 37%|███▋      | 11/30 [00:21<00:54,  2.87s/it]
 40%|████      | 12/30 [00:21<00:36,  2.04s/it]
 43%|████▎     | 13/30 [00:22<00:24,  1.47s/it]
 47%|████▋     | 14/30 [00:22<00:17,  1.07s/it]
 50%|█████     | 15/30 [00:22<00:11,  1.26it/s]
 53%|█████▎    | 16/30 [00:22<00:08,  1.67it/s]
 57%|█████▋    | 17/30 [00:22<00:06,  2.16it/s]
 60%|██████    | 18/30 [00:22<00:04,  2.72it/s]
 63%|██████▎   | 19/30 [00:23<00:03,  3.31it/s]
 67%|██████▋   | 20/30 [00:23<00:02,  3.91it/s]
 70%|███████   | 21/30 [00:23<00:02,  4.46it/s]
 73%|███████▎  | 22/30 [00:23<00:01,  4.96it/s]
 77%|███████▋  | 23/30 [00:23<00:01,  5.38it/s]
 80%|████████  | 24/30 [00:23<00:01,  5.72it/s]
 83%|████████▎ | 25/30 [00:23<00:00,  6.00it/s]
 87%|████████▋ | 26/30 [00:24<00:00,  6.18it/s]
 90%|█████████ | 27/30 [00:24<00:00,  6.31it/s]
 93%|█████████▎| 28/30 [00:24<00:00,  6.41it/s]
 97%|█████████▋| 29/30 [00:24<00:00,  6.48it/s]
100%|██████████| 30/30 [00:24<00:00,  6.54it/s]
100%|██████████| 30/30 [00:24<00:00,  1.22it/s]
[10-03 23:04:44] [DenoisingStage] average time per step: 0.8222 seconds
[10-03 23:04:44] [DenoisingStage] finished in 24.6681 seconds
[10-03 23:04:44] [DecodingStage] started...
[10-03 23:04:44] [DecodingStage] finished in 0.4622 seconds
[10-03 23:04:45] Output saved to [1;36m/results/anima-20261003T224511Z-017ed58d/profile-baseline/outputs/sample.png[0;0m
[10-03 23:04:45] Metrics dumped to: [1;36m/results/anima-20261003T224511Z-017ed58d/profile-baseline/perf.json[0;0m
[10-03 23:04:45] Pixel data generated successfully in [92m29.66[0;0m seconds
[10-03 23:04:45] Warmed-up request processed in [92m25.26[0;0m seconds (with warmup excluded)
[10-03 23:04:45] Memory usage - Max peak: 5870.00 MB, Avg peak: 5870.00 MB
[10-03 23:04:45] Metrics dumped to: [1;36m/results/anima-20261003T224511Z-017ed58d/profile-baseline/perf.json[0;0m
[93m[10-03 23:04:45] Generator was garbage collected without being shut down. Forcing local server and client cleanup.[0;0m
[93m[10-03 23:04:45] Local worker sglang-diffusionWorker-0 did not terminate gracefully, forcing.[0;0m
/usr/lib/python3.12/multiprocessing/resource_tracker.py:254: UserWarning: resource_tracker: There appear to be 1 leaked semaphore objects to clean up at shutdown
  warnings.warn('resource_tracker: There appear to be %d '
RESULT {"label": "profile-baseline", "variant": "baseline", "profile": true, "seed": 42, "size": 1024, "steps": 30, "command": ["sglang", "generate", "--model-path", "/vol/hf-cache/hub/models--circlestone-labs--Anima-Base-v1.0-Diffusers/snapshots/073c3a9db359c31ad0e8aa268d15775473c2176c", "--model-id", "circlestone-labs/Anima-Base-v1.0-Diffusers", "--revision", "073c3a9db359c31ad0e8aa268d15775473c2176c", "--num-gpus", "1", "--enable-torch-compile=false", "--enable-breakable-cuda-graph=false", "--performance-mode=speed", "--attention-backend", "fa", "--width", "1024", "--height", "1024", "--num-inference-steps", "30", "--guidance-scale", "4", "--negative-prompt", "", "--prompt", "masterpiece, best quality, safe, watercolor landscape, a quiet seaside village at sunset", "--seed", "42", "--generator-device", "cpu", "--quality", "lossless", "--save-output", "--warmup-mode", "request", "--warmup-steps", "1", "--perf-dump-path", "/results/anima-20261003T224511Z-017ed58d/profile-baseline/perf.json", "--output-path", "/results/anima-20261003T224511Z-017ed58d/profile-baseline/outputs", "--output-file-name", "sample", "--profile", "--num-profiled-timesteps", "5"], "total_duration_ms": 25257.15688900004, "denoise_steps_ms": [{"step": 0, "duration_ms": 163.0719610000142}, {"step": 1, "duration_ms": 333.10996299996987}, {"step": 2, "duration_ms": 331.2845830000697}, {"step": 3, "duration_ms": 323.6132389999966}, {"step": 4, "duration_ms": 322.11499100003493}, {"step": 5, "duration_ms": 316.58197499996277}, {"step": 6, "duration_ms": 4419.951161999961}, {"step": 7, "duration_ms": 15180.540763999943}, {"step": 8, "duration_ms": 150.5987069999719}, {"step": 9, "duration_ms": 149.486109999998}, {"step": 10, "duration_ms": 149.98572000013155}, {"step": 11, "duration_ms": 145.12044699995386}, {"step": 12, "duration_ms": 146.38373200000387}, {"step": 13, "duration_ms": 147.4204409998947}, {"step": 14, "duration_ms": 146.6753269999117}, {"step": 15, "duration_ms": 148.51025000007212}, {"step": 16, "duration_ms": 149.7066269998868}, {"step": 17, "duration_ms": 145.64956000003804}, {"step": 18, "duration_ms": 149.29725899992263}, {"step": 19, "duration_ms": 148.75091899989457}, {"step": 20, "duration_ms": 149.94692100003704}, {"step": 21, "duration_ms": 148.7207379998381}, {"step": 22, "duration_ms": 149.19020199999977}, {"step": 23, "duration_ms": 149.256959000013}, {"step": 24, "duration_ms": 147.66475900000842}, {"step": 25, "duration_ms": 149.87380000002304}, {"step": 26, "duration_ms": 151.05239300009998}, {"step": 27, "duration_ms": 150.21865699986847}, {"step": 28, "duration_ms": 150.4144410000663}, {"step": 29, "duration_ms": 149.60883000003378}], "denoise_ms": 24663.80143699962, "pixel_sha256": "2c12b2376dadcaac1f4b074f169b81ba15f9cf19b07832c21232fd220fe7a20c", "mode": "RGB", "png_sha256": "17057f6295cd6cf1a2affc7c2c8ae45889199edf9bde129a4a3dc1b15f9e212d", "source_sha256": "4530bfa85c2261848a4c8b3abac270d59fca19d1f1cba4d51fd1ccf16855d046"}
RUN ['sglang', 'generate', '--model-path', '/vol/hf-cache/hub/models--circlestone-labs--Anima-Base-v1.0-Diffusers/snapshots/073c3a9db359c31ad0e8aa268d15775473c2176c', '--model-id', 'circlestone-labs/Anima-Base-v1.0-Diffusers', '--revision', '073c3a9db359c31ad0e8aa268d15775473c2176c', '--num-gpus', '1', '--enable-torch-compile=false', '--enable-breakable-cuda-graph=false', '--performance-mode=speed', '--attention-backend', 'fa', '--width', '1024', '--height', '1024', '--num-inference-steps', '30', '--guidance-scale', '4', '--negative-prompt', '', '--prompt', 'masterpiece, best quality, safe, watercolor landscape, a quiet seaside village at sunset', '--seed', '42', '--generator-device', 'cpu', '--quality', 'lossless', '--save-output', '--warmup-mode', 'request', '--warmup-steps', '1', '--perf-dump-path', '/results/anima-20261003T224511Z-017ed58d/profile-candidate/perf.json', '--output-path', '/results/anima-20261003T224511Z-017ed58d/profile-candidate/outputs', '--output-file-name', 'sample', '--profile', '--num-profiled-timesteps', '5']
Flax classes are deprecated and will be removed in Diffusers v1.0.0. We recommend migrating to PyTorch classes or pinning your version of Diffusers.
Flax classes are deprecated and will be removed in Diffusers v1.0.0. We recommend migrating to PyTorch classes or pinning your version of Diffusers.
--model-id 'circlestone-labs/Anima-Base-v1.0-Diffusers' did not match any registered model; falling back to automatic detection.
[10-03 23:05:27] Applying performance_mode=speed
[10-03 23:05:27] server_args: {"model_path": "/vol/hf-cache/hub/models--circlestone-labs--Anima-Base-v1.0-Diffusers/snapshots/073c3a9db359c31ad0e8aa268d15775473c2176c", "model_subfolder": null, "model_variant": null, "model_id": "circlestone-labs/Anima-Base-v1.0-Diffusers", "served_model_name": "circlestone-labs/Anima-Base-v1.0-Diffusers", "backend": "auto", "attention_backend": "fa", "enable_attention_backend_autotune": false, "attention_backend_config": {}, "component_attention_backends": {}, "cache_dit_config": null, "nccl_port": null, "enable_nccl_nvls": false, "trust_remote_code": false, "revision": "073c3a9db359c31ad0e8aa268d15775473c2176c", "num_gpus": 1, "performance_mode": "speed", "base_gpu_id": 0, "gpu_ids": null, "nnodes": 1, "node_rank": 0, "dist_init_addr": null, "tp_size": 1, "sp_degree": 1, "ulysses_degree": 1, "ring_degree": 1, "kv_gather_degree": 1, "sp_split_auto": false, "dp_size": 1, "enable_cfg_parallel": false, "cfg_parallel_degree": 1, "encoder_parallel": "auto", "hsdp_replicate_dim": 1, "hsdp_shard_dim": 1, "dist_timeout": 3600, "scheduler_rpc_timeout": null, "pipeline_class_name": null, "lora_path": null, "lora_nickname": "default", "lora_scale": 1.0, "lora_alpha": null, "lora_merge_mode": "auto", "lora_weight_name": null, "component_paths": {}, "component_weights_paths": {}, "component_direct_gpu_weight_loading": {}, "component_quantizations": {}, "component_precisions": {}, "component_quantization_ignored_layers": {}, "load_diffusion_decoder": false, "transformer_weights_path": null, "minimax_h3_adaln_cache_path": null, "minimax_h3_adaln_online": false, "minimax_h3_adaln_plan_width": 4, "minimax_h3_adaln_host_cache_gb": 8.0, "quantization": null, "quantization_ignored_layers": null, "lora_target_modules": null, "component_residency": null, "cpu_offload_components": null, "dit_cpu_offload": false, "direct_gpu_weight_loading": false, "dit_layerwise_offload": false, "layerwise_offload_components": null, "dit_offload_prefetch_size": 0.0, "dit_layerwise_resident_layers": 0.0, "dit_layerwise_residency_policy": "leading", "dit_layerwise_residency_lifetime": "forward", "layerwise_prefetch_size": {}, "layerwise_resident_layers": {}, "layerwise_residency_policy": {}, "layerwise_residency_lifetime": {}, "offload_during_compile": true, "text_encoder_cpu_offload": false, "image_encoder_cpu_offload": false, "vae_cpu_offload": false, "use_fsdp_inference": false, "pin_cpu_memory": true, "ltx2_two_stage_device_mode": null, "comfyui_mode": false, "enable_torch_compile": false, "regional_compile": false, "enable_breakable_cuda_graph": false, "bcg_text_buckets": null, "enable_layerwise_nvtx_marker": false, "warmup_mode": "request", "warmup_resolutions": null, "warmup_num_frames": null, "warmup_steps": 1, "warmup_sampling_params": null, "disable_autocast": true, "master_port": 30005, "host": "127.0.0.1", "port": 30000, "enable_metrics": false, "webui": false, "webui_port": 12312, "scheduler_port": 5599, "scheduler_ports": [5599], "batching_mode": "dynamic", "batching_max_size": 1, "batching_delay_ms": 0.0, "batching_config": null, "enable_batching_metrics": false, "strict_ports": false, "output_path": "/results/anima-20261003T224511Z-017ed58d/profile-candidate/outputs", "input_save_path": "inputs/uploads", "prompt_file_path": null, "model_paths": {}, "model_loaded": {"transformer": true, "vae": true, "video_vae": true, "audio_vae": true, "video_dit": true, "audio_dit": true, "dual_tower_bridge": true}, "boundary_ratio": null, "disagg_role": "monolithic", "disagg_timeout": 3600, "disagg_downstream_wait_timeout": 1800, "disagg_dispatch_policy": "round_robin", "disagg_mode": false, "disagg_instance_id": 0, "disagg_max_slots_per_instance": 8, "disagg_transfer_redundancy": 1.25, "disagg_role_device": "auto", "disagg_transfer_backend": "auto", "disagg_transfer_pool_size": 268435456, "disagg_transfer_pin_memory": "auto", "disagg_p2p_hostname": "127.0.0.1", "disagg_ib_device": null, "disagg_server_addr": null, "encoder_urls": null, "denoiser_urls": null, "decoder_urls": null, "encoder_tp": null, "denoiser_tp": null, "denoiser_sp": null, "denoiser_ulysses": null, "denoiser_ring": null, "decoder_sp": null, "pool_work_endpoint": null, "pool_result_endpoint": null, "pool_control_endpoint": null, "pool_control_advertised_endpoint": null, "log_level": "info", "log_requests": false, "log_requests_level": 2, "log_requests_format": "text", "log_requests_target": null, "uvicorn_access_log_exclude_prefixes": [], "enable_cache_report": false, "enable_trace": false, "otlp_traces_endpoint": "localhost:4317", "otlp_service_name": null, "srt_encoder_url": null, "srt_encoder_connect_timeout": 3.05, "srt_encoder_timeout": 100, "pe_server_url": null, "prompt_enhancer_config": null}
[10-03 23:05:27] Diffusers version: 0.39.0.dev0
[10-03 23:05:27] Local mode: True
[10-03 23:05:27] Starting server...
Flax classes are deprecated and will be removed in Diffusers v1.0.0. We recommend migrating to PyTorch classes or pinning your version of Diffusers.
Flax classes are deprecated and will be removed in Diffusers v1.0.0. We recommend migrating to PyTorch classes or pinning your version of Diffusers.
[10-03 23:06:00] Scheduler (dp replica 0) bind at endpoint: tcp://127.0.0.1:5599
[10-03 23:06:01] torch.compile cache: TORCHINDUCTOR_CACHE_DIR=/root/.cache/sgl_diffusion/torch_compile_cache/inductor TRITON_CACHE_DIR=/root/.cache/sgl_diffusion/torch_compile_cache/triton
[10-03 23:06:01] Initializing distributed environment with world_size=1, device=cuda:0, timeout=3600
[10-03 23:06:01] Setting distributed timeout to 3600 seconds
[10-03 23:06:01] No pipeline_class_name specified, using model_index.json
[10-03 23:06:04] Diffusers version: 0.39.0.dev0
[93m[10-03 23:06:04] --model-id 'circlestone-labs/Anima-Base-v1.0-Diffusers' did not match any registered model; falling back to automatic detection.[0;0m
[10-03 23:06:04] Using pipeline from model_index.json: AnimaPipeline
[10-03 23:06:04] Loading pipeline modules...
[10-03 23:06:04] Model already exists locally and is complete
[10-03 23:06:04] Model path: /vol/hf-cache/hub/models--circlestone-labs--Anima-Base-v1.0-Diffusers/snapshots/073c3a9db359c31ad0e8aa268d15775473c2176c
[10-03 23:06:04] Diffusers version: 0.39.0.dev0
[10-03 23:06:04] Loading pipeline modules from config: {'_class_name': 'AnimaModularPipeline', '_diffusers_version': '0.39.0.dev0', 'scheduler': ['diffusers', 'FlowMatchEulerDiscreteScheduler'], 't5_tokenizer': ['transformers', 'T5Tokenizer'], 'text_conditioner': ['diffusers', 'AnimaTextConditioner'], 'text_encoder': ['transformers', 'Qwen3Model'], 'tokenizer': ['transformers', 'Qwen2Tokenizer'], 'transformer': ['diffusers', 'CosmosTransformer3DModel'], 'vae': ['diffusers', 'AutoencoderKLQwenImage']}
[10-03 23:06:04] Loading required components: ['text_encoder', 'tokenizer', 't5_tokenizer', 'text_conditioner', 'vae', 'transformer', 'scheduler']
[10-03 23:06:04] Memory-aware component load order: ['transformer', 'text_encoder', 'text_conditioner', 'vae', 'tokenizer', 't5_tokenizer', 'scheduler']

Loading required modules:   0%|          | 0/7 [00:00<?, ?it/s][10-03 23:06:04] Loading transformer from /vol/hf-cache/hub/models--circlestone-labs--Anima-Base-v1.0-Diffusers/snapshots/073c3a9db359c31ad0e8aa268d15775473c2176c/transformer. avail mem: 138.65 GB
[10-03 23:06:04] Loading CosmosTransformer3DModel from 1 safetensors file(s) , param_dtype: torch.bfloat16


Loading safetensors checkpoint shards: 0%|          | 0/1[A
Loading safetensors checkpoint shards: 100%|██████████| 1/1
[10-03 23:06:05] Attention backends for transformer: fa
[10-03 23:06:05] Loaded transformer: AnimaTransformer3DModel (sgl-diffusion version). model size: 3.64 GB, vram: 3.64 GB. avail GPU mem: 134.93 GB

Loading required modules:  14%|█▍        | 1/7 [00:01<00:07,  1.25s/it][10-03 23:06:05] Loading text_encoder from /vol/hf-cache/hub/models--circlestone-labs--Anima-Base-v1.0-Diffusers/snapshots/073c3a9db359c31ad0e8aa268d15775473c2176c/text_encoder. avail mem: 134.93 GB


Loading safetensors checkpoint shards: 0%|          | 0/1[A

Loading safetensors checkpoint shards: 100%|██████████| 1/1[A
Loading safetensors checkpoint shards: 100%|██████████| 1/1
[10-03 23:06:06] Attention backends for text_encoder: fa
[10-03 23:06:06] Loaded text_encoder: Qwen3ForCausalLM (sgl-diffusion version). model size: 1.12 GB, vram: 1.12 GB. avail GPU mem: 133.77 GB

Loading required modules:  29%|██▊       | 2/7 [00:02<00:05,  1.05s/it][10-03 23:06:06] Loading text_conditioner from /vol/hf-cache/hub/models--circlestone-labs--Anima-Base-v1.0-Diffusers/snapshots/073c3a9db359c31ad0e8aa268d15775473c2176c/text_conditioner. avail mem: 133.77 GB


Loading safetensors checkpoint shards: 0%|          | 0/1[A
Loading safetensors checkpoint shards: 100%|██████████| 1/1
[10-03 23:06:06] Attention backends for text_conditioner: fa
[10-03 23:06:06] Loaded text_conditioner: AnimaTextConditioner (sgl-diffusion version). model size: 0.25 GB, vram: 0.25 GB. avail GPU mem: 133.59 GB

Loading required modules:  43%|████▎     | 3/7 [00:02<00:02,  1.50it/s][10-03 23:06:06] Loading vae from /vol/hf-cache/hub/models--circlestone-labs--Anima-Base-v1.0-Diffusers/snapshots/073c3a9db359c31ad0e8aa268d15775473c2176c/vae. avail mem: 133.59 GB
[10-03 23:06:06] Qwen-Image VAE: installed quality-gated fast path (29 RMSNorm+SiLU fusions, 3 channels_last upsamples).
[10-03 23:06:06] Loaded vae: AutoencoderKLQwenImage (sgl-diffusion version). model size: 0.24 GB, vram: 0.24 GB. avail GPU mem: 133.31 GB

Loading required modules:  57%|█████▋    | 4/7 [00:02<00:01,  2.02it/s][10-03 23:06:06] Loading tokenizer from /vol/hf-cache/hub/models--circlestone-labs--Anima-Base-v1.0-Diffusers/snapshots/073c3a9db359c31ad0e8aa268d15775473c2176c/tokenizer. avail mem: 133.31 GB
[10-03 23:06:08] Loaded tokenizer: Qwen2Tokenizer (sgl-diffusion version). model size: NA GB, weights: none. avail GPU mem: 133.31 GB

Loading required modules:  71%|███████▏  | 5/7 [00:03<00:01,  1.36it/s][10-03 23:06:08] Loading t5_tokenizer from /vol/hf-cache/hub/models--circlestone-labs--Anima-Base-v1.0-Diffusers/snapshots/073c3a9db359c31ad0e8aa268d15775473c2176c/t5_tokenizer. avail mem: 133.31 GB
[10-03 23:06:08] Loaded t5_tokenizer: T5Tokenizer (sgl-diffusion version). model size: NA GB, weights: none. avail GPU mem: 133.31 GB

Loading required modules:  86%|████████▌ | 6/7 [00:03<00:00,  1.86it/s][10-03 23:06:08] Loading scheduler from /vol/hf-cache/hub/models--circlestone-labs--Anima-Base-v1.0-Diffusers/snapshots/073c3a9db359c31ad0e8aa268d15775473c2176c/scheduler. avail mem: 133.31 GB
[10-03 23:06:08] Loaded scheduler: FlowMatchEulerDiscreteScheduler (sgl-diffusion version). model size: NA GB, weights: none. avail GPU mem: 133.31 GB

Loading required modules: 100%|██████████| 7/7 [00:03<00:00,  1.78it/s]
[10-03 23:06:08] Creating pipeline stages...
[10-03 23:06:08] Using fa attention backend
[10-03 23:06:08] Pipeline instantiated
[10-03 23:06:08] Worker 0: Initialized device, model, and distributed environment.
[10-03 23:06:08] Worker 0: Scheduler loop started.
[10-03 23:06:08] [server-load] workers_ready_monotonic_ns=1265811693132
[10-03 23:06:08] Processing 1 grouped request(s)

Warmup requests:   0%|          | 0/1 [00:00<?, ?req/s]
Warmup requests: 100%|██████████| 1/1 [00:03<00:00,  3.59s/req, warmup req (1024x1024, 1/30 steps), last=3.59s]
Warmup requests: 100%|██████████| 1/1 [00:03<00:00,  3.59s/req, warmup req (1024x1024, 1/30 steps), last=3.59s]
[10-03 23:06:11] The server is fired up and ready to roll!
[10-03 23:06:11] Sampling params:
                       width: 1024
                      height: 1024
                  num_frames: 1
                         fps: 24
                      prompt: <redacted, len=88>
                  neg_prompt: <redacted, len=0>
                        seed: 42
                 infer_steps: 30
      num_outputs_per_prompt: 1
              guidance_scale: 4.0
     embedded_guidance_scale: 6.0
                    n_tokens: None
                  flow_shift: None
                  image_path: None
                 save_output: True
            output_file_path: /results/anima-20261003T224511Z-017ed58d/profile-candidate/outputs/sample.png
        
[10-03 23:06:11] Running pipeline stages: ['InputValidationStage', 'TextEncodingStage', 'AnimaTextConditioningStage', 'TimestepPreparationStage', 'LatentPreparationStage', 'denoising_stage', 'decoding_stage']
[10-03 23:06:11] Profiling request: 2957dcb8-2ea8-4a00-a4d5-6848602f64bc for 5 steps...
[10-03 23:06:11] Starting Profiler...
[10-03 23:06:11] [InputValidationStage] started...
[10-03 23:06:11] [InputValidationStage] finished in 0.0001 seconds
[10-03 23:06:11] [TextEncodingStage] started...
[10-03 23:06:12] [TextEncodingStage] finished in 0.0449 seconds
[10-03 23:06:12] [AnimaTextConditioningStage] started...
[10-03 23:06:12] [AnimaTextConditioningStage] finished in 0.0216 seconds
[10-03 23:06:12] [TimestepPreparationStage] started...
[10-03 23:06:12] [TimestepPreparationStage] finished in 0.0005 seconds
[10-03 23:06:12] [LatentPreparationStage] started...
[10-03 23:06:12] [LatentPreparationStage] finished in 0.0022 seconds
[10-03 23:06:12] [DenoisingStage] started...

  0%|          | 0/30 [00:00<?, ?it/s]
  3%|▎         | 1/30 [00:00<00:04,  5.94it/s]USDT:2026-10-03 23:06:12 1847:1847 SyncActivityProfilerHandler.cpp:52] profiler_start

  7%|▋         | 2/30 [00:00<00:07,  3.57it/s]
 10%|█         | 3/30 [00:00<00:08,  3.22it/s]
 13%|█▎        | 4/30 [00:01<00:08,  3.03it/s]
 17%|█▋        | 5/30 [00:01<00:08,  2.93it/s]
 20%|██        | 6/30 [00:01<00:08,  2.87it/s]
 23%|██▎       | 7/30 [00:02<00:08,  2.83it/s]USDT:2026-10-03 23:06:16 1847:1847 SyncActivityProfilerHandler.cpp:59] profiler_stop

 27%|██▋       | 8/30 [00:07<00:40,  1.85s/it][10-03 23:06:19] Stopping Profiler...
[10-03 23:06:36] Saved profiler traces to: [1;36m/results/anima-20261003T224511Z-017ed58d/profile-candidate/traces/2957dcb8-2ea8-4a00-a4d5-6848602f64bc-5_steps-global-rank0.trace.json.gz[0;0m

 30%|███       | 9/30 [00:24<02:18,  6.59s/it]
 33%|███▎      | 10/30 [00:24<01:32,  4.60s/it]
 37%|███▋      | 11/30 [00:24<01:01,  3.24s/it]
 40%|████      | 12/30 [00:24<00:41,  2.30s/it]
 43%|████▎     | 13/30 [00:25<00:28,  1.65s/it]
 47%|████▋     | 14/30 [00:25<00:19,  1.20s/it]
 50%|█████     | 15/30 [00:25<00:13,  1.13it/s]
 53%|█████▎    | 16/30 [00:25<00:09,  1.51it/s]
 57%|█████▋    | 17/30 [00:25<00:06,  1.96it/s]
 60%|██████    | 18/30 [00:25<00:04,  2.48it/s]
 63%|██████▎   | 19/30 [00:25<00:03,  3.04it/s]
 67%|██████▋   | 20/30 [00:26<00:02,  3.62it/s]
 70%|███████   | 21/30 [00:26<00:02,  4.16it/s]
 73%|███████▎  | 22/30 [00:26<00:01,  4.66it/s]
 77%|███████▋  | 23/30 [00:26<00:01,  5.09it/s]
 80%|████████  | 24/30 [00:26<00:01,  5.43it/s]
 83%|████████▎ | 25/30 [00:26<00:00,  5.72it/s]
 87%|████████▋ | 26/30 [00:27<00:00,  5.93it/s]
 90%|█████████ | 27/30 [00:27<00:00,  6.09it/s]
 93%|█████████▎| 28/30 [00:27<00:00,  6.19it/s]
 97%|█████████▋| 29/30 [00:27<00:00,  6.26it/s]
100%|██████████| 30/30 [00:27<00:00,  6.32it/s]
100%|██████████| 30/30 [00:27<00:00,  1.09it/s]
[10-03 23:06:39] [DenoisingStage] average time per step: 0.9209 seconds
[10-03 23:06:39] [DenoisingStage] finished in 27.6279 seconds
[10-03 23:06:39] [DecodingStage] started...
[10-03 23:06:40] [DecodingStage] finished in 0.4425 seconds
[10-03 23:06:41] Output saved to [1;36m/results/anima-20261003T224511Z-017ed58d/profile-candidate/outputs/sample.png[0;0m
[10-03 23:06:41] Metrics dumped to: [1;36m/results/anima-20261003T224511Z-017ed58d/profile-candidate/perf.json[0;0m
[10-03 23:06:41] Pixel data generated successfully in [92m32.85[0;0m seconds
[10-03 23:06:41] Warmed-up request processed in [92m28.31[0;0m seconds (with warmup excluded)
[10-03 23:06:41] Memory usage - Max peak: 5870.00 MB, Avg peak: 5870.00 MB
[10-03 23:06:41] Metrics dumped to: [1;36m/results/anima-20261003T224511Z-017ed58d/profile-candidate/perf.json[0;0m
[93m[10-03 23:06:41] Generator was garbage collected without being shut down. Forcing local server and client cleanup.[0;0m
[93m[10-03 23:06:41] Local worker sglang-diffusionWorker-0 did not terminate gracefully, forcing.[0;0m
/usr/lib/python3.12/multiprocessing/resource_tracker.py:254: UserWarning: resource_tracker: There appear to be 1 leaked semaphore objects to clean up at shutdown
  warnings.warn('resource_tracker: There appear to be %d '
RESULT {"label": "profile-candidate", "variant": "candidate", "profile": true, "seed": 42, "size": 1024, "steps": 30, "command": ["sglang", "generate", "--model-path", "/vol/hf-cache/hub/models--circlestone-labs--Anima-Base-v1.0-Diffusers/snapshots/073c3a9db359c31ad0e8aa268d15775473c2176c", "--model-id", "circlestone-labs/Anima-Base-v1.0-Diffusers", "--revision", "073c3a9db359c31ad0e8aa268d15775473c2176c", "--num-gpus", "1", "--enable-torch-compile=false", "--enable-breakable-cuda-graph=false", "--performance-mode=speed", "--attention-backend", "fa", "--width", "1024", "--height", "1024", "--num-inference-steps", "30", "--guidance-scale", "4", "--negative-prompt", "", "--prompt", "masterpiece, best quality, safe, watercolor landscape, a quiet seaside village at sunset", "--seed", "42", "--generator-device", "cpu", "--quality", "lossless", "--save-output", "--warmup-mode", "request", "--warmup-steps", "1", "--perf-dump-path", "/results/anima-20261003T224511Z-017ed58d/profile-candidate/perf.json", "--output-path", "/results/anima-20261003T224511Z-017ed58d/profile-candidate/outputs", "--output-file-name", "sample", "--profile", "--num-profiled-timesteps", "5"], "total_duration_ms": 28308.333919000004, "denoise_steps_ms": [{"step": 0, "duration_ms": 169.62955700000748}, {"step": 1, "duration_ms": 357.101941999872}, {"step": 2, "duration_ms": 347.04138000006424}, {"step": 3, "duration_ms": 358.43988600004195}, {"step": 4, "duration_ms": 363.83216300009735}, {"step": 5, "duration_ms": 359.1073929999311}, {"step": 6, "duration_ms": 5256.5556370000195}, {"step": 7, "duration_ms": 17012.90131900009}, {"step": 8, "duration_ms": 159.020289999944}, {"step": 9, "duration_ms": 153.90290300001652}, {"step": 10, "duration_ms": 152.95533500011516}, {"step": 11, "duration_ms": 155.72580800017022}, {"step": 12, "duration_ms": 155.41431099995862}, {"step": 13, "duration_ms": 154.67419700007667}, {"step": 14, "duration_ms": 153.37746099999094}, {"step": 15, "duration_ms": 151.2269910001578}, {"step": 16, "duration_ms": 150.93903499996486}, {"step": 17, "duration_ms": 156.06303200002003}, {"step": 18, "duration_ms": 153.79584900006193}, {"step": 19, "duration_ms": 155.5267520000143}, {"step": 20, "duration_ms": 156.7952730001707}, {"step": 21, "duration_ms": 154.06328899985056}, {"step": 22, "duration_ms": 154.04767900008665}, {"step": 23, "duration_ms": 155.09780900015357}, {"step": 24, "duration_ms": 152.90638700003}, {"step": 25, "duration_ms": 154.41125600000305}, {"step": 26, "duration_ms": 153.6092210001243}, {"step": 27, "duration_ms": 155.7135840000683}, {"step": 28, "duration_ms": 155.3649980000955}, {"step": 29, "duration_ms": 154.68800499979807}], "denoise_ms": 27623.928742000997, "pixel_sha256": "2c12b2376dadcaac1f4b074f169b81ba15f9cf19b07832c21232fd220fe7a20c", "mode": "RGB", "png_sha256": "17057f6295cd6cf1a2affc7c2c8ae45889199edf9bde129a4a3dc1b15f9e212d", "source_sha256": "b473adda22e1af3035607fc5855e3ccf30fdd6904c2a86b30c57ae58e539fc90"}
Results: anima-modulate-experiments anima-20261003T224511Z-017ed58d
[modal-client] 2026-10-03T19:07:08-0400 Timed out waiting for final app logs.
✓ App completed. View run at 
https://modal.com/apps/xinyuj2/main/ap-6AU3ycGygS15nNPIMbLRGC
