Note that running a local entrypoint in detached mode only keeps the last triggered Modal function alive after the parent process has been killed or disconnected.
✓ Initialized. View run at 
https://modal.com/apps/xinyuj2/main/ap-a6OiRZ79GISu7M47A5Alu5
Building image im-m5D2Gi9t90qiJx1GJH1X7O

=> Step 0: FROM base

=> Step 1: COPY . /
Saving image...
Image saved, took 3.62s

Built image im-m5D2Gi9t90qiJx1GJH1X7O in 5.70s


Building image im-otO39j7vzq4cDsVCn1yGCZ

=> Step 0: FROM base

=> Step 1: COPY . /
Saving image...
Image saved, took 4.64s

Built image im-otO39j7vzq4cDsVCn1yGCZ in 7.48s


✓ Created objects.
├── 🔨 Created mount /Users/cuzimi/Coding 
│   Works/RemoteFiles/modal_sglang/anima_rope/experiment.py
├── 🔨 Created mount /Users/cuzimi/Coding 
│   Works/RemoteFiles/modal_sglang/anima_rope/inputs
├── 🔨 Created mount /Users/cuzimi/Coding 
│   Works/RemoteFiles/modal_sglang/anima_rope/verify_rope.py
└── 🔨 Created function experiment.
RUN_ID=rope-20261004T161949Z-d5819700
RUN ['/opt/sglang/bin/python', '/workspace/verify_rope.py', '/results/rope-20261004T161949Z-d5819700/operator.json']
Flax classes are deprecated and will be removed in Diffusers v1.0.0. We recommend migrating to PyTorch classes or pinning your version of Diffusers.
Flax classes are deprecated and will be removed in Diffusers v1.0.0. We recommend migrating to PyTorch classes or pinning your version of Diffusers.
Disabling injected fast path: injected
mismatch fast path is not bit-exact against this platform's reference dispatch; falling back to eager. Correctness is preserved because the eager reference output is used. A platform-specific reference kernel or reduction-order change may have caused this fallback.
USDT:2026-10-04 16:20:37 18:18 SyncActivityProfilerHandler.cpp:52] profiler_start
USDT:2026-10-04 16:20:37 18:18 SyncActivityProfilerHandler.cpp:59] profiler_stop
USDT:2026-10-04 16:20:37 18:18 SyncActivityProfilerHandler.cpp:52] profiler_start
USDT:2026-10-04 16:20:37 18:18 SyncActivityProfilerHandler.cpp:59] profiler_stop
OPERATOR_PASS 50 [{"shape": [1, 1024, 16, 128], "order": ["A0", "A1", "A", "B", "B", "A"], "us": [122.12970907794123, 122.14072684339381, 122.17185717961749, 10.259807741506755, 10.251345119335348, 122.20709227299791]}, {"shape": [1, 4096, 16, 128], "order": ["A0", "A1", "A", "B", "B", "A"], "us": [411.6087185689452, 411.55621961484337, 411.47927290593566, 24.206128107347528, 24.04162398456981, 411.51502723783676]}, {"shape": [1, 16384, 16, 128], "order": ["A0", "A1", "A", "B", "B", "A"], "us": [1489.4290557179427, 1489.140727977061, 1489.2277760826862, 76.60783899187443, 76.60527333473864, 1489.6583649778613]}]
RUN ['/opt/sglang/bin/python', '-m', 'pytest', '-q', 'python/sglang/multimodal_gen/test/unit/test_anima.py', 'python/sglang/multimodal_gen/test/unit/test_anima_cuda.py']
.................                                                        [100%]
=============================== warnings summary ===============================
../../opt/sglang/lib/python3.12/site-packages/torch/jit/_script.py:365: 14 warnings
  /opt/sglang/lib/python3.12/site-packages/torch/jit/_script.py:365: DeprecationWarning: `torch.jit.script_method` is deprecated. Please switch to `torch.compile` or `torch.export`.
    warnings.warn(

-- Docs: https://docs.pytest.org/en/stable/how-to/capture-warnings.html
17 passed, 14 warnings in 11.81s
RUN ['sglang', 'generate', '--model-path', '/vol/hf-cache/hub/models--circlestone-labs--Anima-Base-v1.0-Diffusers/snapshots/073c3a9db359c31ad0e8aa268d15775473c2176c', '--model-id', 'circlestone-labs/Anima-Base-v1.0-Diffusers', '--revision', '073c3a9db359c31ad0e8aa268d15775473c2176c', '--num-gpus', '1', '--enable-torch-compile=false', '--enable-breakable-cuda-graph=false', '--performance-mode=speed', '--attention-backend', 'fa', '--width', '1024', '--height', '1024', '--num-inference-steps', '30', '--guidance-scale', '4', '--negative-prompt', '', '--prompt', 'masterpiece, best quality, safe, watercolor landscape, a quiet seaside village at sunset', '--seed', '42', '--generator-device', 'cpu', '--quality', 'lossless', '--save-output', '--warmup-mode', 'request', '--warmup-steps', '1', '--perf-dump-path', '/results/rope-20261004T161949Z-d5819700/01-eager/perf.json', '--output-path', '/results/rope-20261004T161949Z-d5819700/01-eager/outputs', '--output-file-name', 'sample']
Flax classes are deprecated and will be removed in Diffusers v1.0.0. We recommend migrating to PyTorch classes or pinning your version of Diffusers.
Flax classes are deprecated and will be removed in Diffusers v1.0.0. We recommend migrating to PyTorch classes or pinning your version of Diffusers.
--model-id 'circlestone-labs/Anima-Base-v1.0-Diffusers' did not match any registered model; falling back to automatic detection.
[10-04 16:21:32] Applying performance_mode=speed
[10-04 16:21:32] server_args: {"model_path": "/vol/hf-cache/hub/models--circlestone-labs--Anima-Base-v1.0-Diffusers/snapshots/073c3a9db359c31ad0e8aa268d15775473c2176c", "model_subfolder": null, "model_variant": null, "model_id": "circlestone-labs/Anima-Base-v1.0-Diffusers", "served_model_name": "circlestone-labs/Anima-Base-v1.0-Diffusers", "backend": "auto", "attention_backend": "fa", "enable_attention_backend_autotune": false, "attention_backend_config": {}, "component_attention_backends": {}, "cache_dit_config": null, "nccl_port": null, "enable_nccl_nvls": false, "trust_remote_code": false, "revision": "073c3a9db359c31ad0e8aa268d15775473c2176c", "num_gpus": 1, "performance_mode": "speed", "base_gpu_id": 0, "gpu_ids": null, "nnodes": 1, "node_rank": 0, "dist_init_addr": null, "tp_size": 1, "sp_degree": 1, "ulysses_degree": 1, "ring_degree": 1, "kv_gather_degree": 1, "sp_split_auto": false, "dp_size": 1, "enable_cfg_parallel": false, "cfg_parallel_degree": 1, "encoder_parallel": "auto", "hsdp_replicate_dim": 1, "hsdp_shard_dim": 1, "dist_timeout": 3600, "scheduler_rpc_timeout": null, "pipeline_class_name": null, "lora_path": null, "lora_nickname": "default", "lora_scale": 1.0, "lora_alpha": null, "lora_merge_mode": "auto", "lora_weight_name": null, "component_paths": {}, "component_weights_paths": {}, "component_direct_gpu_weight_loading": {}, "component_quantizations": {}, "component_precisions": {}, "component_quantization_ignored_layers": {}, "load_diffusion_decoder": false, "transformer_weights_path": null, "minimax_h3_adaln_cache_path": null, "minimax_h3_adaln_online": false, "minimax_h3_adaln_plan_width": 4, "minimax_h3_adaln_host_cache_gb": 8.0, "quantization": null, "quantization_ignored_layers": null, "lora_target_modules": null, "component_residency": null, "cpu_offload_components": null, "dit_cpu_offload": false, "direct_gpu_weight_loading": false, "dit_layerwise_offload": false, "layerwise_offload_components": null, "dit_offload_prefetch_size": 0.0, "dit_layerwise_resident_layers": 0.0, "dit_layerwise_residency_policy": "leading", "dit_layerwise_residency_lifetime": "forward", "layerwise_prefetch_size": {}, "layerwise_resident_layers": {}, "layerwise_residency_policy": {}, "layerwise_residency_lifetime": {}, "offload_during_compile": true, "text_encoder_cpu_offload": false, "image_encoder_cpu_offload": false, "vae_cpu_offload": false, "use_fsdp_inference": false, "pin_cpu_memory": true, "ltx2_two_stage_device_mode": null, "comfyui_mode": false, "enable_torch_compile": false, "regional_compile": false, "enable_breakable_cuda_graph": false, "bcg_text_buckets": null, "enable_layerwise_nvtx_marker": false, "warmup_mode": "request", "warmup_resolutions": null, "warmup_num_frames": null, "warmup_steps": 1, "warmup_sampling_params": null, "disable_autocast": true, "master_port": 30005, "host": "127.0.0.1", "port": 30000, "enable_metrics": false, "webui": false, "webui_port": 12312, "scheduler_port": 5625, "scheduler_ports": [5625], "batching_mode": "dynamic", "batching_max_size": 1, "batching_delay_ms": 0.0, "batching_config": null, "enable_batching_metrics": false, "strict_ports": false, "output_path": "/results/rope-20261004T161949Z-d5819700/01-eager/outputs", "input_save_path": "inputs/uploads", "prompt_file_path": null, "model_paths": {}, "model_loaded": {"transformer": true, "vae": true, "video_vae": true, "audio_vae": true, "video_dit": true, "audio_dit": true, "dual_tower_bridge": true}, "boundary_ratio": null, "disagg_role": "monolithic", "disagg_timeout": 3600, "disagg_downstream_wait_timeout": 1800, "disagg_dispatch_policy": "round_robin", "disagg_mode": false, "disagg_instance_id": 0, "disagg_max_slots_per_instance": 8, "disagg_transfer_redundancy": 1.25, "disagg_role_device": "auto", "disagg_transfer_backend": "auto", "disagg_transfer_pool_size": 268435456, "disagg_transfer_pin_memory": "auto", "disagg_p2p_hostname": "127.0.0.1", "disagg_ib_device": null, "disagg_server_addr": null, "encoder_urls": null, "denoiser_urls": null, "decoder_urls": null, "encoder_tp": null, "denoiser_tp": null, "denoiser_sp": null, "denoiser_ulysses": null, "denoiser_ring": null, "decoder_sp": null, "pool_work_endpoint": null, "pool_result_endpoint": null, "pool_control_endpoint": null, "pool_control_advertised_endpoint": null, "log_level": "info", "log_requests": false, "log_requests_level": 2, "log_requests_format": "text", "log_requests_target": null, "uvicorn_access_log_exclude_prefixes": [], "enable_cache_report": false, "enable_trace": false, "otlp_traces_endpoint": "localhost:4317", "otlp_service_name": null, "srt_encoder_url": null, "srt_encoder_connect_timeout": 3.05, "srt_encoder_timeout": 100, "pe_server_url": null, "prompt_enhancer_config": null}
[10-04 16:21:32] Diffusers version: 0.39.0.dev0
[10-04 16:21:32] Local mode: True
[10-04 16:21:32] Starting server...
Flax classes are deprecated and will be removed in Diffusers v1.0.0. We recommend migrating to PyTorch classes or pinning your version of Diffusers.
Flax classes are deprecated and will be removed in Diffusers v1.0.0. We recommend migrating to PyTorch classes or pinning your version of Diffusers.
[10-04 16:21:49] Scheduler (dp replica 0) bind at endpoint: tcp://127.0.0.1:5625
[10-04 16:21:49] torch.compile cache: TORCHINDUCTOR_CACHE_DIR=/root/.cache/sgl_diffusion/torch_compile_cache/inductor TRITON_CACHE_DIR=/root/.cache/sgl_diffusion/torch_compile_cache/triton
[10-04 16:21:49] Initializing distributed environment with world_size=1, device=cuda:0, timeout=3600
[10-04 16:21:49] Setting distributed timeout to 3600 seconds
[10-04 16:21:50] No pipeline_class_name specified, using model_index.json
[10-04 16:21:52] Diffusers version: 0.39.0.dev0
[93m[10-04 16:21:52] --model-id 'circlestone-labs/Anima-Base-v1.0-Diffusers' did not match any registered model; falling back to automatic detection.[0;0m
[10-04 16:21:52] Using pipeline from model_index.json: AnimaPipeline
[10-04 16:21:52] Loading pipeline modules...
[10-04 16:21:52] Model already exists locally and is complete
[10-04 16:21:52] Model path: /vol/hf-cache/hub/models--circlestone-labs--Anima-Base-v1.0-Diffusers/snapshots/073c3a9db359c31ad0e8aa268d15775473c2176c
[10-04 16:21:52] Diffusers version: 0.39.0.dev0
[10-04 16:21:52] Loading pipeline modules from config: {'_class_name': 'AnimaModularPipeline', '_diffusers_version': '0.39.0.dev0', 'scheduler': ['diffusers', 'FlowMatchEulerDiscreteScheduler'], 't5_tokenizer': ['transformers', 'T5Tokenizer'], 'text_conditioner': ['diffusers', 'AnimaTextConditioner'], 'text_encoder': ['transformers', 'Qwen3Model'], 'tokenizer': ['transformers', 'Qwen2Tokenizer'], 'transformer': ['diffusers', 'CosmosTransformer3DModel'], 'vae': ['diffusers', 'AutoencoderKLQwenImage']}
[10-04 16:21:52] Loading required components: ['text_encoder', 'tokenizer', 't5_tokenizer', 'text_conditioner', 'vae', 'transformer', 'scheduler']
[10-04 16:21:53] Memory-aware component load order: ['transformer', 'text_encoder', 'text_conditioner', 'vae', 'tokenizer', 't5_tokenizer', 'scheduler']

Loading required modules:   0%|          | 0/7 [00:00<?, ?it/s][10-04 16:21:53] Loading transformer from /vol/hf-cache/hub/models--circlestone-labs--Anima-Base-v1.0-Diffusers/snapshots/073c3a9db359c31ad0e8aa268d15775473c2176c/transformer. avail mem: 138.65 GB
[10-04 16:21:53] Loading CosmosTransformer3DModel from 1 safetensors file(s) , param_dtype: torch.bfloat16


Loading safetensors checkpoint shards: 0%|          | 0/1[A

Loading safetensors checkpoint shards: 100%|██████████| 1/1[A
Loading safetensors checkpoint shards: 100%|██████████| 1/1
[10-04 16:21:55] Attention backends for transformer: fa
[10-04 16:21:56] Loaded transformer: AnimaTransformer3DModel (sgl-diffusion version). model size: 3.64 GB, vram: 3.64 GB. avail GPU mem: 134.93 GB

Loading required modules:  14%|█▍        | 1/7 [00:02<00:17,  2.92s/it][10-04 16:21:56] Loading text_encoder from /vol/hf-cache/hub/models--circlestone-labs--Anima-Base-v1.0-Diffusers/snapshots/073c3a9db359c31ad0e8aa268d15775473c2176c/text_encoder. avail mem: 134.93 GB


Loading safetensors checkpoint shards: 0%|          | 0/1[A

Loading safetensors checkpoint shards: 100%|██████████| 1/1[A
Loading safetensors checkpoint shards: 100%|██████████| 1/1
[10-04 16:21:57] Attention backends for text_encoder: fa
[10-04 16:21:57] Loaded text_encoder: Qwen3ForCausalLM (sgl-diffusion version). model size: 1.12 GB, vram: 1.12 GB. avail GPU mem: 133.77 GB

Loading required modules:  29%|██▊       | 2/7 [00:03<00:08,  1.79s/it][10-04 16:21:57] Loading text_conditioner from /vol/hf-cache/hub/models--circlestone-labs--Anima-Base-v1.0-Diffusers/snapshots/073c3a9db359c31ad0e8aa268d15775473c2176c/text_conditioner. avail mem: 133.77 GB


Loading safetensors checkpoint shards: 0%|          | 0/1[A
Loading safetensors checkpoint shards: 100%|██████████| 1/1
[10-04 16:21:57] Attention backends for text_conditioner: fa
[10-04 16:21:57] Loaded text_conditioner: AnimaTextConditioner (sgl-diffusion version). model size: 0.25 GB, vram: 0.25 GB. avail GPU mem: 133.59 GB

Loading required modules:  43%|████▎     | 3/7 [00:04<00:04,  1.11s/it][10-04 16:21:57] Loading vae from /vol/hf-cache/hub/models--circlestone-labs--Anima-Base-v1.0-Diffusers/snapshots/073c3a9db359c31ad0e8aa268d15775473c2176c/vae. avail mem: 133.59 GB
[10-04 16:21:57] Qwen-Image VAE: installed quality-gated fast path (29 RMSNorm+SiLU fusions, 3 channels_last upsamples).
[10-04 16:21:57] Loaded vae: AutoencoderKLQwenImage (sgl-diffusion version). model size: 0.24 GB, vram: 0.24 GB. avail GPU mem: 133.31 GB

Loading required modules:  57%|█████▋    | 4/7 [00:04<00:02,  1.26it/s][10-04 16:21:57] Loading tokenizer from /vol/hf-cache/hub/models--circlestone-labs--Anima-Base-v1.0-Diffusers/snapshots/073c3a9db359c31ad0e8aa268d15775473c2176c/tokenizer. avail mem: 133.31 GB
[10-04 16:21:58] Loaded tokenizer: Qwen2Tokenizer (sgl-diffusion version). model size: NA GB, weights: none. avail GPU mem: 133.31 GB

Loading required modules:  71%|███████▏  | 5/7 [00:05<00:01,  1.01it/s][10-04 16:21:58] Loading t5_tokenizer from /vol/hf-cache/hub/models--circlestone-labs--Anima-Base-v1.0-Diffusers/snapshots/073c3a9db359c31ad0e8aa268d15775473c2176c/t5_tokenizer. avail mem: 133.31 GB
[10-04 16:21:59] Loaded t5_tokenizer: T5Tokenizer (sgl-diffusion version). model size: NA GB, weights: none. avail GPU mem: 133.31 GB

Loading required modules:  86%|████████▌ | 6/7 [00:06<00:00,  1.39it/s][10-04 16:21:59] Loading scheduler from /vol/hf-cache/hub/models--circlestone-labs--Anima-Base-v1.0-Diffusers/snapshots/073c3a9db359c31ad0e8aa268d15775473c2176c/scheduler. avail mem: 133.31 GB
[10-04 16:21:59] Loaded scheduler: FlowMatchEulerDiscreteScheduler (sgl-diffusion version). model size: NA GB, weights: none. avail GPU mem: 133.31 GB

Loading required modules: 100%|██████████| 7/7 [00:06<00:00,  1.15it/s]
[10-04 16:21:59] Creating pipeline stages...
[10-04 16:21:59] Using fa attention backend
[10-04 16:21:59] Pipeline instantiated
[10-04 16:21:59] Worker 0: Initialized device, model, and distributed environment.
[10-04 16:21:59] Worker 0: Scheduler loop started.
[10-04 16:21:59] [server-load] workers_ready_monotonic_ns=137901179998
[10-04 16:21:59] Processing 1 grouped request(s)

Warmup requests:   0%|          | 0/1 [00:00<?, ?req/s]
Warmup requests: 100%|██████████| 1/1 [00:12<00:00, 12.61s/req, warmup req (1024x1024, 1/30 steps), last=12.61s]
Warmup requests: 100%|██████████| 1/1 [00:12<00:00, 12.61s/req, warmup req (1024x1024, 1/30 steps), last=12.61s]
[10-04 16:22:11] The server is fired up and ready to roll!
[10-04 16:22:11] Sampling params:
                       width: 1024
                      height: 1024
                  num_frames: 1
                         fps: 24
                      prompt: <redacted, len=88>
                  neg_prompt: <redacted, len=0>
                        seed: 42
                 infer_steps: 30
      num_outputs_per_prompt: 1
              guidance_scale: 4.0
     embedded_guidance_scale: 6.0
                    n_tokens: None
                  flow_shift: None
                  image_path: None
                 save_output: True
            output_file_path: /results/rope-20261004T161949Z-d5819700/01-eager/outputs/sample.png
        
[10-04 16:22:11] Running pipeline stages: ['InputValidationStage', 'TextEncodingStage', 'AnimaTextConditioningStage', 'TimestepPreparationStage', 'LatentPreparationStage', 'denoising_stage', 'decoding_stage']
[10-04 16:22:11] [InputValidationStage] started...
[10-04 16:22:11] [InputValidationStage] finished in 0.0000 seconds
[10-04 16:22:11] [TextEncodingStage] started...
[10-04 16:22:11] [TextEncodingStage] finished in 0.0231 seconds
[10-04 16:22:11] [AnimaTextConditioningStage] started...
[10-04 16:22:11] [AnimaTextConditioningStage] finished in 0.0091 seconds
[10-04 16:22:11] [TimestepPreparationStage] started...
[10-04 16:22:11] [TimestepPreparationStage] finished in 0.0004 seconds
[10-04 16:22:11] [LatentPreparationStage] started...
[10-04 16:22:11] [LatentPreparationStage] finished in 0.0016 seconds
[10-04 16:22:11] [DenoisingStage] started...

  0%|          | 0/30 [00:00<?, ?it/s]
  7%|▋         | 2/30 [00:00<00:02, 12.13it/s]
 13%|█▎        | 4/30 [00:00<00:02, 11.10it/s]
 20%|██        | 6/30 [00:00<00:02, 10.82it/s]
 27%|██▋       | 8/30 [00:00<00:02, 10.69it/s]
 33%|███▎      | 10/30 [00:00<00:01, 10.61it/s]
 40%|████      | 12/30 [00:01<00:01, 10.57it/s]
 47%|████▋     | 14/30 [00:01<00:01, 10.55it/s]
 53%|█████▎    | 16/30 [00:01<00:01, 10.53it/s]
 60%|██████    | 18/30 [00:01<00:01, 10.51it/s]
 67%|██████▋   | 20/30 [00:01<00:00, 10.49it/s]
 73%|███████▎  | 22/30 [00:02<00:00, 10.47it/s]
 80%|████████  | 24/30 [00:02<00:00, 10.47it/s]
 87%|████████▋ | 26/30 [00:02<00:00, 10.45it/s]
 93%|█████████▎| 28/30 [00:02<00:00, 10.44it/s]
100%|██████████| 30/30 [00:02<00:00, 10.44it/s]
100%|██████████| 30/30 [00:02<00:00, 10.56it/s]
[10-04 16:22:14] [DenoisingStage] average time per step: 0.0947 seconds
[10-04 16:22:14] [DenoisingStage] finished in 2.8418 seconds
[10-04 16:22:14] [DecodingStage] started...
[10-04 16:22:14] [DecodingStage] finished in 0.2198 seconds
[10-04 16:22:15] Output saved to [1;36m/results/rope-20261004T161949Z-d5819700/01-eager/outputs/sample.png[0;0m
[10-04 16:22:15] Metrics dumped to: [1;36m/results/rope-20261004T161949Z-d5819700/01-eager/perf.json[0;0m
[10-04 16:22:15] Pixel data generated successfully in [92m15.95[0;0m seconds
[10-04 16:22:15] Warmed-up request processed in [92m3.10[0;0m seconds (with warmup excluded)
[10-04 16:22:15] Memory usage - Max peak: 5870.00 MB, Avg peak: 5870.00 MB
[10-04 16:22:15] Metrics dumped to: [1;36m/results/rope-20261004T161949Z-d5819700/01-eager/perf.json[0;0m
[93m[10-04 16:22:15] Generator was garbage collected without being shut down. Forcing local server and client cleanup.[0;0m
[93m[10-04 16:22:15] Local worker sglang-diffusionWorker-0 did not terminate gracefully, forcing.[0;0m
/usr/lib/python3.12/multiprocessing/resource_tracker.py:254: UserWarning: resource_tracker: There appear to be 1 leaked semaphore objects to clean up at shutdown
  warnings.warn('resource_tracker: There appear to be %d '
RESULT {"label": "01-eager", "variant": "eager", "profile": false, "seed": 42, "size": 1024, "steps": 30, "command": ["sglang", "generate", "--model-path", "/vol/hf-cache/hub/models--circlestone-labs--Anima-Base-v1.0-Diffusers/snapshots/073c3a9db359c31ad0e8aa268d15775473c2176c", "--model-id", "circlestone-labs/Anima-Base-v1.0-Diffusers", "--revision", "073c3a9db359c31ad0e8aa268d15775473c2176c", "--num-gpus", "1", "--enable-torch-compile=false", "--enable-breakable-cuda-graph=false", "--performance-mode=speed", "--attention-backend", "fa", "--width", "1024", "--height", "1024", "--num-inference-steps", "30", "--guidance-scale", "4", "--negative-prompt", "", "--prompt", "masterpiece, best quality, safe, watercolor landscape, a quiet seaside village at sunset", "--seed", "42", "--generator-device", "cpu", "--quality", "lossless", "--save-output", "--warmup-mode", "request", "--warmup-steps", "1", "--perf-dump-path", "/results/rope-20261004T161949Z-d5819700/01-eager/perf.json", "--output-path", "/results/rope-20261004T161949Z-d5819700/01-eager/outputs", "--output-file-name", "sample"], "total_duration_ms": 3101.4662530000123, "denoise_steps_ms": [{"step": 0, "duration_ms": 69.64834500001871}, {"step": 1, "duration_ms": 95.27594799999406}, {"step": 2, "duration_ms": 95.26542099999347}, {"step": 3, "duration_ms": 95.45656299999905}, {"step": 4, "duration_ms": 94.95854600001508}, {"step": 5, "duration_ms": 95.58819800000151}, {"step": 6, "duration_ms": 95.11834599999247}, {"step": 7, "duration_ms": 95.46031899998297}, {"step": 8, "duration_ms": 95.42199000000551}, {"step": 9, "duration_ms": 95.4709199999968}, {"step": 10, "duration_ms": 95.12206700000547}, {"step": 11, "duration_ms": 95.30963599999609}, {"step": 12, "duration_ms": 95.01806399998713}, {"step": 13, "duration_ms": 95.51862399999322}, {"step": 14, "duration_ms": 95.15354799998477}, {"step": 15, "duration_ms": 95.48809200001074}, {"step": 16, "duration_ms": 95.07034199998543}, {"step": 17, "duration_ms": 95.85331499999938}, {"step": 18, "duration_ms": 95.52101599999219}, {"step": 19, "duration_ms": 96.05788900000789}, {"step": 20, "duration_ms": 95.66391799998542}, {"step": 21, "duration_ms": 95.92595200001597}, {"step": 22, "duration_ms": 95.63626999999997}, {"step": 23, "duration_ms": 95.66184999999905}, {"step": 24, "duration_ms": 95.44405599999095}, {"step": 25, "duration_ms": 96.61488400001872}, {"step": 26, "duration_ms": 96.17045199999552}, {"step": 27, "duration_ms": 95.57507900001383}, {"step": 28, "duration_ms": 95.64304200000606}, {"step": 29, "duration_ms": 95.84791099999279}], "denoise_ms": 2839.9606029999804, "pixel_sha256": "2c12b2376dadcaac1f4b074f169b81ba15f9cf19b07832c21232fd220fe7a20c", "mode": "RGB", "png_sha256": "17057f6295cd6cf1a2affc7c2c8ae45889199edf9bde129a4a3dc1b15f9e212d", "source_sha256": "a21fae70ad5b9164a4804821339ff2c1a94d826488d8de4de4cf467e1ff88cd6"}
RUN ['sglang', 'generate', '--model-path', '/vol/hf-cache/hub/models--circlestone-labs--Anima-Base-v1.0-Diffusers/snapshots/073c3a9db359c31ad0e8aa268d15775473c2176c', '--model-id', 'circlestone-labs/Anima-Base-v1.0-Diffusers', '--revision', '073c3a9db359c31ad0e8aa268d15775473c2176c', '--num-gpus', '1', '--enable-torch-compile=false', '--enable-breakable-cuda-graph=false', '--performance-mode=speed', '--attention-backend', 'fa', '--width', '1024', '--height', '1024', '--num-inference-steps', '30', '--guidance-scale', '4', '--negative-prompt', '', '--prompt', 'masterpiece, best quality, safe, watercolor landscape, a quiet seaside village at sunset', '--seed', '42', '--generator-device', 'cpu', '--quality', 'lossless', '--save-output', '--warmup-mode', 'request', '--warmup-steps', '1', '--perf-dump-path', '/results/rope-20261004T161949Z-d5819700/02-eager/perf.json', '--output-path', '/results/rope-20261004T161949Z-d5819700/02-eager/outputs', '--output-file-name', 'sample']
Flax classes are deprecated and will be removed in Diffusers v1.0.0. We recommend migrating to PyTorch classes or pinning your version of Diffusers.
Flax classes are deprecated and will be removed in Diffusers v1.0.0. We recommend migrating to PyTorch classes or pinning your version of Diffusers.
--model-id 'circlestone-labs/Anima-Base-v1.0-Diffusers' did not match any registered model; falling back to automatic detection.
[10-04 16:22:37] Applying performance_mode=speed
[10-04 16:22:37] server_args: {"model_path": "/vol/hf-cache/hub/models--circlestone-labs--Anima-Base-v1.0-Diffusers/snapshots/073c3a9db359c31ad0e8aa268d15775473c2176c", "model_subfolder": null, "model_variant": null, "model_id": "circlestone-labs/Anima-Base-v1.0-Diffusers", "served_model_name": "circlestone-labs/Anima-Base-v1.0-Diffusers", "backend": "auto", "attention_backend": "fa", "enable_attention_backend_autotune": false, "attention_backend_config": {}, "component_attention_backends": {}, "cache_dit_config": null, "nccl_port": null, "enable_nccl_nvls": false, "trust_remote_code": false, "revision": "073c3a9db359c31ad0e8aa268d15775473c2176c", "num_gpus": 1, "performance_mode": "speed", "base_gpu_id": 0, "gpu_ids": null, "nnodes": 1, "node_rank": 0, "dist_init_addr": null, "tp_size": 1, "sp_degree": 1, "ulysses_degree": 1, "ring_degree": 1, "kv_gather_degree": 1, "sp_split_auto": false, "dp_size": 1, "enable_cfg_parallel": false, "cfg_parallel_degree": 1, "encoder_parallel": "auto", "hsdp_replicate_dim": 1, "hsdp_shard_dim": 1, "dist_timeout": 3600, "scheduler_rpc_timeout": null, "pipeline_class_name": null, "lora_path": null, "lora_nickname": "default", "lora_scale": 1.0, "lora_alpha": null, "lora_merge_mode": "auto", "lora_weight_name": null, "component_paths": {}, "component_weights_paths": {}, "component_direct_gpu_weight_loading": {}, "component_quantizations": {}, "component_precisions": {}, "component_quantization_ignored_layers": {}, "load_diffusion_decoder": false, "transformer_weights_path": null, "minimax_h3_adaln_cache_path": null, "minimax_h3_adaln_online": false, "minimax_h3_adaln_plan_width": 4, "minimax_h3_adaln_host_cache_gb": 8.0, "quantization": null, "quantization_ignored_layers": null, "lora_target_modules": null, "component_residency": null, "cpu_offload_components": null, "dit_cpu_offload": false, "direct_gpu_weight_loading": false, "dit_layerwise_offload": false, "layerwise_offload_components": null, "dit_offload_prefetch_size": 0.0, "dit_layerwise_resident_layers": 0.0, "dit_layerwise_residency_policy": "leading", "dit_layerwise_residency_lifetime": "forward", "layerwise_prefetch_size": {}, "layerwise_resident_layers": {}, "layerwise_residency_policy": {}, "layerwise_residency_lifetime": {}, "offload_during_compile": true, "text_encoder_cpu_offload": false, "image_encoder_cpu_offload": false, "vae_cpu_offload": false, "use_fsdp_inference": false, "pin_cpu_memory": true, "ltx2_two_stage_device_mode": null, "comfyui_mode": false, "enable_torch_compile": false, "regional_compile": false, "enable_breakable_cuda_graph": false, "bcg_text_buckets": null, "enable_layerwise_nvtx_marker": false, "warmup_mode": "request", "warmup_resolutions": null, "warmup_num_frames": null, "warmup_steps": 1, "warmup_sampling_params": null, "disable_autocast": true, "master_port": 30005, "host": "127.0.0.1", "port": 30000, "enable_metrics": false, "webui": false, "webui_port": 12312, "scheduler_port": 5604, "scheduler_ports": [5604], "batching_mode": "dynamic", "batching_max_size": 1, "batching_delay_ms": 0.0, "batching_config": null, "enable_batching_metrics": false, "strict_ports": false, "output_path": "/results/rope-20261004T161949Z-d5819700/02-eager/outputs", "input_save_path": "inputs/uploads", "prompt_file_path": null, "model_paths": {}, "model_loaded": {"transformer": true, "vae": true, "video_vae": true, "audio_vae": true, "video_dit": true, "audio_dit": true, "dual_tower_bridge": true}, "boundary_ratio": null, "disagg_role": "monolithic", "disagg_timeout": 3600, "disagg_downstream_wait_timeout": 1800, "disagg_dispatch_policy": "round_robin", "disagg_mode": false, "disagg_instance_id": 0, "disagg_max_slots_per_instance": 8, "disagg_transfer_redundancy": 1.25, "disagg_role_device": "auto", "disagg_transfer_backend": "auto", "disagg_transfer_pool_size": 268435456, "disagg_transfer_pin_memory": "auto", "disagg_p2p_hostname": "127.0.0.1", "disagg_ib_device": null, "disagg_server_addr": null, "encoder_urls": null, "denoiser_urls": null, "decoder_urls": null, "encoder_tp": null, "denoiser_tp": null, "denoiser_sp": null, "denoiser_ulysses": null, "denoiser_ring": null, "decoder_sp": null, "pool_work_endpoint": null, "pool_result_endpoint": null, "pool_control_endpoint": null, "pool_control_advertised_endpoint": null, "log_level": "info", "log_requests": false, "log_requests_level": 2, "log_requests_format": "text", "log_requests_target": null, "uvicorn_access_log_exclude_prefixes": [], "enable_cache_report": false, "enable_trace": false, "otlp_traces_endpoint": "localhost:4317", "otlp_service_name": null, "srt_encoder_url": null, "srt_encoder_connect_timeout": 3.05, "srt_encoder_timeout": 100, "pe_server_url": null, "prompt_enhancer_config": null}
[10-04 16:22:37] Diffusers version: 0.39.0.dev0
[10-04 16:22:37] Local mode: True
[10-04 16:22:37] Starting server...
Flax classes are deprecated and will be removed in Diffusers v1.0.0. We recommend migrating to PyTorch classes or pinning your version of Diffusers.
Flax classes are deprecated and will be removed in Diffusers v1.0.0. We recommend migrating to PyTorch classes or pinning your version of Diffusers.
[10-04 16:22:54] Scheduler (dp replica 0) bind at endpoint: tcp://127.0.0.1:5604
[10-04 16:22:54] torch.compile cache: TORCHINDUCTOR_CACHE_DIR=/root/.cache/sgl_diffusion/torch_compile_cache/inductor TRITON_CACHE_DIR=/root/.cache/sgl_diffusion/torch_compile_cache/triton
[10-04 16:22:54] Initializing distributed environment with world_size=1, device=cuda:0, timeout=3600
[10-04 16:22:54] Setting distributed timeout to 3600 seconds
[10-04 16:22:55] No pipeline_class_name specified, using model_index.json
[10-04 16:22:56] Diffusers version: 0.39.0.dev0
[93m[10-04 16:22:56] --model-id 'circlestone-labs/Anima-Base-v1.0-Diffusers' did not match any registered model; falling back to automatic detection.[0;0m
[10-04 16:22:56] Using pipeline from model_index.json: AnimaPipeline
[10-04 16:22:56] Loading pipeline modules...
[10-04 16:22:56] Model already exists locally and is complete
[10-04 16:22:56] Model path: /vol/hf-cache/hub/models--circlestone-labs--Anima-Base-v1.0-Diffusers/snapshots/073c3a9db359c31ad0e8aa268d15775473c2176c
[10-04 16:22:56] Diffusers version: 0.39.0.dev0
[10-04 16:22:56] Loading pipeline modules from config: {'_class_name': 'AnimaModularPipeline', '_diffusers_version': '0.39.0.dev0', 'scheduler': ['diffusers', 'FlowMatchEulerDiscreteScheduler'], 't5_tokenizer': ['transformers', 'T5Tokenizer'], 'text_conditioner': ['diffusers', 'AnimaTextConditioner'], 'text_encoder': ['transformers', 'Qwen3Model'], 'tokenizer': ['transformers', 'Qwen2Tokenizer'], 'transformer': ['diffusers', 'CosmosTransformer3DModel'], 'vae': ['diffusers', 'AutoencoderKLQwenImage']}
[10-04 16:22:56] Loading required components: ['text_encoder', 'tokenizer', 't5_tokenizer', 'text_conditioner', 'vae', 'transformer', 'scheduler']
[10-04 16:22:56] Memory-aware component load order: ['transformer', 'text_encoder', 'text_conditioner', 'vae', 'tokenizer', 't5_tokenizer', 'scheduler']

Loading required modules:   0%|          | 0/7 [00:00<?, ?it/s][10-04 16:22:56] Loading transformer from /vol/hf-cache/hub/models--circlestone-labs--Anima-Base-v1.0-Diffusers/snapshots/073c3a9db359c31ad0e8aa268d15775473c2176c/transformer. avail mem: 138.65 GB
[10-04 16:22:56] Loading CosmosTransformer3DModel from 1 safetensors file(s) , param_dtype: torch.bfloat16


Loading safetensors checkpoint shards: 0%|          | 0/1[A
Loading safetensors checkpoint shards: 100%|██████████| 1/1
[10-04 16:22:58] Attention backends for transformer: fa
[10-04 16:22:58] Loaded transformer: AnimaTransformer3DModel (sgl-diffusion version). model size: 3.64 GB, vram: 3.64 GB. avail GPU mem: 134.93 GB

Loading required modules:  14%|█▍        | 1/7 [00:01<00:08,  1.43s/it][10-04 16:22:58] Loading text_encoder from /vol/hf-cache/hub/models--circlestone-labs--Anima-Base-v1.0-Diffusers/snapshots/073c3a9db359c31ad0e8aa268d15775473c2176c/text_encoder. avail mem: 134.93 GB


Loading safetensors checkpoint shards: 0%|          | 0/1[A

Loading safetensors checkpoint shards: 100%|██████████| 1/1[A
Loading safetensors checkpoint shards: 100%|██████████| 1/1
[10-04 16:22:58] Attention backends for text_encoder: fa
[10-04 16:22:58] Loaded text_encoder: Qwen3ForCausalLM (sgl-diffusion version). model size: 1.12 GB, vram: 1.12 GB. avail GPU mem: 133.77 GB

Loading required modules:  29%|██▊       | 2/7 [00:02<00:05,  1.00s/it][10-04 16:22:58] Loading text_conditioner from /vol/hf-cache/hub/models--circlestone-labs--Anima-Base-v1.0-Diffusers/snapshots/073c3a9db359c31ad0e8aa268d15775473c2176c/text_conditioner. avail mem: 133.77 GB


Loading safetensors checkpoint shards: 0%|          | 0/1[A
Loading safetensors checkpoint shards: 100%|██████████| 1/1
[10-04 16:22:59] Attention backends for text_conditioner: fa
[10-04 16:22:59] Loaded text_conditioner: AnimaTextConditioner (sgl-diffusion version). model size: 0.25 GB, vram: 0.25 GB. avail GPU mem: 133.59 GB

Loading required modules:  43%|████▎     | 3/7 [00:02<00:02,  1.57it/s][10-04 16:22:59] Loading vae from /vol/hf-cache/hub/models--circlestone-labs--Anima-Base-v1.0-Diffusers/snapshots/073c3a9db359c31ad0e8aa268d15775473c2176c/vae. avail mem: 133.59 GB
[10-04 16:22:59] Qwen-Image VAE: installed quality-gated fast path (29 RMSNorm+SiLU fusions, 3 channels_last upsamples).
[10-04 16:22:59] Loaded vae: AutoencoderKLQwenImage (sgl-diffusion version). model size: 0.24 GB, vram: 0.24 GB. avail GPU mem: 133.31 GB

Loading required modules:  57%|█████▋    | 4/7 [00:02<00:01,  2.13it/s][10-04 16:22:59] Loading tokenizer from /vol/hf-cache/hub/models--circlestone-labs--Anima-Base-v1.0-Diffusers/snapshots/073c3a9db359c31ad0e8aa268d15775473c2176c/tokenizer. avail mem: 133.31 GB
[10-04 16:23:00] Loaded tokenizer: Qwen2Tokenizer (sgl-diffusion version). model size: NA GB, weights: none. avail GPU mem: 133.31 GB

Loading required modules:  71%|███████▏  | 5/7 [00:03<00:01,  1.58it/s][10-04 16:23:00] Loading t5_tokenizer from /vol/hf-cache/hub/models--circlestone-labs--Anima-Base-v1.0-Diffusers/snapshots/073c3a9db359c31ad0e8aa268d15775473c2176c/t5_tokenizer. avail mem: 133.31 GB
[10-04 16:23:00] Loaded t5_tokenizer: T5Tokenizer (sgl-diffusion version). model size: NA GB, weights: none. avail GPU mem: 133.31 GB

Loading required modules:  86%|████████▌ | 6/7 [00:03<00:00,  2.16it/s][10-04 16:23:00] Loading scheduler from /vol/hf-cache/hub/models--circlestone-labs--Anima-Base-v1.0-Diffusers/snapshots/073c3a9db359c31ad0e8aa268d15775473c2176c/scheduler. avail mem: 133.31 GB
[10-04 16:23:00] Loaded scheduler: FlowMatchEulerDiscreteScheduler (sgl-diffusion version). model size: NA GB, weights: none. avail GPU mem: 133.31 GB

Loading required modules: 100%|██████████| 7/7 [00:03<00:00,  1.94it/s]
[10-04 16:23:00] Creating pipeline stages...
[10-04 16:23:00] Using fa attention backend
[10-04 16:23:00] Pipeline instantiated
[10-04 16:23:00] Worker 0: Initialized device, model, and distributed environment.
[10-04 16:23:00] Worker 0: Scheduler loop started.
[10-04 16:23:00] [server-load] workers_ready_monotonic_ns=199050555938
[10-04 16:23:00] Processing 1 grouped request(s)

Warmup requests:   0%|          | 0/1 [00:00<?, ?req/s]
Warmup requests: 100%|██████████| 1/1 [00:02<00:00,  2.49s/req, warmup req (1024x1024, 1/30 steps), last=2.49s]
Warmup requests: 100%|██████████| 1/1 [00:02<00:00,  2.49s/req, warmup req (1024x1024, 1/30 steps), last=2.49s]
[10-04 16:23:02] The server is fired up and ready to roll!
[10-04 16:23:02] Sampling params:
                       width: 1024
                      height: 1024
                  num_frames: 1
                         fps: 24
                      prompt: <redacted, len=88>
                  neg_prompt: <redacted, len=0>
                        seed: 42
                 infer_steps: 30
      num_outputs_per_prompt: 1
              guidance_scale: 4.0
     embedded_guidance_scale: 6.0
                    n_tokens: None
                  flow_shift: None
                  image_path: None
                 save_output: True
            output_file_path: /results/rope-20261004T161949Z-d5819700/02-eager/outputs/sample.png
        
[10-04 16:23:02] Running pipeline stages: ['InputValidationStage', 'TextEncodingStage', 'AnimaTextConditioningStage', 'TimestepPreparationStage', 'LatentPreparationStage', 'denoising_stage', 'decoding_stage']
[10-04 16:23:02] [InputValidationStage] started...
[10-04 16:23:02] [InputValidationStage] finished in 0.0000 seconds
[10-04 16:23:02] [TextEncodingStage] started...
[10-04 16:23:02] [TextEncodingStage] finished in 0.0222 seconds
[10-04 16:23:02] [AnimaTextConditioningStage] started...
[10-04 16:23:02] [AnimaTextConditioningStage] finished in 0.0090 seconds
[10-04 16:23:02] [TimestepPreparationStage] started...
[10-04 16:23:02] [TimestepPreparationStage] finished in 0.0004 seconds
[10-04 16:23:02] [LatentPreparationStage] started...
[10-04 16:23:02] [LatentPreparationStage] finished in 0.0023 seconds
[10-04 16:23:02] [DenoisingStage] started...

  0%|          | 0/30 [00:00<?, ?it/s]
  7%|▋         | 2/30 [00:00<00:02, 12.13it/s]
 13%|█▎        | 4/30 [00:00<00:02, 11.10it/s]
 20%|██        | 6/30 [00:00<00:02, 10.80it/s]
 27%|██▋       | 8/30 [00:00<00:02, 10.67it/s]
 33%|███▎      | 10/30 [00:00<00:01, 10.60it/s]
 40%|████      | 12/30 [00:01<00:01, 10.56it/s]
 47%|████▋     | 14/30 [00:01<00:01, 10.53it/s]
 53%|█████▎    | 16/30 [00:01<00:01, 10.49it/s]
 60%|██████    | 18/30 [00:01<00:01, 10.48it/s]
 67%|██████▋   | 20/30 [00:01<00:00, 10.48it/s]
 73%|███████▎  | 22/30 [00:02<00:00, 10.47it/s]
 80%|████████  | 24/30 [00:02<00:00, 10.45it/s]
 87%|████████▋ | 26/30 [00:02<00:00, 10.46it/s]
 93%|█████████▎| 28/30 [00:02<00:00, 10.46it/s]
100%|██████████| 30/30 [00:02<00:00, 10.45it/s]
100%|██████████| 30/30 [00:02<00:00, 10.55it/s]
[10-04 16:23:05] [DenoisingStage] average time per step: 0.0948 seconds
[10-04 16:23:05] [DenoisingStage] finished in 2.8437 seconds
[10-04 16:23:05] [DecodingStage] started...
[10-04 16:23:05] [DecodingStage] finished in 0.2195 seconds
[10-04 16:23:06] Output saved to [1;36m/results/rope-20261004T161949Z-d5819700/02-eager/outputs/sample.png[0;0m
[10-04 16:23:06] Metrics dumped to: [1;36m/results/rope-20261004T161949Z-d5819700/02-eager/perf.json[0;0m
[10-04 16:23:06] Pixel data generated successfully in [92m5.82[0;0m seconds
[10-04 16:23:06] Warmed-up request processed in [92m3.10[0;0m seconds (with warmup excluded)
[10-04 16:23:06] Memory usage - Max peak: 5870.00 MB, Avg peak: 5870.00 MB
[10-04 16:23:06] Metrics dumped to: [1;36m/results/rope-20261004T161949Z-d5819700/02-eager/perf.json[0;0m
[93m[10-04 16:23:06] Generator was garbage collected without being shut down. Forcing local server and client cleanup.[0;0m
[93m[10-04 16:23:06] Local worker sglang-diffusionWorker-0 did not terminate gracefully, forcing.[0;0m
/usr/lib/python3.12/multiprocessing/resource_tracker.py:254: UserWarning: resource_tracker: There appear to be 1 leaked semaphore objects to clean up at shutdown
  warnings.warn('resource_tracker: There appear to be %d '
RESULT {"label": "02-eager", "variant": "eager", "profile": false, "seed": 42, "size": 1024, "steps": 30, "command": ["sglang", "generate", "--model-path", "/vol/hf-cache/hub/models--circlestone-labs--Anima-Base-v1.0-Diffusers/snapshots/073c3a9db359c31ad0e8aa268d15775473c2176c", "--model-id", "circlestone-labs/Anima-Base-v1.0-Diffusers", "--revision", "073c3a9db359c31ad0e8aa268d15775473c2176c", "--num-gpus", "1", "--enable-torch-compile=false", "--enable-breakable-cuda-graph=false", "--performance-mode=speed", "--attention-backend", "fa", "--width", "1024", "--height", "1024", "--num-inference-steps", "30", "--guidance-scale", "4", "--negative-prompt", "", "--prompt", "masterpiece, best quality, safe, watercolor landscape, a quiet seaside village at sunset", "--seed", "42", "--generator-device", "cpu", "--quality", "lossless", "--save-output", "--warmup-mode", "request", "--warmup-steps", "1", "--perf-dump-path", "/results/rope-20261004T161949Z-d5819700/02-eager/perf.json", "--output-path", "/results/rope-20261004T161949Z-d5819700/02-eager/outputs", "--output-file-name", "sample"], "total_duration_ms": 3102.705428999997, "denoise_steps_ms": [{"step": 0, "duration_ms": 69.67665099998044}, {"step": 1, "duration_ms": 95.16580600001134}, {"step": 2, "duration_ms": 95.42066599999544}, {"step": 3, "duration_ms": 95.36561999999549}, {"step": 4, "duration_ms": 95.6684159999952}, {"step": 5, "duration_ms": 95.3821330000153}, {"step": 6, "duration_ms": 95.31518000000005}, {"step": 7, "duration_ms": 95.55012300000953}, {"step": 8, "duration_ms": 95.47862700000564}, {"step": 9, "duration_ms": 95.65975999998955}, {"step": 10, "duration_ms": 95.22183600000744}, {"step": 11, "duration_ms": 95.32676599999945}, {"step": 12, "duration_ms": 95.19280800000729}, {"step": 13, "duration_ms": 95.83312100002672}, {"step": 14, "duration_ms": 95.89409999998111}, {"step": 15, "duration_ms": 96.10295100000599}, {"step": 16, "duration_ms": 95.44182599998408}, {"step": 17, "duration_ms": 95.85084799999777}, {"step": 18, "duration_ms": 95.36795700000766}, {"step": 19, "duration_ms": 95.42933500000572}, {"step": 20, "duration_ms": 95.49815100001524}, {"step": 21, "duration_ms": 95.84112499999264}, {"step": 22, "duration_ms": 95.560101999979}, {"step": 23, "duration_ms": 96.43533799999204}, {"step": 24, "duration_ms": 95.57826299999306}, {"step": 25, "duration_ms": 95.60102200001097}, {"step": 26, "duration_ms": 95.43868299999758}, {"step": 27, "duration_ms": 95.83394699998848}, {"step": 28, "duration_ms": 96.037621999983}, {"step": 29, "duration_ms": 95.76851200000647}], "denoise_ms": 2841.9372949999797, "pixel_sha256": "2c12b2376dadcaac1f4b074f169b81ba15f9cf19b07832c21232fd220fe7a20c", "mode": "RGB", "png_sha256": "17057f6295cd6cf1a2affc7c2c8ae45889199edf9bde129a4a3dc1b15f9e212d", "source_sha256": "a21fae70ad5b9164a4804821339ff2c1a94d826488d8de4de4cf467e1ff88cd6"}
RUN ['sglang', 'generate', '--model-path', '/vol/hf-cache/hub/models--circlestone-labs--Anima-Base-v1.0-Diffusers/snapshots/073c3a9db359c31ad0e8aa268d15775473c2176c', '--model-id', 'circlestone-labs/Anima-Base-v1.0-Diffusers', '--revision', '073c3a9db359c31ad0e8aa268d15775473c2176c', '--num-gpus', '1', '--enable-torch-compile=false', '--enable-breakable-cuda-graph=false', '--performance-mode=speed', '--attention-backend', 'fa', '--width', '1024', '--height', '1024', '--num-inference-steps', '30', '--guidance-scale', '4', '--negative-prompt', '', '--prompt', 'masterpiece, best quality, safe, watercolor landscape, a quiet seaside village at sunset', '--seed', '42', '--generator-device', 'cpu', '--quality', 'lossless', '--save-output', '--warmup-mode', 'request', '--warmup-steps', '1', '--perf-dump-path', '/results/rope-20261004T161949Z-d5819700/03-eager/perf.json', '--output-path', '/results/rope-20261004T161949Z-d5819700/03-eager/outputs', '--output-file-name', 'sample']
Flax classes are deprecated and will be removed in Diffusers v1.0.0. We recommend migrating to PyTorch classes or pinning your version of Diffusers.
Flax classes are deprecated and will be removed in Diffusers v1.0.0. We recommend migrating to PyTorch classes or pinning your version of Diffusers.
--model-id 'circlestone-labs/Anima-Base-v1.0-Diffusers' did not match any registered model; falling back to automatic detection.
[10-04 16:23:27] Applying performance_mode=speed
[10-04 16:23:27] server_args: {"model_path": "/vol/hf-cache/hub/models--circlestone-labs--Anima-Base-v1.0-Diffusers/snapshots/073c3a9db359c31ad0e8aa268d15775473c2176c", "model_subfolder": null, "model_variant": null, "model_id": "circlestone-labs/Anima-Base-v1.0-Diffusers", "served_model_name": "circlestone-labs/Anima-Base-v1.0-Diffusers", "backend": "auto", "attention_backend": "fa", "enable_attention_backend_autotune": false, "attention_backend_config": {}, "component_attention_backends": {}, "cache_dit_config": null, "nccl_port": null, "enable_nccl_nvls": false, "trust_remote_code": false, "revision": "073c3a9db359c31ad0e8aa268d15775473c2176c", "num_gpus": 1, "performance_mode": "speed", "base_gpu_id": 0, "gpu_ids": null, "nnodes": 1, "node_rank": 0, "dist_init_addr": null, "tp_size": 1, "sp_degree": 1, "ulysses_degree": 1, "ring_degree": 1, "kv_gather_degree": 1, "sp_split_auto": false, "dp_size": 1, "enable_cfg_parallel": false, "cfg_parallel_degree": 1, "encoder_parallel": "auto", "hsdp_replicate_dim": 1, "hsdp_shard_dim": 1, "dist_timeout": 3600, "scheduler_rpc_timeout": null, "pipeline_class_name": null, "lora_path": null, "lora_nickname": "default", "lora_scale": 1.0, "lora_alpha": null, "lora_merge_mode": "auto", "lora_weight_name": null, "component_paths": {}, "component_weights_paths": {}, "component_direct_gpu_weight_loading": {}, "component_quantizations": {}, "component_precisions": {}, "component_quantization_ignored_layers": {}, "load_diffusion_decoder": false, "transformer_weights_path": null, "minimax_h3_adaln_cache_path": null, "minimax_h3_adaln_online": false, "minimax_h3_adaln_plan_width": 4, "minimax_h3_adaln_host_cache_gb": 8.0, "quantization": null, "quantization_ignored_layers": null, "lora_target_modules": null, "component_residency": null, "cpu_offload_components": null, "dit_cpu_offload": false, "direct_gpu_weight_loading": false, "dit_layerwise_offload": false, "layerwise_offload_components": null, "dit_offload_prefetch_size": 0.0, "dit_layerwise_resident_layers": 0.0, "dit_layerwise_residency_policy": "leading", "dit_layerwise_residency_lifetime": "forward", "layerwise_prefetch_size": {}, "layerwise_resident_layers": {}, "layerwise_residency_policy": {}, "layerwise_residency_lifetime": {}, "offload_during_compile": true, "text_encoder_cpu_offload": false, "image_encoder_cpu_offload": false, "vae_cpu_offload": false, "use_fsdp_inference": false, "pin_cpu_memory": true, "ltx2_two_stage_device_mode": null, "comfyui_mode": false, "enable_torch_compile": false, "regional_compile": false, "enable_breakable_cuda_graph": false, "bcg_text_buckets": null, "enable_layerwise_nvtx_marker": false, "warmup_mode": "request", "warmup_resolutions": null, "warmup_num_frames": null, "warmup_steps": 1, "warmup_sampling_params": null, "disable_autocast": true, "master_port": 30005, "host": "127.0.0.1", "port": 30000, "enable_metrics": false, "webui": false, "webui_port": 12312, "scheduler_port": 5598, "scheduler_ports": [5598], "batching_mode": "dynamic", "batching_max_size": 1, "batching_delay_ms": 0.0, "batching_config": null, "enable_batching_metrics": false, "strict_ports": false, "output_path": "/results/rope-20261004T161949Z-d5819700/03-eager/outputs", "input_save_path": "inputs/uploads", "prompt_file_path": null, "model_paths": {}, "model_loaded": {"transformer": true, "vae": true, "video_vae": true, "audio_vae": true, "video_dit": true, "audio_dit": true, "dual_tower_bridge": true}, "boundary_ratio": null, "disagg_role": "monolithic", "disagg_timeout": 3600, "disagg_downstream_wait_timeout": 1800, "disagg_dispatch_policy": "round_robin", "disagg_mode": false, "disagg_instance_id": 0, "disagg_max_slots_per_instance": 8, "disagg_transfer_redundancy": 1.25, "disagg_role_device": "auto", "disagg_transfer_backend": "auto", "disagg_transfer_pool_size": 268435456, "disagg_transfer_pin_memory": "auto", "disagg_p2p_hostname": "127.0.0.1", "disagg_ib_device": null, "disagg_server_addr": null, "encoder_urls": null, "denoiser_urls": null, "decoder_urls": null, "encoder_tp": null, "denoiser_tp": null, "denoiser_sp": null, "denoiser_ulysses": null, "denoiser_ring": null, "decoder_sp": null, "pool_work_endpoint": null, "pool_result_endpoint": null, "pool_control_endpoint": null, "pool_control_advertised_endpoint": null, "log_level": "info", "log_requests": false, "log_requests_level": 2, "log_requests_format": "text", "log_requests_target": null, "uvicorn_access_log_exclude_prefixes": [], "enable_cache_report": false, "enable_trace": false, "otlp_traces_endpoint": "localhost:4317", "otlp_service_name": null, "srt_encoder_url": null, "srt_encoder_connect_timeout": 3.05, "srt_encoder_timeout": 100, "pe_server_url": null, "prompt_enhancer_config": null}
[10-04 16:23:27] Diffusers version: 0.39.0.dev0
[10-04 16:23:27] Local mode: True
[10-04 16:23:28] Starting server...
Flax classes are deprecated and will be removed in Diffusers v1.0.0. We recommend migrating to PyTorch classes or pinning your version of Diffusers.
Flax classes are deprecated and will be removed in Diffusers v1.0.0. We recommend migrating to PyTorch classes or pinning your version of Diffusers.
[10-04 16:23:45] Scheduler (dp replica 0) bind at endpoint: tcp://127.0.0.1:5598
[10-04 16:23:45] torch.compile cache: TORCHINDUCTOR_CACHE_DIR=/root/.cache/sgl_diffusion/torch_compile_cache/inductor TRITON_CACHE_DIR=/root/.cache/sgl_diffusion/torch_compile_cache/triton
[10-04 16:23:45] Initializing distributed environment with world_size=1, device=cuda:0, timeout=3600
[10-04 16:23:45] Setting distributed timeout to 3600 seconds
[10-04 16:23:45] No pipeline_class_name specified, using model_index.json
[10-04 16:23:47] Diffusers version: 0.39.0.dev0
[93m[10-04 16:23:47] --model-id 'circlestone-labs/Anima-Base-v1.0-Diffusers' did not match any registered model; falling back to automatic detection.[0;0m
[10-04 16:23:47] Using pipeline from model_index.json: AnimaPipeline
[10-04 16:23:47] Loading pipeline modules...
[10-04 16:23:47] Model already exists locally and is complete
[10-04 16:23:47] Model path: /vol/hf-cache/hub/models--circlestone-labs--Anima-Base-v1.0-Diffusers/snapshots/073c3a9db359c31ad0e8aa268d15775473c2176c
[10-04 16:23:47] Diffusers version: 0.39.0.dev0
[10-04 16:23:47] Loading pipeline modules from config: {'_class_name': 'AnimaModularPipeline', '_diffusers_version': '0.39.0.dev0', 'scheduler': ['diffusers', 'FlowMatchEulerDiscreteScheduler'], 't5_tokenizer': ['transformers', 'T5Tokenizer'], 'text_conditioner': ['diffusers', 'AnimaTextConditioner'], 'text_encoder': ['transformers', 'Qwen3Model'], 'tokenizer': ['transformers', 'Qwen2Tokenizer'], 'transformer': ['diffusers', 'CosmosTransformer3DModel'], 'vae': ['diffusers', 'AutoencoderKLQwenImage']}
[10-04 16:23:47] Loading required components: ['text_encoder', 'tokenizer', 't5_tokenizer', 'text_conditioner', 'vae', 'transformer', 'scheduler']
[10-04 16:23:47] Memory-aware component load order: ['transformer', 'text_encoder', 'text_conditioner', 'vae', 'tokenizer', 't5_tokenizer', 'scheduler']

Loading required modules:   0%|          | 0/7 [00:00<?, ?it/s][10-04 16:23:47] Loading transformer from /vol/hf-cache/hub/models--circlestone-labs--Anima-Base-v1.0-Diffusers/snapshots/073c3a9db359c31ad0e8aa268d15775473c2176c/transformer. avail mem: 138.65 GB
[10-04 16:23:47] Loading CosmosTransformer3DModel from 1 safetensors file(s) , param_dtype: torch.bfloat16


Loading safetensors checkpoint shards: 0%|          | 0/1[A
Loading safetensors checkpoint shards: 100%|██████████| 1/1
[10-04 16:23:48] Attention backends for transformer: fa
[10-04 16:23:48] Loaded transformer: AnimaTransformer3DModel (sgl-diffusion version). model size: 3.64 GB, vram: 3.64 GB. avail GPU mem: 134.93 GB

Loading required modules:  14%|█▍        | 1/7 [00:01<00:07,  1.33s/it][10-04 16:23:48] Loading text_encoder from /vol/hf-cache/hub/models--circlestone-labs--Anima-Base-v1.0-Diffusers/snapshots/073c3a9db359c31ad0e8aa268d15775473c2176c/text_encoder. avail mem: 134.93 GB


Loading safetensors checkpoint shards: 0%|          | 0/1[A

Loading safetensors checkpoint shards: 100%|██████████| 1/1[A
Loading safetensors checkpoint shards: 100%|██████████| 1/1
[10-04 16:23:49] Attention backends for text_encoder: fa
[10-04 16:23:49] Loaded text_encoder: Qwen3ForCausalLM (sgl-diffusion version). model size: 1.12 GB, vram: 1.12 GB. avail GPU mem: 133.77 GB

Loading required modules:  29%|██▊       | 2/7 [00:01<00:04,  1.08it/s][10-04 16:23:49] Loading text_conditioner from /vol/hf-cache/hub/models--circlestone-labs--Anima-Base-v1.0-Diffusers/snapshots/073c3a9db359c31ad0e8aa268d15775473c2176c/text_conditioner. avail mem: 133.77 GB


Loading safetensors checkpoint shards: 0%|          | 0/1[A
Loading safetensors checkpoint shards: 100%|██████████| 1/1
[10-04 16:23:49] Attention backends for text_conditioner: fa
[10-04 16:23:49] Loaded text_conditioner: AnimaTextConditioner (sgl-diffusion version). model size: 0.25 GB, vram: 0.25 GB. avail GPU mem: 133.59 GB

Loading required modules:  43%|████▎     | 3/7 [00:02<00:02,  1.70it/s][10-04 16:23:49] Loading vae from /vol/hf-cache/hub/models--circlestone-labs--Anima-Base-v1.0-Diffusers/snapshots/073c3a9db359c31ad0e8aa268d15775473c2176c/vae. avail mem: 133.59 GB
[10-04 16:23:49] Qwen-Image VAE: installed quality-gated fast path (29 RMSNorm+SiLU fusions, 3 channels_last upsamples).
[10-04 16:23:49] Loaded vae: AutoencoderKLQwenImage (sgl-diffusion version). model size: 0.24 GB, vram: 0.24 GB. avail GPU mem: 133.31 GB

Loading required modules:  57%|█████▋    | 4/7 [00:02<00:01,  2.30it/s][10-04 16:23:49] Loading tokenizer from /vol/hf-cache/hub/models--circlestone-labs--Anima-Base-v1.0-Diffusers/snapshots/073c3a9db359c31ad0e8aa268d15775473c2176c/tokenizer. avail mem: 133.31 GB
[10-04 16:23:50] Loaded tokenizer: Qwen2Tokenizer (sgl-diffusion version). model size: NA GB, weights: none. avail GPU mem: 133.31 GB

Loading required modules:  71%|███████▏  | 5/7 [00:03<00:01,  1.64it/s][10-04 16:23:50] Loading t5_tokenizer from /vol/hf-cache/hub/models--circlestone-labs--Anima-Base-v1.0-Diffusers/snapshots/073c3a9db359c31ad0e8aa268d15775473c2176c/t5_tokenizer. avail mem: 133.31 GB
[10-04 16:23:50] Loaded t5_tokenizer: T5Tokenizer (sgl-diffusion version). model size: NA GB, weights: none. avail GPU mem: 133.31 GB

Loading required modules:  86%|████████▌ | 6/7 [00:03<00:00,  2.24it/s][10-04 16:23:50] Loading scheduler from /vol/hf-cache/hub/models--circlestone-labs--Anima-Base-v1.0-Diffusers/snapshots/073c3a9db359c31ad0e8aa268d15775473c2176c/scheduler. avail mem: 133.31 GB
[10-04 16:23:50] Loaded scheduler: FlowMatchEulerDiscreteScheduler (sgl-diffusion version). model size: NA GB, weights: none. avail GPU mem: 133.31 GB

Loading required modules: 100%|██████████| 7/7 [00:03<00:00,  2.05it/s]
[10-04 16:23:50] Creating pipeline stages...
[10-04 16:23:50] Using fa attention backend
[10-04 16:23:50] Pipeline instantiated
[10-04 16:23:50] Worker 0: Initialized device, model, and distributed environment.
[10-04 16:23:50] Worker 0: Scheduler loop started.
[10-04 16:23:50] [server-load] workers_ready_monotonic_ns=249359640633
[10-04 16:23:50] Processing 1 grouped request(s)

Warmup requests:   0%|          | 0/1 [00:00<?, ?req/s]
Warmup requests: 100%|██████████| 1/1 [00:02<00:00,  2.45s/req, warmup req (1024x1024, 1/30 steps), last=2.45s]
Warmup requests: 100%|██████████| 1/1 [00:02<00:00,  2.45s/req, warmup req (1024x1024, 1/30 steps), last=2.45s]
[10-04 16:23:53] The server is fired up and ready to roll!
[10-04 16:23:53] Sampling params:
                       width: 1024
                      height: 1024
                  num_frames: 1
                         fps: 24
                      prompt: <redacted, len=88>
                  neg_prompt: <redacted, len=0>
                        seed: 42
                 infer_steps: 30
      num_outputs_per_prompt: 1
              guidance_scale: 4.0
     embedded_guidance_scale: 6.0
                    n_tokens: None
                  flow_shift: None
                  image_path: None
                 save_output: True
            output_file_path: /results/rope-20261004T161949Z-d5819700/03-eager/outputs/sample.png
        
[10-04 16:23:53] Running pipeline stages: ['InputValidationStage', 'TextEncodingStage', 'AnimaTextConditioningStage', 'TimestepPreparationStage', 'LatentPreparationStage', 'denoising_stage', 'decoding_stage']
[10-04 16:23:53] [InputValidationStage] started...
[10-04 16:23:53] [InputValidationStage] finished in 0.0000 seconds
[10-04 16:23:53] [TextEncodingStage] started...
[10-04 16:23:53] [TextEncodingStage] finished in 0.0219 seconds
[10-04 16:23:53] [AnimaTextConditioningStage] started...
[10-04 16:23:53] [AnimaTextConditioningStage] finished in 0.0090 seconds
[10-04 16:23:53] [TimestepPreparationStage] started...
[10-04 16:23:53] [TimestepPreparationStage] finished in 0.0004 seconds
[10-04 16:23:53] [LatentPreparationStage] started...
[10-04 16:23:53] [LatentPreparationStage] finished in 0.0023 seconds
[10-04 16:23:53] [DenoisingStage] started...

  0%|          | 0/30 [00:00<?, ?it/s]
  7%|▋         | 2/30 [00:00<00:02, 12.10it/s]
 13%|█▎        | 4/30 [00:00<00:02, 11.07it/s]
 20%|██        | 6/30 [00:00<00:02, 10.78it/s]
 27%|██▋       | 8/30 [00:00<00:02, 10.65it/s]
 33%|███▎      | 10/30 [00:00<00:01, 10.58it/s]
 40%|████      | 12/30 [00:01<00:01, 10.53it/s]
 47%|████▋     | 14/30 [00:01<00:01, 10.51it/s]
 53%|█████▎    | 16/30 [00:01<00:01, 10.49it/s]
 60%|██████    | 18/30 [00:01<00:01, 10.48it/s]
 67%|██████▋   | 20/30 [00:01<00:00, 10.47it/s]
 73%|███████▎  | 22/30 [00:02<00:00, 10.46it/s]
 80%|████████  | 24/30 [00:02<00:00, 10.45it/s]
 87%|████████▋ | 26/30 [00:02<00:00, 10.45it/s]
 93%|█████████▎| 28/30 [00:02<00:00, 10.45it/s]
100%|██████████| 30/30 [00:02<00:00, 10.45it/s]
100%|██████████| 30/30 [00:02<00:00, 10.54it/s]
[10-04 16:23:55] [DenoisingStage] average time per step: 0.0948 seconds
[10-04 16:23:55] [DenoisingStage] finished in 2.8463 seconds
[10-04 16:23:55] [DecodingStage] started...
[10-04 16:23:56] [DecodingStage] finished in 0.2189 seconds
[10-04 16:23:56] Output saved to [1;36m/results/rope-20261004T161949Z-d5819700/03-eager/outputs/sample.png[0;0m
[10-04 16:23:56] Metrics dumped to: [1;36m/results/rope-20261004T161949Z-d5819700/03-eager/perf.json[0;0m
[10-04 16:23:56] Pixel data generated successfully in [92m5.78[0;0m seconds
[10-04 16:23:56] Warmed-up request processed in [92m3.10[0;0m seconds (with warmup excluded)
[10-04 16:23:56] Memory usage - Max peak: 5870.00 MB, Avg peak: 5870.00 MB
[10-04 16:23:56] Metrics dumped to: [1;36m/results/rope-20261004T161949Z-d5819700/03-eager/perf.json[0;0m
[93m[10-04 16:23:56] Generator was garbage collected without being shut down. Forcing local server and client cleanup.[0;0m
[93m[10-04 16:23:56] Local worker sglang-diffusionWorker-0 did not terminate gracefully, forcing.[0;0m
/usr/lib/python3.12/multiprocessing/resource_tracker.py:254: UserWarning: resource_tracker: There appear to be 1 leaked semaphore objects to clean up at shutdown
  warnings.warn('resource_tracker: There appear to be %d '
RESULT {"label": "03-eager", "variant": "eager", "profile": false, "seed": 42, "size": 1024, "steps": 30, "command": ["sglang", "generate", "--model-path", "/vol/hf-cache/hub/models--circlestone-labs--Anima-Base-v1.0-Diffusers/snapshots/073c3a9db359c31ad0e8aa268d15775473c2176c", "--model-id", "circlestone-labs/Anima-Base-v1.0-Diffusers", "--revision", "073c3a9db359c31ad0e8aa268d15775473c2176c", "--num-gpus", "1", "--enable-torch-compile=false", "--enable-breakable-cuda-graph=false", "--performance-mode=speed", "--attention-backend", "fa", "--width", "1024", "--height", "1024", "--num-inference-steps", "30", "--guidance-scale", "4", "--negative-prompt", "", "--prompt", "masterpiece, best quality, safe, watercolor landscape, a quiet seaside village at sunset", "--seed", "42", "--generator-device", "cpu", "--quality", "lossless", "--save-output", "--warmup-mode", "request", "--warmup-steps", "1", "--perf-dump-path", "/results/rope-20261004T161949Z-d5819700/03-eager/perf.json", "--output-path", "/results/rope-20261004T161949Z-d5819700/03-eager/outputs", "--output-file-name", "sample"], "total_duration_ms": 3104.0463520000117, "denoise_steps_ms": [{"step": 0, "duration_ms": 69.96494599999892}, {"step": 1, "duration_ms": 95.38528999999585}, {"step": 2, "duration_ms": 95.43285199998763}, {"step": 3, "duration_ms": 96.0179500000038}, {"step": 4, "duration_ms": 95.55654199999708}, {"step": 5, "duration_ms": 95.67619000000605}, {"step": 6, "duration_ms": 95.62588500000402}, {"step": 7, "duration_ms": 95.70640300000832}, {"step": 8, "duration_ms": 95.59211600000594}, {"step": 9, "duration_ms": 95.72625299998094}, {"step": 10, "duration_ms": 95.44255599999474}, {"step": 11, "duration_ms": 95.81288900000118}, {"step": 12, "duration_ms": 95.81408099998612}, {"step": 13, "duration_ms": 95.63135400000533}, {"step": 14, "duration_ms": 95.68002800000386}, {"step": 15, "duration_ms": 95.62898499999051}, {"step": 16, "duration_ms": 95.61507599997299}, {"step": 17, "duration_ms": 95.69583800001169}, {"step": 18, "duration_ms": 95.51433199999337}, {"step": 19, "duration_ms": 95.65979399999947}, {"step": 20, "duration_ms": 95.78372999999374}, {"step": 21, "duration_ms": 95.81611500001941}, {"step": 22, "duration_ms": 95.62204300002008}, {"step": 23, "duration_ms": 95.90838999997686}, {"step": 24, "duration_ms": 95.67963599999985}, {"step": 25, "duration_ms": 95.80963499999484}, {"step": 26, "duration_ms": 95.60670600001231}, {"step": 27, "duration_ms": 95.80538500000557}, {"step": 28, "duration_ms": 95.58556300001442}, {"step": 29, "duration_ms": 95.62543900000264}], "denoise_ms": 2844.4220019999875, "pixel_sha256": "2c12b2376dadcaac1f4b074f169b81ba15f9cf19b07832c21232fd220fe7a20c", "mode": "RGB", "png_sha256": "17057f6295cd6cf1a2affc7c2c8ae45889199edf9bde129a4a3dc1b15f9e212d", "source_sha256": "a21fae70ad5b9164a4804821339ff2c1a94d826488d8de4de4cf467e1ff88cd6"}
RUN ['sglang', 'generate', '--model-path', '/vol/hf-cache/hub/models--circlestone-labs--Anima-Base-v1.0-Diffusers/snapshots/073c3a9db359c31ad0e8aa268d15775473c2176c', '--model-id', 'circlestone-labs/Anima-Base-v1.0-Diffusers', '--revision', '073c3a9db359c31ad0e8aa268d15775473c2176c', '--num-gpus', '1', '--enable-torch-compile=false', '--enable-breakable-cuda-graph=false', '--performance-mode=speed', '--attention-backend', 'fa', '--width', '1024', '--height', '1024', '--num-inference-steps', '30', '--guidance-scale', '4', '--negative-prompt', '', '--prompt', 'masterpiece, best quality, safe, watercolor landscape, a quiet seaside village at sunset', '--seed', '42', '--generator-device', 'cpu', '--quality', 'lossless', '--save-output', '--warmup-mode', 'request', '--warmup-steps', '1', '--perf-dump-path', '/results/rope-20261004T161949Z-d5819700/04-fused/perf.json', '--output-path', '/results/rope-20261004T161949Z-d5819700/04-fused/outputs', '--output-file-name', 'sample']
Flax classes are deprecated and will be removed in Diffusers v1.0.0. We recommend migrating to PyTorch classes or pinning your version of Diffusers.
Flax classes are deprecated and will be removed in Diffusers v1.0.0. We recommend migrating to PyTorch classes or pinning your version of Diffusers.
--model-id 'circlestone-labs/Anima-Base-v1.0-Diffusers' did not match any registered model; falling back to automatic detection.
[10-04 16:24:17] Applying performance_mode=speed
[10-04 16:24:17] server_args: {"model_path": "/vol/hf-cache/hub/models--circlestone-labs--Anima-Base-v1.0-Diffusers/snapshots/073c3a9db359c31ad0e8aa268d15775473c2176c", "model_subfolder": null, "model_variant": null, "model_id": "circlestone-labs/Anima-Base-v1.0-Diffusers", "served_model_name": "circlestone-labs/Anima-Base-v1.0-Diffusers", "backend": "auto", "attention_backend": "fa", "enable_attention_backend_autotune": false, "attention_backend_config": {}, "component_attention_backends": {}, "cache_dit_config": null, "nccl_port": null, "enable_nccl_nvls": false, "trust_remote_code": false, "revision": "073c3a9db359c31ad0e8aa268d15775473c2176c", "num_gpus": 1, "performance_mode": "speed", "base_gpu_id": 0, "gpu_ids": null, "nnodes": 1, "node_rank": 0, "dist_init_addr": null, "tp_size": 1, "sp_degree": 1, "ulysses_degree": 1, "ring_degree": 1, "kv_gather_degree": 1, "sp_split_auto": false, "dp_size": 1, "enable_cfg_parallel": false, "cfg_parallel_degree": 1, "encoder_parallel": "auto", "hsdp_replicate_dim": 1, "hsdp_shard_dim": 1, "dist_timeout": 3600, "scheduler_rpc_timeout": null, "pipeline_class_name": null, "lora_path": null, "lora_nickname": "default", "lora_scale": 1.0, "lora_alpha": null, "lora_merge_mode": "auto", "lora_weight_name": null, "component_paths": {}, "component_weights_paths": {}, "component_direct_gpu_weight_loading": {}, "component_quantizations": {}, "component_precisions": {}, "component_quantization_ignored_layers": {}, "load_diffusion_decoder": false, "transformer_weights_path": null, "minimax_h3_adaln_cache_path": null, "minimax_h3_adaln_online": false, "minimax_h3_adaln_plan_width": 4, "minimax_h3_adaln_host_cache_gb": 8.0, "quantization": null, "quantization_ignored_layers": null, "lora_target_modules": null, "component_residency": null, "cpu_offload_components": null, "dit_cpu_offload": false, "direct_gpu_weight_loading": false, "dit_layerwise_offload": false, "layerwise_offload_components": null, "dit_offload_prefetch_size": 0.0, "dit_layerwise_resident_layers": 0.0, "dit_layerwise_residency_policy": "leading", "dit_layerwise_residency_lifetime": "forward", "layerwise_prefetch_size": {}, "layerwise_resident_layers": {}, "layerwise_residency_policy": {}, "layerwise_residency_lifetime": {}, "offload_during_compile": true, "text_encoder_cpu_offload": false, "image_encoder_cpu_offload": false, "vae_cpu_offload": false, "use_fsdp_inference": false, "pin_cpu_memory": true, "ltx2_two_stage_device_mode": null, "comfyui_mode": false, "enable_torch_compile": false, "regional_compile": false, "enable_breakable_cuda_graph": false, "bcg_text_buckets": null, "enable_layerwise_nvtx_marker": false, "warmup_mode": "request", "warmup_resolutions": null, "warmup_num_frames": null, "warmup_steps": 1, "warmup_sampling_params": null, "disable_autocast": true, "master_port": 30005, "host": "127.0.0.1", "port": 30000, "enable_metrics": false, "webui": false, "webui_port": 12312, "scheduler_port": 5642, "scheduler_ports": [5642], "batching_mode": "dynamic", "batching_max_size": 1, "batching_delay_ms": 0.0, "batching_config": null, "enable_batching_metrics": false, "strict_ports": false, "output_path": "/results/rope-20261004T161949Z-d5819700/04-fused/outputs", "input_save_path": "inputs/uploads", "prompt_file_path": null, "model_paths": {}, "model_loaded": {"transformer": true, "vae": true, "video_vae": true, "audio_vae": true, "video_dit": true, "audio_dit": true, "dual_tower_bridge": true}, "boundary_ratio": null, "disagg_role": "monolithic", "disagg_timeout": 3600, "disagg_downstream_wait_timeout": 1800, "disagg_dispatch_policy": "round_robin", "disagg_mode": false, "disagg_instance_id": 0, "disagg_max_slots_per_instance": 8, "disagg_transfer_redundancy": 1.25, "disagg_role_device": "auto", "disagg_transfer_backend": "auto", "disagg_transfer_pool_size": 268435456, "disagg_transfer_pin_memory": "auto", "disagg_p2p_hostname": "127.0.0.1", "disagg_ib_device": null, "disagg_server_addr": null, "encoder_urls": null, "denoiser_urls": null, "decoder_urls": null, "encoder_tp": null, "denoiser_tp": null, "denoiser_sp": null, "denoiser_ulysses": null, "denoiser_ring": null, "decoder_sp": null, "pool_work_endpoint": null, "pool_result_endpoint": null, "pool_control_endpoint": null, "pool_control_advertised_endpoint": null, "log_level": "info", "log_requests": false, "log_requests_level": 2, "log_requests_format": "text", "log_requests_target": null, "uvicorn_access_log_exclude_prefixes": [], "enable_cache_report": false, "enable_trace": false, "otlp_traces_endpoint": "localhost:4317", "otlp_service_name": null, "srt_encoder_url": null, "srt_encoder_connect_timeout": 3.05, "srt_encoder_timeout": 100, "pe_server_url": null, "prompt_enhancer_config": null}
[10-04 16:24:17] Diffusers version: 0.39.0.dev0
[10-04 16:24:17] Local mode: True
[10-04 16:24:18] Starting server...
Flax classes are deprecated and will be removed in Diffusers v1.0.0. We recommend migrating to PyTorch classes or pinning your version of Diffusers.
Flax classes are deprecated and will be removed in Diffusers v1.0.0. We recommend migrating to PyTorch classes or pinning your version of Diffusers.
[10-04 16:24:35] Scheduler (dp replica 0) bind at endpoint: tcp://127.0.0.1:5642
[10-04 16:24:35] torch.compile cache: TORCHINDUCTOR_CACHE_DIR=/root/.cache/sgl_diffusion/torch_compile_cache/inductor TRITON_CACHE_DIR=/root/.cache/sgl_diffusion/torch_compile_cache/triton
[10-04 16:24:35] Initializing distributed environment with world_size=1, device=cuda:0, timeout=3600
[10-04 16:24:35] Setting distributed timeout to 3600 seconds
[10-04 16:24:35] No pipeline_class_name specified, using model_index.json
[10-04 16:24:37] Diffusers version: 0.39.0.dev0
[93m[10-04 16:24:37] --model-id 'circlestone-labs/Anima-Base-v1.0-Diffusers' did not match any registered model; falling back to automatic detection.[0;0m
[10-04 16:24:37] Using pipeline from model_index.json: AnimaPipeline
[10-04 16:24:37] Loading pipeline modules...
[10-04 16:24:37] Model already exists locally and is complete
[10-04 16:24:37] Model path: /vol/hf-cache/hub/models--circlestone-labs--Anima-Base-v1.0-Diffusers/snapshots/073c3a9db359c31ad0e8aa268d15775473c2176c
[10-04 16:24:37] Diffusers version: 0.39.0.dev0
[10-04 16:24:37] Loading pipeline modules from config: {'_class_name': 'AnimaModularPipeline', '_diffusers_version': '0.39.0.dev0', 'scheduler': ['diffusers', 'FlowMatchEulerDiscreteScheduler'], 't5_tokenizer': ['transformers', 'T5Tokenizer'], 'text_conditioner': ['diffusers', 'AnimaTextConditioner'], 'text_encoder': ['transformers', 'Qwen3Model'], 'tokenizer': ['transformers', 'Qwen2Tokenizer'], 'transformer': ['diffusers', 'CosmosTransformer3DModel'], 'vae': ['diffusers', 'AutoencoderKLQwenImage']}
[10-04 16:24:37] Loading required components: ['text_encoder', 'tokenizer', 't5_tokenizer', 'text_conditioner', 'vae', 'transformer', 'scheduler']
[10-04 16:24:37] Memory-aware component load order: ['transformer', 'text_encoder', 'text_conditioner', 'vae', 'tokenizer', 't5_tokenizer', 'scheduler']

Loading required modules:   0%|          | 0/7 [00:00<?, ?it/s][10-04 16:24:37] Loading transformer from /vol/hf-cache/hub/models--circlestone-labs--Anima-Base-v1.0-Diffusers/snapshots/073c3a9db359c31ad0e8aa268d15775473c2176c/transformer. avail mem: 138.65 GB
[10-04 16:24:37] Loading CosmosTransformer3DModel from 1 safetensors file(s) , param_dtype: torch.bfloat16


Loading safetensors checkpoint shards: 0%|          | 0/1[A
Loading safetensors checkpoint shards: 100%|██████████| 1/1
[10-04 16:24:38] Attention backends for transformer: fa
[10-04 16:24:38] Loaded transformer: AnimaTransformer3DModel (sgl-diffusion version). model size: 3.64 GB, vram: 3.64 GB. avail GPU mem: 134.93 GB

Loading required modules:  14%|█▍        | 1/7 [00:01<00:08,  1.33s/it][10-04 16:24:38] Loading text_encoder from /vol/hf-cache/hub/models--circlestone-labs--Anima-Base-v1.0-Diffusers/snapshots/073c3a9db359c31ad0e8aa268d15775473c2176c/text_encoder. avail mem: 134.93 GB


Loading safetensors checkpoint shards: 0%|          | 0/1[A

Loading safetensors checkpoint shards: 100%|██████████| 1/1[A
Loading safetensors checkpoint shards: 100%|██████████| 1/1
[10-04 16:24:39] Attention backends for text_encoder: fa
[10-04 16:24:39] Loaded text_encoder: Qwen3ForCausalLM (sgl-diffusion version). model size: 1.12 GB, vram: 1.12 GB. avail GPU mem: 133.77 GB

Loading required modules:  29%|██▊       | 2/7 [00:01<00:04,  1.07it/s][10-04 16:24:39] Loading text_conditioner from /vol/hf-cache/hub/models--circlestone-labs--Anima-Base-v1.0-Diffusers/snapshots/073c3a9db359c31ad0e8aa268d15775473c2176c/text_conditioner. avail mem: 133.77 GB


Loading safetensors checkpoint shards: 0%|          | 0/1[A
Loading safetensors checkpoint shards: 100%|██████████| 1/1
[10-04 16:24:39] Attention backends for text_conditioner: fa
[10-04 16:24:39] Loaded text_conditioner: AnimaTextConditioner (sgl-diffusion version). model size: 0.25 GB, vram: 0.25 GB. avail GPU mem: 133.59 GB

Loading required modules:  43%|████▎     | 3/7 [00:02<00:02,  1.69it/s][10-04 16:24:39] Loading vae from /vol/hf-cache/hub/models--circlestone-labs--Anima-Base-v1.0-Diffusers/snapshots/073c3a9db359c31ad0e8aa268d15775473c2176c/vae. avail mem: 133.59 GB
[10-04 16:24:39] Qwen-Image VAE: installed quality-gated fast path (29 RMSNorm+SiLU fusions, 3 channels_last upsamples).
[10-04 16:24:39] Loaded vae: AutoencoderKLQwenImage (sgl-diffusion version). model size: 0.24 GB, vram: 0.24 GB. avail GPU mem: 133.31 GB

Loading required modules:  57%|█████▋    | 4/7 [00:02<00:01,  2.29it/s][10-04 16:24:39] Loading tokenizer from /vol/hf-cache/hub/models--circlestone-labs--Anima-Base-v1.0-Diffusers/snapshots/073c3a9db359c31ad0e8aa268d15775473c2176c/tokenizer. avail mem: 133.31 GB
[10-04 16:24:40] Loaded tokenizer: Qwen2Tokenizer (sgl-diffusion version). model size: NA GB, weights: none. avail GPU mem: 133.31 GB

Loading required modules:  71%|███████▏  | 5/7 [00:03<00:01,  1.64it/s][10-04 16:24:40] Loading t5_tokenizer from /vol/hf-cache/hub/models--circlestone-labs--Anima-Base-v1.0-Diffusers/snapshots/073c3a9db359c31ad0e8aa268d15775473c2176c/t5_tokenizer. avail mem: 133.31 GB
[10-04 16:24:40] Loaded t5_tokenizer: T5Tokenizer (sgl-diffusion version). model size: NA GB, weights: none. avail GPU mem: 133.31 GB

Loading required modules:  86%|████████▌ | 6/7 [00:03<00:00,  2.24it/s][10-04 16:24:40] Loading scheduler from /vol/hf-cache/hub/models--circlestone-labs--Anima-Base-v1.0-Diffusers/snapshots/073c3a9db359c31ad0e8aa268d15775473c2176c/scheduler. avail mem: 133.31 GB
[10-04 16:24:40] Loaded scheduler: FlowMatchEulerDiscreteScheduler (sgl-diffusion version). model size: NA GB, weights: none. avail GPU mem: 133.31 GB

Loading required modules: 100%|██████████| 7/7 [00:03<00:00,  2.05it/s]
[10-04 16:24:40] Creating pipeline stages...
[10-04 16:24:40] Using fa attention backend
[10-04 16:24:40] Pipeline instantiated
[10-04 16:24:40] Worker 0: Initialized device, model, and distributed environment.
[10-04 16:24:40] Worker 0: Scheduler loop started.
[10-04 16:24:40] [server-load] workers_ready_monotonic_ns=299514414229
[10-04 16:24:40] Processing 1 grouped request(s)

Warmup requests:   0%|          | 0/1 [00:00<?, ?req/s]
Warmup requests: 100%|██████████| 1/1 [00:02<00:00,  2.56s/req, warmup req (1024x1024, 1/30 steps), last=2.56s]
Warmup requests: 100%|██████████| 1/1 [00:02<00:00,  2.56s/req, warmup req (1024x1024, 1/30 steps), last=2.56s]
[10-04 16:24:43] The server is fired up and ready to roll!
[10-04 16:24:43] Sampling params:
                       width: 1024
                      height: 1024
                  num_frames: 1
                         fps: 24
                      prompt: <redacted, len=88>
                  neg_prompt: <redacted, len=0>
                        seed: 42
                 infer_steps: 30
      num_outputs_per_prompt: 1
              guidance_scale: 4.0
     embedded_guidance_scale: 6.0
                    n_tokens: None
                  flow_shift: None
                  image_path: None
                 save_output: True
            output_file_path: /results/rope-20261004T161949Z-d5819700/04-fused/outputs/sample.png
        
[10-04 16:24:43] Running pipeline stages: ['InputValidationStage', 'TextEncodingStage', 'AnimaTextConditioningStage', 'TimestepPreparationStage', 'LatentPreparationStage', 'denoising_stage', 'decoding_stage']
[10-04 16:24:43] [InputValidationStage] started...
[10-04 16:24:43] [InputValidationStage] finished in 0.0000 seconds
[10-04 16:24:43] [TextEncodingStage] started...
[10-04 16:24:43] [TextEncodingStage] finished in 0.0220 seconds
[10-04 16:24:43] [AnimaTextConditioningStage] started...
[10-04 16:24:43] [AnimaTextConditioningStage] finished in 0.0089 seconds
[10-04 16:24:43] [TimestepPreparationStage] started...
[10-04 16:24:43] [TimestepPreparationStage] finished in 0.0004 seconds
[10-04 16:24:43] [LatentPreparationStage] started...
[10-04 16:24:43] [LatentPreparationStage] finished in 0.0015 seconds
[10-04 16:24:43] [DenoisingStage] started...

  0%|          | 0/30 [00:00<?, ?it/s]
  7%|▋         | 2/30 [00:00<00:01, 16.39it/s]
 13%|█▎        | 4/30 [00:00<00:01, 14.48it/s]
 20%|██        | 6/30 [00:00<00:01, 13.96it/s]
 27%|██▋       | 8/30 [00:00<00:01, 13.70it/s]
 33%|███▎      | 10/30 [00:00<00:01, 13.57it/s]
 40%|████      | 12/30 [00:00<00:01, 13.47it/s]
 47%|████▋     | 14/30 [00:01<00:01, 13.24it/s]
 53%|█████▎    | 16/30 [00:01<00:01, 13.24it/s]
 60%|██████    | 18/30 [00:01<00:00, 13.22it/s]
 67%|██████▋   | 20/30 [00:01<00:00, 13.26it/s]
 73%|███████▎  | 22/30 [00:01<00:00, 13.28it/s]
 80%|████████  | 24/30 [00:01<00:00, 13.31it/s]
 87%|████████▋ | 26/30 [00:01<00:00, 13.20it/s]
 93%|█████████▎| 28/30 [00:02<00:00, 13.07it/s]
100%|██████████| 30/30 [00:02<00:00, 13.12it/s]
100%|██████████| 30/30 [00:02<00:00, 13.38it/s]
[10-04 16:24:45] [DenoisingStage] average time per step: 0.0748 seconds
[10-04 16:24:45] [DenoisingStage] finished in 2.2436 seconds
[10-04 16:24:45] [DecodingStage] started...
[10-04 16:24:45] [DecodingStage] finished in 0.2223 seconds
[10-04 16:24:46] Output saved to [1;36m/results/rope-20261004T161949Z-d5819700/04-fused/outputs/sample.png[0;0m
[10-04 16:24:46] Metrics dumped to: [1;36m/results/rope-20261004T161949Z-d5819700/04-fused/perf.json[0;0m
[10-04 16:24:46] Pixel data generated successfully in [92m5.29[0;0m seconds
[10-04 16:24:46] Warmed-up request processed in [92m2.50[0;0m seconds (with warmup excluded)
[10-04 16:24:46] Memory usage - Max peak: 5902.00 MB, Avg peak: 5902.00 MB
[10-04 16:24:46] Metrics dumped to: [1;36m/results/rope-20261004T161949Z-d5819700/04-fused/perf.json[0;0m
[93m[10-04 16:24:46] Generator was garbage collected without being shut down. Forcing local server and client cleanup.[0;0m
[93m[10-04 16:24:46] Local worker sglang-diffusionWorker-0 did not terminate gracefully, forcing.[0;0m
/usr/lib/python3.12/multiprocessing/resource_tracker.py:254: UserWarning: resource_tracker: There appear to be 1 leaked semaphore objects to clean up at shutdown
  warnings.warn('resource_tracker: There appear to be %d '
RESULT {"label": "04-fused", "variant": "fused", "profile": false, "seed": 42, "size": 1024, "steps": 30, "command": ["sglang", "generate", "--model-path", "/vol/hf-cache/hub/models--circlestone-labs--Anima-Base-v1.0-Diffusers/snapshots/073c3a9db359c31ad0e8aa268d15775473c2176c", "--model-id", "circlestone-labs/Anima-Base-v1.0-Diffusers", "--revision", "073c3a9db359c31ad0e8aa268d15775473c2176c", "--num-gpus", "1", "--enable-torch-compile=false", "--enable-breakable-cuda-graph=false", "--performance-mode=speed", "--attention-backend", "fa", "--width", "1024", "--height", "1024", "--num-inference-steps", "30", "--guidance-scale", "4", "--negative-prompt", "", "--prompt", "masterpiece, best quality, safe, watercolor landscape, a quiet seaside village at sunset", "--seed", "42", "--generator-device", "cpu", "--quality", "lossless", "--save-output", "--warmup-mode", "request", "--warmup-steps", "1", "--perf-dump-path", "/results/rope-20261004T161949Z-d5819700/04-fused/perf.json", "--output-path", "/results/rope-20261004T161949Z-d5819700/04-fused/outputs", "--output-file-name", "sample"], "total_duration_ms": 2504.097327000011, "denoise_steps_ms": [{"step": 0, "duration_ms": 57.47574999998051}, {"step": 1, "duration_ms": 64.7004840000136}, {"step": 2, "duration_ms": 74.12058200003457}, {"step": 3, "duration_ms": 75.05771600000344}, {"step": 4, "duration_ms": 74.72048400001086}, {"step": 5, "duration_ms": 74.60335700000087}, {"step": 6, "duration_ms": 74.88816699998324}, {"step": 7, "duration_ms": 75.33232200000839}, {"step": 8, "duration_ms": 74.7037460000115}, {"step": 9, "duration_ms": 75.20665700002382}, {"step": 10, "duration_ms": 74.96530099996335}, {"step": 11, "duration_ms": 75.52340800003776}, {"step": 12, "duration_ms": 79.6819379999647}, {"step": 13, "duration_ms": 76.47390700003598}, {"step": 14, "duration_ms": 75.64225800001623}, {"step": 15, "duration_ms": 75.67288100000269}, {"step": 16, "duration_ms": 75.60498599997345}, {"step": 17, "duration_ms": 75.92307999999548}, {"step": 18, "duration_ms": 74.74709600001006}, {"step": 19, "duration_ms": 75.01548199996932}, {"step": 20, "duration_ms": 75.09751300000289}, {"step": 21, "duration_ms": 74.9502829999642}, {"step": 22, "duration_ms": 74.52202900003613}, {"step": 23, "duration_ms": 75.09940200003484}, {"step": 24, "duration_ms": 76.27718800000594}, {"step": 25, "duration_ms": 77.93419800003676}, {"step": 26, "duration_ms": 78.85013399999252}, {"step": 27, "duration_ms": 77.70927999996502}, {"step": 28, "duration_ms": 75.39261699997724}, {"step": 29, "duration_ms": 75.83140200000571}], "denoise_ms": 2241.723648000061, "pixel_sha256": "2c12b2376dadcaac1f4b074f169b81ba15f9cf19b07832c21232fd220fe7a20c", "mode": "RGB", "png_sha256": "17057f6295cd6cf1a2affc7c2c8ae45889199edf9bde129a4a3dc1b15f9e212d", "source_sha256": "221ea62e5a7e2278377d9793f643f680ad45bf178fc3c30afc8bcb0407ae58f1"}
RUN ['sglang', 'generate', '--model-path', '/vol/hf-cache/hub/models--circlestone-labs--Anima-Base-v1.0-Diffusers/snapshots/073c3a9db359c31ad0e8aa268d15775473c2176c', '--model-id', 'circlestone-labs/Anima-Base-v1.0-Diffusers', '--revision', '073c3a9db359c31ad0e8aa268d15775473c2176c', '--num-gpus', '1', '--enable-torch-compile=false', '--enable-breakable-cuda-graph=false', '--performance-mode=speed', '--attention-backend', 'fa', '--width', '1024', '--height', '1024', '--num-inference-steps', '30', '--guidance-scale', '4', '--negative-prompt', '', '--prompt', 'masterpiece, best quality, safe, watercolor landscape, a quiet seaside village at sunset', '--seed', '42', '--generator-device', 'cpu', '--quality', 'lossless', '--save-output', '--warmup-mode', 'request', '--warmup-steps', '1', '--perf-dump-path', '/results/rope-20261004T161949Z-d5819700/05-fused/perf.json', '--output-path', '/results/rope-20261004T161949Z-d5819700/05-fused/outputs', '--output-file-name', 'sample']
Flax classes are deprecated and will be removed in Diffusers v1.0.0. We recommend migrating to PyTorch classes or pinning your version of Diffusers.
Flax classes are deprecated and will be removed in Diffusers v1.0.0. We recommend migrating to PyTorch classes or pinning your version of Diffusers.
--model-id 'circlestone-labs/Anima-Base-v1.0-Diffusers' did not match any registered model; falling back to automatic detection.
[10-04 16:25:07] Applying performance_mode=speed
[10-04 16:25:07] server_args: {"model_path": "/vol/hf-cache/hub/models--circlestone-labs--Anima-Base-v1.0-Diffusers/snapshots/073c3a9db359c31ad0e8aa268d15775473c2176c", "model_subfolder": null, "model_variant": null, "model_id": "circlestone-labs/Anima-Base-v1.0-Diffusers", "served_model_name": "circlestone-labs/Anima-Base-v1.0-Diffusers", "backend": "auto", "attention_backend": "fa", "enable_attention_backend_autotune": false, "attention_backend_config": {}, "component_attention_backends": {}, "cache_dit_config": null, "nccl_port": null, "enable_nccl_nvls": false, "trust_remote_code": false, "revision": "073c3a9db359c31ad0e8aa268d15775473c2176c", "num_gpus": 1, "performance_mode": "speed", "base_gpu_id": 0, "gpu_ids": null, "nnodes": 1, "node_rank": 0, "dist_init_addr": null, "tp_size": 1, "sp_degree": 1, "ulysses_degree": 1, "ring_degree": 1, "kv_gather_degree": 1, "sp_split_auto": false, "dp_size": 1, "enable_cfg_parallel": false, "cfg_parallel_degree": 1, "encoder_parallel": "auto", "hsdp_replicate_dim": 1, "hsdp_shard_dim": 1, "dist_timeout": 3600, "scheduler_rpc_timeout": null, "pipeline_class_name": null, "lora_path": null, "lora_nickname": "default", "lora_scale": 1.0, "lora_alpha": null, "lora_merge_mode": "auto", "lora_weight_name": null, "component_paths": {}, "component_weights_paths": {}, "component_direct_gpu_weight_loading": {}, "component_quantizations": {}, "component_precisions": {}, "component_quantization_ignored_layers": {}, "load_diffusion_decoder": false, "transformer_weights_path": null, "minimax_h3_adaln_cache_path": null, "minimax_h3_adaln_online": false, "minimax_h3_adaln_plan_width": 4, "minimax_h3_adaln_host_cache_gb": 8.0, "quantization": null, "quantization_ignored_layers": null, "lora_target_modules": null, "component_residency": null, "cpu_offload_components": null, "dit_cpu_offload": false, "direct_gpu_weight_loading": false, "dit_layerwise_offload": false, "layerwise_offload_components": null, "dit_offload_prefetch_size": 0.0, "dit_layerwise_resident_layers": 0.0, "dit_layerwise_residency_policy": "leading", "dit_layerwise_residency_lifetime": "forward", "layerwise_prefetch_size": {}, "layerwise_resident_layers": {}, "layerwise_residency_policy": {}, "layerwise_residency_lifetime": {}, "offload_during_compile": true, "text_encoder_cpu_offload": false, "image_encoder_cpu_offload": false, "vae_cpu_offload": false, "use_fsdp_inference": false, "pin_cpu_memory": true, "ltx2_two_stage_device_mode": null, "comfyui_mode": false, "enable_torch_compile": false, "regional_compile": false, "enable_breakable_cuda_graph": false, "bcg_text_buckets": null, "enable_layerwise_nvtx_marker": false, "warmup_mode": "request", "warmup_resolutions": null, "warmup_num_frames": null, "warmup_steps": 1, "warmup_sampling_params": null, "disable_autocast": true, "master_port": 30005, "host": "127.0.0.1", "port": 30000, "enable_metrics": false, "webui": false, "webui_port": 12312, "scheduler_port": 5638, "scheduler_ports": [5638], "batching_mode": "dynamic", "batching_max_size": 1, "batching_delay_ms": 0.0, "batching_config": null, "enable_batching_metrics": false, "strict_ports": false, "output_path": "/results/rope-20261004T161949Z-d5819700/05-fused/outputs", "input_save_path": "inputs/uploads", "prompt_file_path": null, "model_paths": {}, "model_loaded": {"transformer": true, "vae": true, "video_vae": true, "audio_vae": true, "video_dit": true, "audio_dit": true, "dual_tower_bridge": true}, "boundary_ratio": null, "disagg_role": "monolithic", "disagg_timeout": 3600, "disagg_downstream_wait_timeout": 1800, "disagg_dispatch_policy": "round_robin", "disagg_mode": false, "disagg_instance_id": 0, "disagg_max_slots_per_instance": 8, "disagg_transfer_redundancy": 1.25, "disagg_role_device": "auto", "disagg_transfer_backend": "auto", "disagg_transfer_pool_size": 268435456, "disagg_transfer_pin_memory": "auto", "disagg_p2p_hostname": "127.0.0.1", "disagg_ib_device": null, "disagg_server_addr": null, "encoder_urls": null, "denoiser_urls": null, "decoder_urls": null, "encoder_tp": null, "denoiser_tp": null, "denoiser_sp": null, "denoiser_ulysses": null, "denoiser_ring": null, "decoder_sp": null, "pool_work_endpoint": null, "pool_result_endpoint": null, "pool_control_endpoint": null, "pool_control_advertised_endpoint": null, "log_level": "info", "log_requests": false, "log_requests_level": 2, "log_requests_format": "text", "log_requests_target": null, "uvicorn_access_log_exclude_prefixes": [], "enable_cache_report": false, "enable_trace": false, "otlp_traces_endpoint": "localhost:4317", "otlp_service_name": null, "srt_encoder_url": null, "srt_encoder_connect_timeout": 3.05, "srt_encoder_timeout": 100, "pe_server_url": null, "prompt_enhancer_config": null}
[10-04 16:25:07] Diffusers version: 0.39.0.dev0
[10-04 16:25:07] Local mode: True
[10-04 16:25:07] Starting server...
Flax classes are deprecated and will be removed in Diffusers v1.0.0. We recommend migrating to PyTorch classes or pinning your version of Diffusers.
Flax classes are deprecated and will be removed in Diffusers v1.0.0. We recommend migrating to PyTorch classes or pinning your version of Diffusers.
[10-04 16:25:25] Scheduler (dp replica 0) bind at endpoint: tcp://127.0.0.1:5638
[10-04 16:25:25] torch.compile cache: TORCHINDUCTOR_CACHE_DIR=/root/.cache/sgl_diffusion/torch_compile_cache/inductor TRITON_CACHE_DIR=/root/.cache/sgl_diffusion/torch_compile_cache/triton
[10-04 16:25:25] Initializing distributed environment with world_size=1, device=cuda:0, timeout=3600
[10-04 16:25:25] Setting distributed timeout to 3600 seconds
[10-04 16:25:25] No pipeline_class_name specified, using model_index.json
[10-04 16:25:27] Diffusers version: 0.39.0.dev0
[93m[10-04 16:25:27] --model-id 'circlestone-labs/Anima-Base-v1.0-Diffusers' did not match any registered model; falling back to automatic detection.[0;0m
[10-04 16:25:27] Using pipeline from model_index.json: AnimaPipeline
[10-04 16:25:27] Loading pipeline modules...
[10-04 16:25:27] Model already exists locally and is complete
[10-04 16:25:27] Model path: /vol/hf-cache/hub/models--circlestone-labs--Anima-Base-v1.0-Diffusers/snapshots/073c3a9db359c31ad0e8aa268d15775473c2176c
[10-04 16:25:27] Diffusers version: 0.39.0.dev0
[10-04 16:25:27] Loading pipeline modules from config: {'_class_name': 'AnimaModularPipeline', '_diffusers_version': '0.39.0.dev0', 'scheduler': ['diffusers', 'FlowMatchEulerDiscreteScheduler'], 't5_tokenizer': ['transformers', 'T5Tokenizer'], 'text_conditioner': ['diffusers', 'AnimaTextConditioner'], 'text_encoder': ['transformers', 'Qwen3Model'], 'tokenizer': ['transformers', 'Qwen2Tokenizer'], 'transformer': ['diffusers', 'CosmosTransformer3DModel'], 'vae': ['diffusers', 'AutoencoderKLQwenImage']}
[10-04 16:25:27] Loading required components: ['text_encoder', 'tokenizer', 't5_tokenizer', 'text_conditioner', 'vae', 'transformer', 'scheduler']
[10-04 16:25:27] Memory-aware component load order: ['transformer', 'text_encoder', 'text_conditioner', 'vae', 'tokenizer', 't5_tokenizer', 'scheduler']

Loading required modules:   0%|          | 0/7 [00:00<?, ?it/s][10-04 16:25:27] Loading transformer from /vol/hf-cache/hub/models--circlestone-labs--Anima-Base-v1.0-Diffusers/snapshots/073c3a9db359c31ad0e8aa268d15775473c2176c/transformer. avail mem: 138.65 GB
[10-04 16:25:27] Loading CosmosTransformer3DModel from 1 safetensors file(s) , param_dtype: torch.bfloat16


Loading safetensors checkpoint shards: 0%|          | 0/1[A
Loading safetensors checkpoint shards: 100%|██████████| 1/1
[10-04 16:25:28] Attention backends for transformer: fa
[10-04 16:25:28] Loaded transformer: AnimaTransformer3DModel (sgl-diffusion version). model size: 3.64 GB, vram: 3.64 GB. avail GPU mem: 134.93 GB

Loading required modules:  14%|█▍        | 1/7 [00:01<00:08,  1.35s/it][10-04 16:25:28] Loading text_encoder from /vol/hf-cache/hub/models--circlestone-labs--Anima-Base-v1.0-Diffusers/snapshots/073c3a9db359c31ad0e8aa268d15775473c2176c/text_encoder. avail mem: 134.93 GB


Loading safetensors checkpoint shards: 0%|          | 0/1[A

Loading safetensors checkpoint shards: 100%|██████████| 1/1[A
Loading safetensors checkpoint shards: 100%|██████████| 1/1
[10-04 16:25:29] Attention backends for text_encoder: fa
[10-04 16:25:29] Loaded text_encoder: Qwen3ForCausalLM (sgl-diffusion version). model size: 1.12 GB, vram: 1.12 GB. avail GPU mem: 133.77 GB

Loading required modules:  29%|██▊       | 2/7 [00:02<00:04,  1.05it/s][10-04 16:25:29] Loading text_conditioner from /vol/hf-cache/hub/models--circlestone-labs--Anima-Base-v1.0-Diffusers/snapshots/073c3a9db359c31ad0e8aa268d15775473c2176c/text_conditioner. avail mem: 133.77 GB


Loading safetensors checkpoint shards: 0%|          | 0/1[A
Loading safetensors checkpoint shards: 100%|██████████| 1/1
[10-04 16:25:29] Attention backends for text_conditioner: fa
[10-04 16:25:29] Loaded text_conditioner: AnimaTextConditioner (sgl-diffusion version). model size: 0.25 GB, vram: 0.25 GB. avail GPU mem: 133.59 GB

Loading required modules:  43%|████▎     | 3/7 [00:02<00:02,  1.65it/s][10-04 16:25:29] Loading vae from /vol/hf-cache/hub/models--circlestone-labs--Anima-Base-v1.0-Diffusers/snapshots/073c3a9db359c31ad0e8aa268d15775473c2176c/vae. avail mem: 133.59 GB
[10-04 16:25:29] Qwen-Image VAE: installed quality-gated fast path (29 RMSNorm+SiLU fusions, 3 channels_last upsamples).
[10-04 16:25:29] Loaded vae: AutoencoderKLQwenImage (sgl-diffusion version). model size: 0.24 GB, vram: 0.24 GB. avail GPU mem: 133.31 GB

Loading required modules:  57%|█████▋    | 4/7 [00:02<00:01,  2.20it/s][10-04 16:25:29] Loading tokenizer from /vol/hf-cache/hub/models--circlestone-labs--Anima-Base-v1.0-Diffusers/snapshots/073c3a9db359c31ad0e8aa268d15775473c2176c/tokenizer. avail mem: 133.31 GB
[10-04 16:25:30] Loaded tokenizer: Qwen2Tokenizer (sgl-diffusion version). model size: NA GB, weights: none. avail GPU mem: 133.31 GB

Loading required modules:  71%|███████▏  | 5/7 [00:03<00:01,  1.48it/s][10-04 16:25:30] Loading t5_tokenizer from /vol/hf-cache/hub/models--circlestone-labs--Anima-Base-v1.0-Diffusers/snapshots/073c3a9db359c31ad0e8aa268d15775473c2176c/t5_tokenizer. avail mem: 133.31 GB
[10-04 16:25:30] Loaded t5_tokenizer: T5Tokenizer (sgl-diffusion version). model size: NA GB, weights: none. avail GPU mem: 133.31 GB

Loading required modules:  86%|████████▌ | 6/7 [00:03<00:00,  2.03it/s][10-04 16:25:30] Loading scheduler from /vol/hf-cache/hub/models--circlestone-labs--Anima-Base-v1.0-Diffusers/snapshots/073c3a9db359c31ad0e8aa268d15775473c2176c/scheduler. avail mem: 133.31 GB
[10-04 16:25:30] Loaded scheduler: FlowMatchEulerDiscreteScheduler (sgl-diffusion version). model size: NA GB, weights: none. avail GPU mem: 133.31 GB

Loading required modules: 100%|██████████| 7/7 [00:03<00:00,  1.92it/s]
[10-04 16:25:30] Creating pipeline stages...
[10-04 16:25:30] Using fa attention backend
[10-04 16:25:30] Pipeline instantiated
[10-04 16:25:30] Worker 0: Initialized device, model, and distributed environment.
[10-04 16:25:30] Worker 0: Scheduler loop started.
[10-04 16:25:30] [server-load] workers_ready_monotonic_ns=349584978984
[10-04 16:25:30] Processing 1 grouped request(s)

Warmup requests:   0%|          | 0/1 [00:00<?, ?req/s]
Warmup requests: 100%|██████████| 1/1 [00:02<00:00,  2.51s/req, warmup req (1024x1024, 1/30 steps), last=2.50s]
Warmup requests: 100%|██████████| 1/1 [00:02<00:00,  2.51s/req, warmup req (1024x1024, 1/30 steps), last=2.50s]
[10-04 16:25:33] The server is fired up and ready to roll!
[10-04 16:25:33] Sampling params:
                       width: 1024
                      height: 1024
                  num_frames: 1
                         fps: 24
                      prompt: <redacted, len=88>
                  neg_prompt: <redacted, len=0>
                        seed: 42
                 infer_steps: 30
      num_outputs_per_prompt: 1
              guidance_scale: 4.0
     embedded_guidance_scale: 6.0
                    n_tokens: None
                  flow_shift: None
                  image_path: None
                 save_output: True
            output_file_path: /results/rope-20261004T161949Z-d5819700/05-fused/outputs/sample.png
        
[10-04 16:25:33] Running pipeline stages: ['InputValidationStage', 'TextEncodingStage', 'AnimaTextConditioningStage', 'TimestepPreparationStage', 'LatentPreparationStage', 'denoising_stage', 'decoding_stage']
[10-04 16:25:33] [InputValidationStage] started...
[10-04 16:25:33] [InputValidationStage] finished in 0.0000 seconds
[10-04 16:25:33] [TextEncodingStage] started...
[10-04 16:25:33] [TextEncodingStage] finished in 0.0221 seconds
[10-04 16:25:33] [AnimaTextConditioningStage] started...
[10-04 16:25:33] [AnimaTextConditioningStage] finished in 0.0090 seconds
[10-04 16:25:33] [TimestepPreparationStage] started...
[10-04 16:25:33] [TimestepPreparationStage] finished in 0.0004 seconds
[10-04 16:25:33] [LatentPreparationStage] started...
[10-04 16:25:33] [LatentPreparationStage] finished in 0.0015 seconds
[10-04 16:25:33] [DenoisingStage] started...

  0%|          | 0/30 [00:00<?, ?it/s]
  7%|▋         | 2/30 [00:00<00:01, 16.30it/s]
 13%|█▎        | 4/30 [00:00<00:01, 14.39it/s]
 20%|██        | 6/30 [00:00<00:01, 13.88it/s]
 27%|██▋       | 8/30 [00:00<00:01, 13.64it/s]
 33%|███▎      | 10/30 [00:00<00:01, 13.51it/s]
 40%|████      | 12/30 [00:00<00:01, 13.41it/s]
 47%|████▋     | 14/30 [00:01<00:01, 13.10it/s]
 53%|█████▎    | 16/30 [00:01<00:01, 13.10it/s]
 60%|██████    | 18/30 [00:01<00:00, 13.11it/s]
 67%|██████▋   | 20/30 [00:01<00:00, 13.16it/s]
 73%|███████▎  | 22/30 [00:01<00:00, 13.16it/s]
 80%|████████  | 24/30 [00:01<00:00, 13.15it/s]
 87%|████████▋ | 26/30 [00:01<00:00, 13.07it/s]
 93%|█████████▎| 28/30 [00:02<00:00, 12.99it/s]
100%|██████████| 30/30 [00:02<00:00, 13.02it/s]
100%|██████████| 30/30 [00:02<00:00, 13.27it/s]
[10-04 16:25:35] [DenoisingStage] average time per step: 0.0754 seconds
[10-04 16:25:35] [DenoisingStage] finished in 2.2616 seconds
[10-04 16:25:35] [DecodingStage] started...
[10-04 16:25:35] [DecodingStage] finished in 0.2369 seconds
[10-04 16:25:36] Output saved to [1;36m/results/rope-20261004T161949Z-d5819700/05-fused/outputs/sample.png[0;0m
[10-04 16:25:36] Metrics dumped to: [1;36m/results/rope-20261004T161949Z-d5819700/05-fused/perf.json[0;0m
[10-04 16:25:36] Pixel data generated successfully in [92m5.28[0;0m seconds
[10-04 16:25:36] Warmed-up request processed in [92m2.54[0;0m seconds (with warmup excluded)
[10-04 16:25:36] Memory usage - Max peak: 5902.00 MB, Avg peak: 5902.00 MB
[10-04 16:25:36] Metrics dumped to: [1;36m/results/rope-20261004T161949Z-d5819700/05-fused/perf.json[0;0m
[93m[10-04 16:25:36] Generator was garbage collected without being shut down. Forcing local server and client cleanup.[0;0m
[93m[10-04 16:25:36] Local worker sglang-diffusionWorker-0 did not terminate gracefully, forcing.[0;0m
/usr/lib/python3.12/multiprocessing/resource_tracker.py:254: UserWarning: resource_tracker: There appear to be 1 leaked semaphore objects to clean up at shutdown
  warnings.warn('resource_tracker: There appear to be %d '
RESULT {"label": "05-fused", "variant": "fused", "profile": false, "seed": 42, "size": 1024, "steps": 30, "command": ["sglang", "generate", "--model-path", "/vol/hf-cache/hub/models--circlestone-labs--Anima-Base-v1.0-Diffusers/snapshots/073c3a9db359c31ad0e8aa268d15775473c2176c", "--model-id", "circlestone-labs/Anima-Base-v1.0-Diffusers", "--revision", "073c3a9db359c31ad0e8aa268d15775473c2176c", "--num-gpus", "1", "--enable-torch-compile=false", "--enable-breakable-cuda-graph=false", "--performance-mode=speed", "--attention-backend", "fa", "--width", "1024", "--height", "1024", "--num-inference-steps", "30", "--guidance-scale", "4", "--negative-prompt", "", "--prompt", "masterpiece, best quality, safe, watercolor landscape, a quiet seaside village at sunset", "--seed", "42", "--generator-device", "cpu", "--quality", "lossless", "--save-output", "--warmup-mode", "request", "--warmup-steps", "1", "--perf-dump-path", "/results/rope-20261004T161949Z-d5819700/05-fused/perf.json", "--output-path", "/results/rope-20261004T161949Z-d5819700/05-fused/outputs", "--output-file-name", "sample"], "total_duration_ms": 2537.1640829999933, "denoise_steps_ms": [{"step": 0, "duration_ms": 57.86390800000163}, {"step": 1, "duration_ms": 64.84199999999873}, {"step": 2, "duration_ms": 74.78774200001226}, {"step": 3, "duration_ms": 75.5562950000126}, {"step": 4, "duration_ms": 74.89530199995897}, {"step": 5, "duration_ms": 75.25897799996528}, {"step": 6, "duration_ms": 75.6501160000198}, {"step": 7, "duration_ms": 74.74684199996773}, {"step": 8, "duration_ms": 75.12550000001283}, {"step": 9, "duration_ms": 75.50785500001211}, {"step": 10, "duration_ms": 75.20657599997094}, {"step": 11, "duration_ms": 75.82061299996212}, {"step": 12, "duration_ms": 81.4538259999722}, {"step": 13, "duration_ms": 78.43487700000651}, {"step": 14, "duration_ms": 76.01689199998418}, {"step": 15, "duration_ms": 76.72390300001553}, {"step": 16, "duration_ms": 76.57940600000757}, {"step": 17, "duration_ms": 75.80889799999113}, {"step": 18, "duration_ms": 74.88962600001514}, {"step": 19, "duration_ms": 75.81415900000366}, {"step": 20, "duration_ms": 75.46211299995775}, {"step": 21, "duration_ms": 76.55146299998705}, {"step": 22, "duration_ms": 75.7134479999877}, {"step": 23, "duration_ms": 76.4824529999828}, {"step": 24, "duration_ms": 77.56628900000351}, {"step": 25, "duration_ms": 77.34078599997929}, {"step": 26, "duration_ms": 78.32066000003124}, {"step": 27, "duration_ms": 77.75210900001639}, {"step": 28, "duration_ms": 76.31006699995169}, {"step": 29, "duration_ms": 76.62517599999319}], "denoise_ms": 2259.1078779997815, "pixel_sha256": "2c12b2376dadcaac1f4b074f169b81ba15f9cf19b07832c21232fd220fe7a20c", "mode": "RGB", "png_sha256": "17057f6295cd6cf1a2affc7c2c8ae45889199edf9bde129a4a3dc1b15f9e212d", "source_sha256": "221ea62e5a7e2278377d9793f643f680ad45bf178fc3c30afc8bcb0407ae58f1"}
RUN ['sglang', 'generate', '--model-path', '/vol/hf-cache/hub/models--circlestone-labs--Anima-Base-v1.0-Diffusers/snapshots/073c3a9db359c31ad0e8aa268d15775473c2176c', '--model-id', 'circlestone-labs/Anima-Base-v1.0-Diffusers', '--revision', '073c3a9db359c31ad0e8aa268d15775473c2176c', '--num-gpus', '1', '--enable-torch-compile=false', '--enable-breakable-cuda-graph=false', '--performance-mode=speed', '--attention-backend', 'fa', '--width', '1024', '--height', '1024', '--num-inference-steps', '30', '--guidance-scale', '4', '--negative-prompt', '', '--prompt', 'masterpiece, best quality, safe, watercolor landscape, a quiet seaside village at sunset', '--seed', '42', '--generator-device', 'cpu', '--quality', 'lossless', '--save-output', '--warmup-mode', 'request', '--warmup-steps', '1', '--perf-dump-path', '/results/rope-20261004T161949Z-d5819700/06-eager/perf.json', '--output-path', '/results/rope-20261004T161949Z-d5819700/06-eager/outputs', '--output-file-name', 'sample']
Flax classes are deprecated and will be removed in Diffusers v1.0.0. We recommend migrating to PyTorch classes or pinning your version of Diffusers.
Flax classes are deprecated and will be removed in Diffusers v1.0.0. We recommend migrating to PyTorch classes or pinning your version of Diffusers.
--model-id 'circlestone-labs/Anima-Base-v1.0-Diffusers' did not match any registered model; falling back to automatic detection.
[10-04 16:25:58] Applying performance_mode=speed
[10-04 16:25:58] server_args: {"model_path": "/vol/hf-cache/hub/models--circlestone-labs--Anima-Base-v1.0-Diffusers/snapshots/073c3a9db359c31ad0e8aa268d15775473c2176c", "model_subfolder": null, "model_variant": null, "model_id": "circlestone-labs/Anima-Base-v1.0-Diffusers", "served_model_name": "circlestone-labs/Anima-Base-v1.0-Diffusers", "backend": "auto", "attention_backend": "fa", "enable_attention_backend_autotune": false, "attention_backend_config": {}, "component_attention_backends": {}, "cache_dit_config": null, "nccl_port": null, "enable_nccl_nvls": false, "trust_remote_code": false, "revision": "073c3a9db359c31ad0e8aa268d15775473c2176c", "num_gpus": 1, "performance_mode": "speed", "base_gpu_id": 0, "gpu_ids": null, "nnodes": 1, "node_rank": 0, "dist_init_addr": null, "tp_size": 1, "sp_degree": 1, "ulysses_degree": 1, "ring_degree": 1, "kv_gather_degree": 1, "sp_split_auto": false, "dp_size": 1, "enable_cfg_parallel": false, "cfg_parallel_degree": 1, "encoder_parallel": "auto", "hsdp_replicate_dim": 1, "hsdp_shard_dim": 1, "dist_timeout": 3600, "scheduler_rpc_timeout": null, "pipeline_class_name": null, "lora_path": null, "lora_nickname": "default", "lora_scale": 1.0, "lora_alpha": null, "lora_merge_mode": "auto", "lora_weight_name": null, "component_paths": {}, "component_weights_paths": {}, "component_direct_gpu_weight_loading": {}, "component_quantizations": {}, "component_precisions": {}, "component_quantization_ignored_layers": {}, "load_diffusion_decoder": false, "transformer_weights_path": null, "minimax_h3_adaln_cache_path": null, "minimax_h3_adaln_online": false, "minimax_h3_adaln_plan_width": 4, "minimax_h3_adaln_host_cache_gb": 8.0, "quantization": null, "quantization_ignored_layers": null, "lora_target_modules": null, "component_residency": null, "cpu_offload_components": null, "dit_cpu_offload": false, "direct_gpu_weight_loading": false, "dit_layerwise_offload": false, "layerwise_offload_components": null, "dit_offload_prefetch_size": 0.0, "dit_layerwise_resident_layers": 0.0, "dit_layerwise_residency_policy": "leading", "dit_layerwise_residency_lifetime": "forward", "layerwise_prefetch_size": {}, "layerwise_resident_layers": {}, "layerwise_residency_policy": {}, "layerwise_residency_lifetime": {}, "offload_during_compile": true, "text_encoder_cpu_offload": false, "image_encoder_cpu_offload": false, "vae_cpu_offload": false, "use_fsdp_inference": false, "pin_cpu_memory": true, "ltx2_two_stage_device_mode": null, "comfyui_mode": false, "enable_torch_compile": false, "regional_compile": false, "enable_breakable_cuda_graph": false, "bcg_text_buckets": null, "enable_layerwise_nvtx_marker": false, "warmup_mode": "request", "warmup_resolutions": null, "warmup_num_frames": null, "warmup_steps": 1, "warmup_sampling_params": null, "disable_autocast": true, "master_port": 30005, "host": "127.0.0.1", "port": 30000, "enable_metrics": false, "webui": false, "webui_port": 12312, "scheduler_port": 5625, "scheduler_ports": [5625], "batching_mode": "dynamic", "batching_max_size": 1, "batching_delay_ms": 0.0, "batching_config": null, "enable_batching_metrics": false, "strict_ports": false, "output_path": "/results/rope-20261004T161949Z-d5819700/06-eager/outputs", "input_save_path": "inputs/uploads", "prompt_file_path": null, "model_paths": {}, "model_loaded": {"transformer": true, "vae": true, "video_vae": true, "audio_vae": true, "video_dit": true, "audio_dit": true, "dual_tower_bridge": true}, "boundary_ratio": null, "disagg_role": "monolithic", "disagg_timeout": 3600, "disagg_downstream_wait_timeout": 1800, "disagg_dispatch_policy": "round_robin", "disagg_mode": false, "disagg_instance_id": 0, "disagg_max_slots_per_instance": 8, "disagg_transfer_redundancy": 1.25, "disagg_role_device": "auto", "disagg_transfer_backend": "auto", "disagg_transfer_pool_size": 268435456, "disagg_transfer_pin_memory": "auto", "disagg_p2p_hostname": "127.0.0.1", "disagg_ib_device": null, "disagg_server_addr": null, "encoder_urls": null, "denoiser_urls": null, "decoder_urls": null, "encoder_tp": null, "denoiser_tp": null, "denoiser_sp": null, "denoiser_ulysses": null, "denoiser_ring": null, "decoder_sp": null, "pool_work_endpoint": null, "pool_result_endpoint": null, "pool_control_endpoint": null, "pool_control_advertised_endpoint": null, "log_level": "info", "log_requests": false, "log_requests_level": 2, "log_requests_format": "text", "log_requests_target": null, "uvicorn_access_log_exclude_prefixes": [], "enable_cache_report": false, "enable_trace": false, "otlp_traces_endpoint": "localhost:4317", "otlp_service_name": null, "srt_encoder_url": null, "srt_encoder_connect_timeout": 3.05, "srt_encoder_timeout": 100, "pe_server_url": null, "prompt_enhancer_config": null}
[10-04 16:25:58] Diffusers version: 0.39.0.dev0
[10-04 16:25:58] Local mode: True
[10-04 16:25:59] Starting server...
Flax classes are deprecated and will be removed in Diffusers v1.0.0. We recommend migrating to PyTorch classes or pinning your version of Diffusers.
Flax classes are deprecated and will be removed in Diffusers v1.0.0. We recommend migrating to PyTorch classes or pinning your version of Diffusers.
[10-04 16:26:16] Scheduler (dp replica 0) bind at endpoint: tcp://127.0.0.1:5625
[10-04 16:26:16] torch.compile cache: TORCHINDUCTOR_CACHE_DIR=/root/.cache/sgl_diffusion/torch_compile_cache/inductor TRITON_CACHE_DIR=/root/.cache/sgl_diffusion/torch_compile_cache/triton
[10-04 16:26:16] Initializing distributed environment with world_size=1, device=cuda:0, timeout=3600
[10-04 16:26:16] Setting distributed timeout to 3600 seconds
[10-04 16:26:17] No pipeline_class_name specified, using model_index.json
[10-04 16:26:18] Diffusers version: 0.39.0.dev0
[93m[10-04 16:26:18] --model-id 'circlestone-labs/Anima-Base-v1.0-Diffusers' did not match any registered model; falling back to automatic detection.[0;0m
[10-04 16:26:18] Using pipeline from model_index.json: AnimaPipeline
[10-04 16:26:18] Loading pipeline modules...
[10-04 16:26:18] Model already exists locally and is complete
[10-04 16:26:18] Model path: /vol/hf-cache/hub/models--circlestone-labs--Anima-Base-v1.0-Diffusers/snapshots/073c3a9db359c31ad0e8aa268d15775473c2176c
[10-04 16:26:18] Diffusers version: 0.39.0.dev0
[10-04 16:26:18] Loading pipeline modules from config: {'_class_name': 'AnimaModularPipeline', '_diffusers_version': '0.39.0.dev0', 'scheduler': ['diffusers', 'FlowMatchEulerDiscreteScheduler'], 't5_tokenizer': ['transformers', 'T5Tokenizer'], 'text_conditioner': ['diffusers', 'AnimaTextConditioner'], 'text_encoder': ['transformers', 'Qwen3Model'], 'tokenizer': ['transformers', 'Qwen2Tokenizer'], 'transformer': ['diffusers', 'CosmosTransformer3DModel'], 'vae': ['diffusers', 'AutoencoderKLQwenImage']}
[10-04 16:26:18] Loading required components: ['text_encoder', 'tokenizer', 't5_tokenizer', 'text_conditioner', 'vae', 'transformer', 'scheduler']
[10-04 16:26:18] Memory-aware component load order: ['transformer', 'text_encoder', 'text_conditioner', 'vae', 'tokenizer', 't5_tokenizer', 'scheduler']

Loading required modules:   0%|          | 0/7 [00:00<?, ?it/s][10-04 16:26:18] Loading transformer from /vol/hf-cache/hub/models--circlestone-labs--Anima-Base-v1.0-Diffusers/snapshots/073c3a9db359c31ad0e8aa268d15775473c2176c/transformer. avail mem: 138.65 GB
[10-04 16:26:18] Loading CosmosTransformer3DModel from 1 safetensors file(s) , param_dtype: torch.bfloat16


Loading safetensors checkpoint shards: 0%|          | 0/1[A
Loading safetensors checkpoint shards: 100%|██████████| 1/1
[10-04 16:26:19] Attention backends for transformer: fa
[10-04 16:26:19] Loaded transformer: AnimaTransformer3DModel (sgl-diffusion version). model size: 3.64 GB, vram: 3.64 GB. avail GPU mem: 134.93 GB

Loading required modules:  14%|█▍        | 1/7 [00:01<00:07,  1.19s/it][10-04 16:26:19] Loading text_encoder from /vol/hf-cache/hub/models--circlestone-labs--Anima-Base-v1.0-Diffusers/snapshots/073c3a9db359c31ad0e8aa268d15775473c2176c/text_encoder. avail mem: 134.93 GB


Loading safetensors checkpoint shards: 0%|          | 0/1[A

Loading safetensors checkpoint shards: 100%|██████████| 1/1[A
Loading safetensors checkpoint shards: 100%|██████████| 1/1
[10-04 16:26:20] Attention backends for text_encoder: fa
[10-04 16:26:20] Loaded text_encoder: Qwen3ForCausalLM (sgl-diffusion version). model size: 1.12 GB, vram: 1.12 GB. avail GPU mem: 133.77 GB

Loading required modules:  29%|██▊       | 2/7 [00:01<00:04,  1.11it/s][10-04 16:26:20] Loading text_conditioner from /vol/hf-cache/hub/models--circlestone-labs--Anima-Base-v1.0-Diffusers/snapshots/073c3a9db359c31ad0e8aa268d15775473c2176c/text_conditioner. avail mem: 133.77 GB


Loading safetensors checkpoint shards: 0%|          | 0/1[A
Loading safetensors checkpoint shards: 100%|██████████| 1/1
[10-04 16:26:20] Attention backends for text_conditioner: fa
[10-04 16:26:20] Loaded text_conditioner: AnimaTextConditioner (sgl-diffusion version). model size: 0.25 GB, vram: 0.25 GB. avail GPU mem: 133.59 GB

Loading required modules:  43%|████▎     | 3/7 [00:02<00:02,  1.74it/s][10-04 16:26:20] Loading vae from /vol/hf-cache/hub/models--circlestone-labs--Anima-Base-v1.0-Diffusers/snapshots/073c3a9db359c31ad0e8aa268d15775473c2176c/vae. avail mem: 133.59 GB
[10-04 16:26:20] Qwen-Image VAE: installed quality-gated fast path (29 RMSNorm+SiLU fusions, 3 channels_last upsamples).
[10-04 16:26:20] Loaded vae: AutoencoderKLQwenImage (sgl-diffusion version). model size: 0.24 GB, vram: 0.24 GB. avail GPU mem: 133.31 GB

Loading required modules:  57%|█████▋    | 4/7 [00:02<00:01,  2.34it/s][10-04 16:26:20] Loading tokenizer from /vol/hf-cache/hub/models--circlestone-labs--Anima-Base-v1.0-Diffusers/snapshots/073c3a9db359c31ad0e8aa268d15775473c2176c/tokenizer. avail mem: 133.31 GB
[10-04 16:26:21] Loaded tokenizer: Qwen2Tokenizer (sgl-diffusion version). model size: NA GB, weights: none. avail GPU mem: 133.31 GB

Loading required modules:  71%|███████▏  | 5/7 [00:03<00:01,  1.66it/s][10-04 16:26:21] Loading t5_tokenizer from /vol/hf-cache/hub/models--circlestone-labs--Anima-Base-v1.0-Diffusers/snapshots/073c3a9db359c31ad0e8aa268d15775473c2176c/t5_tokenizer. avail mem: 133.31 GB
[10-04 16:26:21] Loaded t5_tokenizer: T5Tokenizer (sgl-diffusion version). model size: NA GB, weights: none. avail GPU mem: 133.31 GB

Loading required modules:  86%|████████▌ | 6/7 [00:03<00:00,  2.26it/s][10-04 16:26:21] Loading scheduler from /vol/hf-cache/hub/models--circlestone-labs--Anima-Base-v1.0-Diffusers/snapshots/073c3a9db359c31ad0e8aa268d15775473c2176c/scheduler. avail mem: 133.31 GB
[10-04 16:26:21] Loaded scheduler: FlowMatchEulerDiscreteScheduler (sgl-diffusion version). model size: NA GB, weights: none. avail GPU mem: 133.31 GB

Loading required modules: 100%|██████████| 7/7 [00:03<00:00,  2.11it/s]
[10-04 16:26:21] Creating pipeline stages...
[10-04 16:26:21] Using fa attention backend
[10-04 16:26:21] Pipeline instantiated
[10-04 16:26:21] Worker 0: Initialized device, model, and distributed environment.
[10-04 16:26:21] Worker 0: Scheduler loop started.
[10-04 16:26:21] [server-load] workers_ready_monotonic_ns=400566811078
[10-04 16:26:21] Processing 1 grouped request(s)

Warmup requests:   0%|          | 0/1 [00:00<?, ?req/s]
Warmup requests: 100%|██████████| 1/1 [00:02<00:00,  2.51s/req, warmup req (1024x1024, 1/30 steps), last=2.51s]
Warmup requests: 100%|██████████| 1/1 [00:02<00:00,  2.51s/req, warmup req (1024x1024, 1/30 steps), last=2.51s]
[10-04 16:26:24] The server is fired up and ready to roll!
[10-04 16:26:24] Sampling params:
                       width: 1024
                      height: 1024
                  num_frames: 1
                         fps: 24
                      prompt: <redacted, len=88>
                  neg_prompt: <redacted, len=0>
                        seed: 42
                 infer_steps: 30
      num_outputs_per_prompt: 1
              guidance_scale: 4.0
     embedded_guidance_scale: 6.0
                    n_tokens: None
                  flow_shift: None
                  image_path: None
                 save_output: True
            output_file_path: /results/rope-20261004T161949Z-d5819700/06-eager/outputs/sample.png
        
[10-04 16:26:24] Running pipeline stages: ['InputValidationStage', 'TextEncodingStage', 'AnimaTextConditioningStage', 'TimestepPreparationStage', 'LatentPreparationStage', 'denoising_stage', 'decoding_stage']
[10-04 16:26:24] [InputValidationStage] started...
[10-04 16:26:24] [InputValidationStage] finished in 0.0000 seconds
[10-04 16:26:24] [TextEncodingStage] started...
[10-04 16:26:24] [TextEncodingStage] finished in 0.0229 seconds
[10-04 16:26:24] [AnimaTextConditioningStage] started...
[10-04 16:26:24] [AnimaTextConditioningStage] finished in 0.0093 seconds
[10-04 16:26:24] [TimestepPreparationStage] started...
[10-04 16:26:24] [TimestepPreparationStage] finished in 0.0004 seconds
[10-04 16:26:24] [LatentPreparationStage] started...
[10-04 16:26:24] [LatentPreparationStage] finished in 0.0014 seconds
[10-04 16:26:24] [DenoisingStage] started...

  0%|          | 0/30 [00:00<?, ?it/s]
  7%|▋         | 2/30 [00:00<00:02, 12.14it/s]
 13%|█▎        | 4/30 [00:00<00:02, 11.12it/s]
 20%|██        | 6/30 [00:00<00:02, 10.81it/s]
 27%|██▋       | 8/30 [00:00<00:02, 10.69it/s]
 33%|███▎      | 10/30 [00:00<00:01, 10.61it/s]
 40%|████      | 12/30 [00:01<00:01, 10.55it/s]
 47%|████▋     | 14/30 [00:01<00:01, 10.52it/s]
 53%|█████▎    | 16/30 [00:01<00:01, 10.49it/s]
 60%|██████    | 18/30 [00:01<00:01, 10.48it/s]
 67%|██████▋   | 20/30 [00:01<00:00, 10.46it/s]
 73%|███████▎  | 22/30 [00:02<00:00, 10.45it/s]
 80%|████████  | 24/30 [00:02<00:00, 10.46it/s]
 87%|████████▋ | 26/30 [00:02<00:00, 10.45it/s]
 93%|█████████▎| 28/30 [00:02<00:00, 10.44it/s]
100%|██████████| 30/30 [00:02<00:00, 10.44it/s]
100%|██████████| 30/30 [00:02<00:00, 10.55it/s]
[10-04 16:26:27] [DenoisingStage] average time per step: 0.0948 seconds
[10-04 16:26:27] [DenoisingStage] finished in 2.8449 seconds
[10-04 16:26:27] [DecodingStage] started...
[10-04 16:26:27] [DecodingStage] finished in 0.2323 seconds
[10-04 16:26:27] Output saved to [1;36m/results/rope-20261004T161949Z-d5819700/06-eager/outputs/sample.png[0;0m
[10-04 16:26:27] Metrics dumped to: [1;36m/results/rope-20261004T161949Z-d5819700/06-eager/perf.json[0;0m
[10-04 16:26:27] Pixel data generated successfully in [92m5.85[0;0m seconds
[10-04 16:26:27] Warmed-up request processed in [92m3.12[0;0m seconds (with warmup excluded)
[10-04 16:26:27] Memory usage - Max peak: 5870.00 MB, Avg peak: 5870.00 MB
[10-04 16:26:27] Metrics dumped to: [1;36m/results/rope-20261004T161949Z-d5819700/06-eager/perf.json[0;0m
[93m[10-04 16:26:27] Generator was garbage collected without being shut down. Forcing local server and client cleanup.[0;0m
[93m[10-04 16:26:27] Local worker sglang-diffusionWorker-0 did not terminate gracefully, forcing.[0;0m
/usr/lib/python3.12/multiprocessing/resource_tracker.py:254: UserWarning: resource_tracker: There appear to be 1 leaked semaphore objects to clean up at shutdown
  warnings.warn('resource_tracker: There appear to be %d '
RESULT {"label": "06-eager", "variant": "eager", "profile": false, "seed": 42, "size": 1024, "steps": 30, "command": ["sglang", "generate", "--model-path", "/vol/hf-cache/hub/models--circlestone-labs--Anima-Base-v1.0-Diffusers/snapshots/073c3a9db359c31ad0e8aa268d15775473c2176c", "--model-id", "circlestone-labs/Anima-Base-v1.0-Diffusers", "--revision", "073c3a9db359c31ad0e8aa268d15775473c2176c", "--num-gpus", "1", "--enable-torch-compile=false", "--enable-breakable-cuda-graph=false", "--performance-mode=speed", "--attention-backend", "fa", "--width", "1024", "--height", "1024", "--num-inference-steps", "30", "--guidance-scale", "4", "--negative-prompt", "", "--prompt", "masterpiece, best quality, safe, watercolor landscape, a quiet seaside village at sunset", "--seed", "42", "--generator-device", "cpu", "--quality", "lossless", "--save-output", "--warmup-mode", "request", "--warmup-steps", "1", "--perf-dump-path", "/results/rope-20261004T161949Z-d5819700/06-eager/perf.json", "--output-path", "/results/rope-20261004T161949Z-d5819700/06-eager/outputs", "--output-file-name", "sample"], "total_duration_ms": 3116.528324000001, "denoise_steps_ms": [{"step": 0, "duration_ms": 69.38791400000355}, {"step": 1, "duration_ms": 95.39320300001464}, {"step": 2, "duration_ms": 95.18258100001731}, {"step": 3, "duration_ms": 95.23783599996705}, {"step": 4, "duration_ms": 95.3824609999856}, {"step": 5, "duration_ms": 95.62462200000255}, {"step": 6, "duration_ms": 95.18729399997028}, {"step": 7, "duration_ms": 95.27998999999454}, {"step": 8, "duration_ms": 95.30776299999388}, {"step": 9, "duration_ms": 95.73129800003244}, {"step": 10, "duration_ms": 95.51341899998533}, {"step": 11, "duration_ms": 95.77421500000582}, {"step": 12, "duration_ms": 95.61013899997306}, {"step": 13, "duration_ms": 95.90273700001717}, {"step": 14, "duration_ms": 95.80262000002904}, {"step": 15, "duration_ms": 95.87393499998598}, {"step": 16, "duration_ms": 95.57211100002405}, {"step": 17, "duration_ms": 95.7582180000145}, {"step": 18, "duration_ms": 95.57779400000754}, {"step": 19, "duration_ms": 96.33109800000739}, {"step": 20, "duration_ms": 96.03048100001388}, {"step": 21, "duration_ms": 95.84641700001839}, {"step": 22, "duration_ms": 95.08357700002534}, {"step": 23, "duration_ms": 95.76196699998718}, {"step": 24, "duration_ms": 95.41939600001115}, {"step": 25, "duration_ms": 96.26032300002407}, {"step": 26, "duration_ms": 96.45030600000837}, {"step": 27, "duration_ms": 95.61109300000226}, {"step": 28, "duration_ms": 95.64302100000077}, {"step": 29, "duration_ms": 95.64816899995776}], "denoise_ms": 2843.185998000081, "pixel_sha256": "2c12b2376dadcaac1f4b074f169b81ba15f9cf19b07832c21232fd220fe7a20c", "mode": "RGB", "png_sha256": "17057f6295cd6cf1a2affc7c2c8ae45889199edf9bde129a4a3dc1b15f9e212d", "source_sha256": "a21fae70ad5b9164a4804821339ff2c1a94d826488d8de4de4cf467e1ff88cd6"}
RUN ['sglang', 'generate', '--model-path', '/vol/hf-cache/hub/models--circlestone-labs--Anima-Base-v1.0-Diffusers/snapshots/073c3a9db359c31ad0e8aa268d15775473c2176c', '--model-id', 'circlestone-labs/Anima-Base-v1.0-Diffusers', '--revision', '073c3a9db359c31ad0e8aa268d15775473c2176c', '--num-gpus', '1', '--enable-torch-compile=false', '--enable-breakable-cuda-graph=false', '--performance-mode=speed', '--attention-backend', 'fa', '--width', '1024', '--height', '1024', '--num-inference-steps', '30', '--guidance-scale', '4', '--negative-prompt', '', '--prompt', 'masterpiece, best quality, safe, watercolor landscape, a quiet seaside village at sunset', '--seed', '42', '--generator-device', 'cpu', '--quality', 'lossless', '--save-output', '--warmup-mode', 'request', '--warmup-steps', '1', '--perf-dump-path', '/results/rope-20261004T161949Z-d5819700/profile-eager/perf.json', '--output-path', '/results/rope-20261004T161949Z-d5819700/profile-eager/outputs', '--output-file-name', 'sample', '--profile', '--num-profiled-timesteps', '5']
Flax classes are deprecated and will be removed in Diffusers v1.0.0. We recommend migrating to PyTorch classes or pinning your version of Diffusers.
Flax classes are deprecated and will be removed in Diffusers v1.0.0. We recommend migrating to PyTorch classes or pinning your version of Diffusers.
--model-id 'circlestone-labs/Anima-Base-v1.0-Diffusers' did not match any registered model; falling back to automatic detection.
[10-04 16:26:49] Applying performance_mode=speed
[10-04 16:26:49] server_args: {"model_path": "/vol/hf-cache/hub/models--circlestone-labs--Anima-Base-v1.0-Diffusers/snapshots/073c3a9db359c31ad0e8aa268d15775473c2176c", "model_subfolder": null, "model_variant": null, "model_id": "circlestone-labs/Anima-Base-v1.0-Diffusers", "served_model_name": "circlestone-labs/Anima-Base-v1.0-Diffusers", "backend": "auto", "attention_backend": "fa", "enable_attention_backend_autotune": false, "attention_backend_config": {}, "component_attention_backends": {}, "cache_dit_config": null, "nccl_port": null, "enable_nccl_nvls": false, "trust_remote_code": false, "revision": "073c3a9db359c31ad0e8aa268d15775473c2176c", "num_gpus": 1, "performance_mode": "speed", "base_gpu_id": 0, "gpu_ids": null, "nnodes": 1, "node_rank": 0, "dist_init_addr": null, "tp_size": 1, "sp_degree": 1, "ulysses_degree": 1, "ring_degree": 1, "kv_gather_degree": 1, "sp_split_auto": false, "dp_size": 1, "enable_cfg_parallel": false, "cfg_parallel_degree": 1, "encoder_parallel": "auto", "hsdp_replicate_dim": 1, "hsdp_shard_dim": 1, "dist_timeout": 3600, "scheduler_rpc_timeout": null, "pipeline_class_name": null, "lora_path": null, "lora_nickname": "default", "lora_scale": 1.0, "lora_alpha": null, "lora_merge_mode": "auto", "lora_weight_name": null, "component_paths": {}, "component_weights_paths": {}, "component_direct_gpu_weight_loading": {}, "component_quantizations": {}, "component_precisions": {}, "component_quantization_ignored_layers": {}, "load_diffusion_decoder": false, "transformer_weights_path": null, "minimax_h3_adaln_cache_path": null, "minimax_h3_adaln_online": false, "minimax_h3_adaln_plan_width": 4, "minimax_h3_adaln_host_cache_gb": 8.0, "quantization": null, "quantization_ignored_layers": null, "lora_target_modules": null, "component_residency": null, "cpu_offload_components": null, "dit_cpu_offload": false, "direct_gpu_weight_loading": false, "dit_layerwise_offload": false, "layerwise_offload_components": null, "dit_offload_prefetch_size": 0.0, "dit_layerwise_resident_layers": 0.0, "dit_layerwise_residency_policy": "leading", "dit_layerwise_residency_lifetime": "forward", "layerwise_prefetch_size": {}, "layerwise_resident_layers": {}, "layerwise_residency_policy": {}, "layerwise_residency_lifetime": {}, "offload_during_compile": true, "text_encoder_cpu_offload": false, "image_encoder_cpu_offload": false, "vae_cpu_offload": false, "use_fsdp_inference": false, "pin_cpu_memory": true, "ltx2_two_stage_device_mode": null, "comfyui_mode": false, "enable_torch_compile": false, "regional_compile": false, "enable_breakable_cuda_graph": false, "bcg_text_buckets": null, "enable_layerwise_nvtx_marker": false, "warmup_mode": "request", "warmup_resolutions": null, "warmup_num_frames": null, "warmup_steps": 1, "warmup_sampling_params": null, "disable_autocast": true, "master_port": 30005, "host": "127.0.0.1", "port": 30000, "enable_metrics": false, "webui": false, "webui_port": 12312, "scheduler_port": 5628, "scheduler_ports": [5628], "batching_mode": "dynamic", "batching_max_size": 1, "batching_delay_ms": 0.0, "batching_config": null, "enable_batching_metrics": false, "strict_ports": false, "output_path": "/results/rope-20261004T161949Z-d5819700/profile-eager/outputs", "input_save_path": "inputs/uploads", "prompt_file_path": null, "model_paths": {}, "model_loaded": {"transformer": true, "vae": true, "video_vae": true, "audio_vae": true, "video_dit": true, "audio_dit": true, "dual_tower_bridge": true}, "boundary_ratio": null, "disagg_role": "monolithic", "disagg_timeout": 3600, "disagg_downstream_wait_timeout": 1800, "disagg_dispatch_policy": "round_robin", "disagg_mode": false, "disagg_instance_id": 0, "disagg_max_slots_per_instance": 8, "disagg_transfer_redundancy": 1.25, "disagg_role_device": "auto", "disagg_transfer_backend": "auto", "disagg_transfer_pool_size": 268435456, "disagg_transfer_pin_memory": "auto", "disagg_p2p_hostname": "127.0.0.1", "disagg_ib_device": null, "disagg_server_addr": null, "encoder_urls": null, "denoiser_urls": null, "decoder_urls": null, "encoder_tp": null, "denoiser_tp": null, "denoiser_sp": null, "denoiser_ulysses": null, "denoiser_ring": null, "decoder_sp": null, "pool_work_endpoint": null, "pool_result_endpoint": null, "pool_control_endpoint": null, "pool_control_advertised_endpoint": null, "log_level": "info", "log_requests": false, "log_requests_level": 2, "log_requests_format": "text", "log_requests_target": null, "uvicorn_access_log_exclude_prefixes": [], "enable_cache_report": false, "enable_trace": false, "otlp_traces_endpoint": "localhost:4317", "otlp_service_name": null, "srt_encoder_url": null, "srt_encoder_connect_timeout": 3.05, "srt_encoder_timeout": 100, "pe_server_url": null, "prompt_enhancer_config": null}
[10-04 16:26:49] Diffusers version: 0.39.0.dev0
[10-04 16:26:49] Local mode: True
[10-04 16:26:49] Starting server...
Flax classes are deprecated and will be removed in Diffusers v1.0.0. We recommend migrating to PyTorch classes or pinning your version of Diffusers.
Flax classes are deprecated and will be removed in Diffusers v1.0.0. We recommend migrating to PyTorch classes or pinning your version of Diffusers.
[10-04 16:27:09] Scheduler (dp replica 0) bind at endpoint: tcp://127.0.0.1:5628
[10-04 16:27:10] torch.compile cache: TORCHINDUCTOR_CACHE_DIR=/root/.cache/sgl_diffusion/torch_compile_cache/inductor TRITON_CACHE_DIR=/root/.cache/sgl_diffusion/torch_compile_cache/triton
[10-04 16:27:10] Initializing distributed environment with world_size=1, device=cuda:0, timeout=3600
[10-04 16:27:10] Setting distributed timeout to 3600 seconds
[10-04 16:27:10] No pipeline_class_name specified, using model_index.json
[10-04 16:27:12] Diffusers version: 0.39.0.dev0
[93m[10-04 16:27:12] --model-id 'circlestone-labs/Anima-Base-v1.0-Diffusers' did not match any registered model; falling back to automatic detection.[0;0m
[10-04 16:27:12] Using pipeline from model_index.json: AnimaPipeline
[10-04 16:27:12] Loading pipeline modules...
[10-04 16:27:12] Model already exists locally and is complete
[10-04 16:27:12] Model path: /vol/hf-cache/hub/models--circlestone-labs--Anima-Base-v1.0-Diffusers/snapshots/073c3a9db359c31ad0e8aa268d15775473c2176c
[10-04 16:27:12] Diffusers version: 0.39.0.dev0
[10-04 16:27:12] Loading pipeline modules from config: {'_class_name': 'AnimaModularPipeline', '_diffusers_version': '0.39.0.dev0', 'scheduler': ['diffusers', 'FlowMatchEulerDiscreteScheduler'], 't5_tokenizer': ['transformers', 'T5Tokenizer'], 'text_conditioner': ['diffusers', 'AnimaTextConditioner'], 'text_encoder': ['transformers', 'Qwen3Model'], 'tokenizer': ['transformers', 'Qwen2Tokenizer'], 'transformer': ['diffusers', 'CosmosTransformer3DModel'], 'vae': ['diffusers', 'AutoencoderKLQwenImage']}
[10-04 16:27:12] Loading required components: ['text_encoder', 'tokenizer', 't5_tokenizer', 'text_conditioner', 'vae', 'transformer', 'scheduler']
[10-04 16:27:12] Memory-aware component load order: ['transformer', 'text_encoder', 'text_conditioner', 'vae', 'tokenizer', 't5_tokenizer', 'scheduler']

Loading required modules:   0%|          | 0/7 [00:00<?, ?it/s][10-04 16:27:12] Loading transformer from /vol/hf-cache/hub/models--circlestone-labs--Anima-Base-v1.0-Diffusers/snapshots/073c3a9db359c31ad0e8aa268d15775473c2176c/transformer. avail mem: 138.65 GB
[10-04 16:27:12] Loading CosmosTransformer3DModel from 1 safetensors file(s) , param_dtype: torch.bfloat16


Loading safetensors checkpoint shards: 0%|          | 0/1[A
Loading safetensors checkpoint shards: 100%|██████████| 1/1
[10-04 16:27:13] Attention backends for transformer: fa
[10-04 16:27:13] Loaded transformer: AnimaTransformer3DModel (sgl-diffusion version). model size: 3.64 GB, vram: 3.64 GB. avail GPU mem: 134.93 GB

Loading required modules:  14%|█▍        | 1/7 [00:01<00:07,  1.31s/it][10-04 16:27:13] Loading text_encoder from /vol/hf-cache/hub/models--circlestone-labs--Anima-Base-v1.0-Diffusers/snapshots/073c3a9db359c31ad0e8aa268d15775473c2176c/text_encoder. avail mem: 134.93 GB


Loading safetensors checkpoint shards: 0%|          | 0/1[A

Loading safetensors checkpoint shards: 100%|██████████| 1/1[A
Loading safetensors checkpoint shards: 100%|██████████| 1/1
[10-04 16:27:14] Attention backends for text_encoder: fa
[10-04 16:27:14] Loaded text_encoder: Qwen3ForCausalLM (sgl-diffusion version). model size: 1.12 GB, vram: 1.12 GB. avail GPU mem: 133.77 GB

Loading required modules:  29%|██▊       | 2/7 [00:02<00:04,  1.02it/s][10-04 16:27:14] Loading text_conditioner from /vol/hf-cache/hub/models--circlestone-labs--Anima-Base-v1.0-Diffusers/snapshots/073c3a9db359c31ad0e8aa268d15775473c2176c/text_conditioner. avail mem: 133.77 GB


Loading safetensors checkpoint shards: 0%|          | 0/1[A
Loading safetensors checkpoint shards: 100%|██████████| 1/1
[10-04 16:27:14] Attention backends for text_conditioner: fa
[10-04 16:27:14] Loaded text_conditioner: AnimaTextConditioner (sgl-diffusion version). model size: 0.25 GB, vram: 0.25 GB. avail GPU mem: 133.59 GB

Loading required modules:  43%|████▎     | 3/7 [00:02<00:02,  1.61it/s][10-04 16:27:14] Loading vae from /vol/hf-cache/hub/models--circlestone-labs--Anima-Base-v1.0-Diffusers/snapshots/073c3a9db359c31ad0e8aa268d15775473c2176c/vae. avail mem: 133.59 GB
[10-04 16:27:14] Qwen-Image VAE: installed quality-gated fast path (29 RMSNorm+SiLU fusions, 3 channels_last upsamples).
[10-04 16:27:14] Loaded vae: AutoencoderKLQwenImage (sgl-diffusion version). model size: 0.24 GB, vram: 0.24 GB. avail GPU mem: 133.31 GB

Loading required modules:  57%|█████▋    | 4/7 [00:02<00:01,  2.14it/s][10-04 16:27:14] Loading tokenizer from /vol/hf-cache/hub/models--circlestone-labs--Anima-Base-v1.0-Diffusers/snapshots/073c3a9db359c31ad0e8aa268d15775473c2176c/tokenizer. avail mem: 133.31 GB
[10-04 16:27:15] Loaded tokenizer: Qwen2Tokenizer (sgl-diffusion version). model size: NA GB, weights: none. avail GPU mem: 133.31 GB

Loading required modules:  71%|███████▏  | 5/7 [00:03<00:01,  1.53it/s][10-04 16:27:15] Loading t5_tokenizer from /vol/hf-cache/hub/models--circlestone-labs--Anima-Base-v1.0-Diffusers/snapshots/073c3a9db359c31ad0e8aa268d15775473c2176c/t5_tokenizer. avail mem: 133.31 GB
[10-04 16:27:16] Loaded t5_tokenizer: T5Tokenizer (sgl-diffusion version). model size: NA GB, weights: none. avail GPU mem: 133.31 GB

Loading required modules:  86%|████████▌ | 6/7 [00:03<00:00,  2.09it/s][10-04 16:27:16] Loading scheduler from /vol/hf-cache/hub/models--circlestone-labs--Anima-Base-v1.0-Diffusers/snapshots/073c3a9db359c31ad0e8aa268d15775473c2176c/scheduler. avail mem: 133.31 GB
[10-04 16:27:16] Loaded scheduler: FlowMatchEulerDiscreteScheduler (sgl-diffusion version). model size: NA GB, weights: none. avail GPU mem: 133.31 GB

Loading required modules: 100%|██████████| 7/7 [00:03<00:00,  1.94it/s]
[10-04 16:27:16] Creating pipeline stages...
[10-04 16:27:16] Using fa attention backend
[10-04 16:27:16] Pipeline instantiated
[10-04 16:27:16] Worker 0: Initialized device, model, and distributed environment.
[10-04 16:27:16] Worker 0: Scheduler loop started.
[10-04 16:27:16] [server-load] workers_ready_monotonic_ns=454794016569
[10-04 16:27:16] Processing 1 grouped request(s)

Warmup requests:   0%|          | 0/1 [00:00<?, ?req/s]
Warmup requests: 100%|██████████| 1/1 [00:02<00:00,  2.59s/req, warmup req (1024x1024, 1/30 steps), last=2.58s]
Warmup requests: 100%|██████████| 1/1 [00:02<00:00,  2.59s/req, warmup req (1024x1024, 1/30 steps), last=2.58s]
[10-04 16:27:18] The server is fired up and ready to roll!
[10-04 16:27:18] Sampling params:
                       width: 1024
                      height: 1024
                  num_frames: 1
                         fps: 24
                      prompt: <redacted, len=88>
                  neg_prompt: <redacted, len=0>
                        seed: 42
                 infer_steps: 30
      num_outputs_per_prompt: 1
              guidance_scale: 4.0
     embedded_guidance_scale: 6.0
                    n_tokens: None
                  flow_shift: None
                  image_path: None
                 save_output: True
            output_file_path: /results/rope-20261004T161949Z-d5819700/profile-eager/outputs/sample.png
        
[10-04 16:27:18] Running pipeline stages: ['InputValidationStage', 'TextEncodingStage', 'AnimaTextConditioningStage', 'TimestepPreparationStage', 'LatentPreparationStage', 'denoising_stage', 'decoding_stage']
[10-04 16:27:18] Profiling request: bf8f3c88-c229-444e-9d9f-84120bfdac3b for 5 steps...
[10-04 16:27:18] Starting Profiler...
[10-04 16:27:18] [InputValidationStage] started...
[10-04 16:27:18] [InputValidationStage] finished in 0.0001 seconds
[10-04 16:27:18] [TextEncodingStage] started...
[10-04 16:27:18] [TextEncodingStage] finished in 0.0280 seconds
[10-04 16:27:18] [AnimaTextConditioningStage] started...
[10-04 16:27:18] [AnimaTextConditioningStage] finished in 0.0121 seconds
[10-04 16:27:18] [TimestepPreparationStage] started...
[10-04 16:27:18] [TimestepPreparationStage] finished in 0.0005 seconds
[10-04 16:27:18] [LatentPreparationStage] started...
[10-04 16:27:18] [LatentPreparationStage] finished in 0.0020 seconds
[10-04 16:27:18] [DenoisingStage] started...

  0%|          | 0/30 [00:00<?, ?it/s]USDT:2026-10-04 16:27:18 1206:1206 SyncActivityProfilerHandler.cpp:52] profiler_start

  7%|▋         | 2/30 [00:00<00:04,  6.90it/s]
 10%|█         | 3/30 [00:00<00:04,  6.06it/s]
 13%|█▎        | 4/30 [00:00<00:04,  5.72it/s]
 17%|█▋        | 5/30 [00:00<00:04,  5.45it/s]
 20%|██        | 6/30 [00:01<00:04,  5.30it/s]
 23%|██▎       | 7/30 [00:01<00:04,  5.15it/s]USDT:2026-10-04 16:27:20 1206:1206 SyncActivityProfilerHandler.cpp:59] profiler_stop

 27%|██▋       | 8/30 [00:04<00:22,  1.01s/it][10-04 16:27:22] Stopping Profiler...
[10-04 16:27:34] Saved profiler traces to: [1;36m/results/rope-20261004T161949Z-d5819700/profile-eager/traces/bf8f3c88-c229-444e-9d9f-84120bfdac3b-5_steps-global-rank0.trace.json.gz[0;0m

 30%|███       | 9/30 [00:15<01:28,  4.20s/it]
 37%|███▋      | 11/30 [00:15<00:43,  2.27s/it]
 43%|████▎     | 13/30 [00:15<00:23,  1.40s/it]
 50%|█████     | 15/30 [00:15<00:13,  1.08it/s]
 57%|█████▋    | 17/30 [00:16<00:08,  1.56it/s]
 63%|██████▎   | 19/30 [00:16<00:05,  2.17it/s]
 70%|███████   | 21/30 [00:16<00:03,  2.90it/s]
 77%|███████▋  | 23/30 [00:16<00:01,  3.74it/s]
 83%|████████▎ | 25/30 [00:16<00:01,  4.66it/s]
 90%|█████████ | 27/30 [00:17<00:00,  5.61it/s]
 97%|█████████▋| 29/30 [00:17<00:00,  6.51it/s]
100%|██████████| 30/30 [00:17<00:00,  1.72it/s]
[10-04 16:27:36] [DenoisingStage] average time per step: 0.5803 seconds
[10-04 16:27:36] [DenoisingStage] finished in 17.4108 seconds
[10-04 16:27:36] [DecodingStage] started...
[10-04 16:27:36] [DecodingStage] finished in 0.2515 seconds
[10-04 16:27:36] Output saved to [1;36m/results/rope-20261004T161949Z-d5819700/profile-eager/outputs/sample.png[0;0m
[10-04 16:27:36] Metrics dumped to: [1;36m/results/rope-20261004T161949Z-d5819700/profile-eager/perf.json[0;0m
[10-04 16:27:36] Pixel data generated successfully in [92m20.57[0;0m seconds
[10-04 16:27:36] Warmed-up request processed in [92m17.76[0;0m seconds (with warmup excluded)
[10-04 16:27:36] Memory usage - Max peak: 5870.00 MB, Avg peak: 5870.00 MB
[10-04 16:27:36] Metrics dumped to: [1;36m/results/rope-20261004T161949Z-d5819700/profile-eager/perf.json[0;0m
[93m[10-04 16:27:36] Generator was garbage collected without being shut down. Forcing local server and client cleanup.[0;0m
[93m[10-04 16:27:36] Local worker sglang-diffusionWorker-0 did not terminate gracefully, forcing.[0;0m
/usr/lib/python3.12/multiprocessing/resource_tracker.py:254: UserWarning: resource_tracker: There appear to be 1 leaked semaphore objects to clean up at shutdown
  warnings.warn('resource_tracker: There appear to be %d '
RESULT {"label": "profile-eager", "variant": "eager", "profile": true, "seed": 42, "size": 1024, "steps": 30, "command": ["sglang", "generate", "--model-path", "/vol/hf-cache/hub/models--circlestone-labs--Anima-Base-v1.0-Diffusers/snapshots/073c3a9db359c31ad0e8aa268d15775473c2176c", "--model-id", "circlestone-labs/Anima-Base-v1.0-Diffusers", "--revision", "073c3a9db359c31ad0e8aa268d15775473c2176c", "--num-gpus", "1", "--enable-torch-compile=false", "--enable-breakable-cuda-graph=false", "--performance-mode=speed", "--attention-backend", "fa", "--width", "1024", "--height", "1024", "--num-inference-steps", "30", "--guidance-scale", "4", "--negative-prompt", "", "--prompt", "masterpiece, best quality, safe, watercolor landscape, a quiet seaside village at sunset", "--seed", "42", "--generator-device", "cpu", "--quality", "lossless", "--save-output", "--warmup-mode", "request", "--warmup-steps", "1", "--perf-dump-path", "/results/rope-20261004T161949Z-d5819700/profile-eager/perf.json", "--output-path", "/results/rope-20261004T161949Z-d5819700/profile-eager/outputs", "--output-file-name", "sample", "--profile", "--num-profiled-timesteps", "5"], "total_duration_ms": 17761.666424, "denoise_steps_ms": [{"step": 0, "duration_ms": 97.78448800000206}, {"step": 1, "duration_ms": 192.68673499999522}, {"step": 2, "duration_ms": 192.475767000019}, {"step": 3, "duration_ms": 191.7314929999634}, {"step": 4, "duration_ms": 199.37653899995667}, {"step": 5, "duration_ms": 198.67220200001157}, {"step": 6, "duration_ms": 2902.9630779999707}, {"step": 7, "duration_ms": 11303.947446999984}, {"step": 8, "duration_ms": 97.42919300003905}, {"step": 9, "duration_ms": 97.28362300000981}, {"step": 10, "duration_ms": 96.20390300000281}, {"step": 11, "duration_ms": 96.41152800003283}, {"step": 12, "duration_ms": 96.11941400004298}, {"step": 13, "duration_ms": 96.43153599995458}, {"step": 14, "duration_ms": 95.99083299997346}, {"step": 15, "duration_ms": 96.39100800001188}, {"step": 16, "duration_ms": 96.73528000001852}, {"step": 17, "duration_ms": 97.04212899998765}, {"step": 18, "duration_ms": 96.82808700000578}, {"step": 19, "duration_ms": 96.72813499997801}, {"step": 20, "duration_ms": 96.29830999995193}, {"step": 21, "duration_ms": 96.61665199996605}, {"step": 22, "duration_ms": 96.36602900002345}, {"step": 23, "duration_ms": 96.34800499998164}, {"step": 24, "duration_ms": 96.82466599997497}, {"step": 25, "duration_ms": 96.28829400003269}, {"step": 26, "duration_ms": 97.40234299999884}, {"step": 27, "duration_ms": 96.77447000001393}, {"step": 28, "duration_ms": 97.19180999996979}, {"step": 29, "duration_ms": 97.6316510000288}], "denoise_ms": 17406.9746479999, "pixel_sha256": "2c12b2376dadcaac1f4b074f169b81ba15f9cf19b07832c21232fd220fe7a20c", "mode": "RGB", "png_sha256": "17057f6295cd6cf1a2affc7c2c8ae45889199edf9bde129a4a3dc1b15f9e212d", "source_sha256": "a21fae70ad5b9164a4804821339ff2c1a94d826488d8de4de4cf467e1ff88cd6"}
RUN ['sglang', 'generate', '--model-path', '/vol/hf-cache/hub/models--circlestone-labs--Anima-Base-v1.0-Diffusers/snapshots/073c3a9db359c31ad0e8aa268d15775473c2176c', '--model-id', 'circlestone-labs/Anima-Base-v1.0-Diffusers', '--revision', '073c3a9db359c31ad0e8aa268d15775473c2176c', '--num-gpus', '1', '--enable-torch-compile=false', '--enable-breakable-cuda-graph=false', '--performance-mode=speed', '--attention-backend', 'fa', '--width', '1024', '--height', '1024', '--num-inference-steps', '30', '--guidance-scale', '4', '--negative-prompt', '', '--prompt', 'masterpiece, best quality, safe, watercolor landscape, a quiet seaside village at sunset', '--seed', '42', '--generator-device', 'cpu', '--quality', 'lossless', '--save-output', '--warmup-mode', 'request', '--warmup-steps', '1', '--perf-dump-path', '/results/rope-20261004T161949Z-d5819700/profile-fused/perf.json', '--output-path', '/results/rope-20261004T161949Z-d5819700/profile-fused/outputs', '--output-file-name', 'sample', '--profile', '--num-profiled-timesteps', '5']
Flax classes are deprecated and will be removed in Diffusers v1.0.0. We recommend migrating to PyTorch classes or pinning your version of Diffusers.
Flax classes are deprecated and will be removed in Diffusers v1.0.0. We recommend migrating to PyTorch classes or pinning your version of Diffusers.
--model-id 'circlestone-labs/Anima-Base-v1.0-Diffusers' did not match any registered model; falling back to automatic detection.
[10-04 16:28:04] Applying performance_mode=speed
[10-04 16:28:04] server_args: {"model_path": "/vol/hf-cache/hub/models--circlestone-labs--Anima-Base-v1.0-Diffusers/snapshots/073c3a9db359c31ad0e8aa268d15775473c2176c", "model_subfolder": null, "model_variant": null, "model_id": "circlestone-labs/Anima-Base-v1.0-Diffusers", "served_model_name": "circlestone-labs/Anima-Base-v1.0-Diffusers", "backend": "auto", "attention_backend": "fa", "enable_attention_backend_autotune": false, "attention_backend_config": {}, "component_attention_backends": {}, "cache_dit_config": null, "nccl_port": null, "enable_nccl_nvls": false, "trust_remote_code": false, "revision": "073c3a9db359c31ad0e8aa268d15775473c2176c", "num_gpus": 1, "performance_mode": "speed", "base_gpu_id": 0, "gpu_ids": null, "nnodes": 1, "node_rank": 0, "dist_init_addr": null, "tp_size": 1, "sp_degree": 1, "ulysses_degree": 1, "ring_degree": 1, "kv_gather_degree": 1, "sp_split_auto": false, "dp_size": 1, "enable_cfg_parallel": false, "cfg_parallel_degree": 1, "encoder_parallel": "auto", "hsdp_replicate_dim": 1, "hsdp_shard_dim": 1, "dist_timeout": 3600, "scheduler_rpc_timeout": null, "pipeline_class_name": null, "lora_path": null, "lora_nickname": "default", "lora_scale": 1.0, "lora_alpha": null, "lora_merge_mode": "auto", "lora_weight_name": null, "component_paths": {}, "component_weights_paths": {}, "component_direct_gpu_weight_loading": {}, "component_quantizations": {}, "component_precisions": {}, "component_quantization_ignored_layers": {}, "load_diffusion_decoder": false, "transformer_weights_path": null, "minimax_h3_adaln_cache_path": null, "minimax_h3_adaln_online": false, "minimax_h3_adaln_plan_width": 4, "minimax_h3_adaln_host_cache_gb": 8.0, "quantization": null, "quantization_ignored_layers": null, "lora_target_modules": null, "component_residency": null, "cpu_offload_components": null, "dit_cpu_offload": false, "direct_gpu_weight_loading": false, "dit_layerwise_offload": false, "layerwise_offload_components": null, "dit_offload_prefetch_size": 0.0, "dit_layerwise_resident_layers": 0.0, "dit_layerwise_residency_policy": "leading", "dit_layerwise_residency_lifetime": "forward", "layerwise_prefetch_size": {}, "layerwise_resident_layers": {}, "layerwise_residency_policy": {}, "layerwise_residency_lifetime": {}, "offload_during_compile": true, "text_encoder_cpu_offload": false, "image_encoder_cpu_offload": false, "vae_cpu_offload": false, "use_fsdp_inference": false, "pin_cpu_memory": true, "ltx2_two_stage_device_mode": null, "comfyui_mode": false, "enable_torch_compile": false, "regional_compile": false, "enable_breakable_cuda_graph": false, "bcg_text_buckets": null, "enable_layerwise_nvtx_marker": false, "warmup_mode": "request", "warmup_resolutions": null, "warmup_num_frames": null, "warmup_steps": 1, "warmup_sampling_params": null, "disable_autocast": true, "master_port": 30005, "host": "127.0.0.1", "port": 30000, "enable_metrics": false, "webui": false, "webui_port": 12312, "scheduler_port": 5561, "scheduler_ports": [5561], "batching_mode": "dynamic", "batching_max_size": 1, "batching_delay_ms": 0.0, "batching_config": null, "enable_batching_metrics": false, "strict_ports": false, "output_path": "/results/rope-20261004T161949Z-d5819700/profile-fused/outputs", "input_save_path": "inputs/uploads", "prompt_file_path": null, "model_paths": {}, "model_loaded": {"transformer": true, "vae": true, "video_vae": true, "audio_vae": true, "video_dit": true, "audio_dit": true, "dual_tower_bridge": true}, "boundary_ratio": null, "disagg_role": "monolithic", "disagg_timeout": 3600, "disagg_downstream_wait_timeout": 1800, "disagg_dispatch_policy": "round_robin", "disagg_mode": false, "disagg_instance_id": 0, "disagg_max_slots_per_instance": 8, "disagg_transfer_redundancy": 1.25, "disagg_role_device": "auto", "disagg_transfer_backend": "auto", "disagg_transfer_pool_size": 268435456, "disagg_transfer_pin_memory": "auto", "disagg_p2p_hostname": "127.0.0.1", "disagg_ib_device": null, "disagg_server_addr": null, "encoder_urls": null, "denoiser_urls": null, "decoder_urls": null, "encoder_tp": null, "denoiser_tp": null, "denoiser_sp": null, "denoiser_ulysses": null, "denoiser_ring": null, "decoder_sp": null, "pool_work_endpoint": null, "pool_result_endpoint": null, "pool_control_endpoint": null, "pool_control_advertised_endpoint": null, "log_level": "info", "log_requests": false, "log_requests_level": 2, "log_requests_format": "text", "log_requests_target": null, "uvicorn_access_log_exclude_prefixes": [], "enable_cache_report": false, "enable_trace": false, "otlp_traces_endpoint": "localhost:4317", "otlp_service_name": null, "srt_encoder_url": null, "srt_encoder_connect_timeout": 3.05, "srt_encoder_timeout": 100, "pe_server_url": null, "prompt_enhancer_config": null}
[10-04 16:28:04] Diffusers version: 0.39.0.dev0
[10-04 16:28:04] Local mode: True
[10-04 16:28:04] Starting server...
Flax classes are deprecated and will be removed in Diffusers v1.0.0. We recommend migrating to PyTorch classes or pinning your version of Diffusers.
Flax classes are deprecated and will be removed in Diffusers v1.0.0. We recommend migrating to PyTorch classes or pinning your version of Diffusers.
[10-04 16:28:22] Scheduler (dp replica 0) bind at endpoint: tcp://127.0.0.1:5561
[10-04 16:28:22] torch.compile cache: TORCHINDUCTOR_CACHE_DIR=/root/.cache/sgl_diffusion/torch_compile_cache/inductor TRITON_CACHE_DIR=/root/.cache/sgl_diffusion/torch_compile_cache/triton
[10-04 16:28:22] Initializing distributed environment with world_size=1, device=cuda:0, timeout=3600
[10-04 16:28:22] Setting distributed timeout to 3600 seconds
[10-04 16:28:22] No pipeline_class_name specified, using model_index.json
[10-04 16:28:24] Diffusers version: 0.39.0.dev0
[93m[10-04 16:28:24] --model-id 'circlestone-labs/Anima-Base-v1.0-Diffusers' did not match any registered model; falling back to automatic detection.[0;0m
[10-04 16:28:24] Using pipeline from model_index.json: AnimaPipeline
[10-04 16:28:24] Loading pipeline modules...
[10-04 16:28:24] Model already exists locally and is complete
[10-04 16:28:24] Model path: /vol/hf-cache/hub/models--circlestone-labs--Anima-Base-v1.0-Diffusers/snapshots/073c3a9db359c31ad0e8aa268d15775473c2176c
[10-04 16:28:24] Diffusers version: 0.39.0.dev0
[10-04 16:28:24] Loading pipeline modules from config: {'_class_name': 'AnimaModularPipeline', '_diffusers_version': '0.39.0.dev0', 'scheduler': ['diffusers', 'FlowMatchEulerDiscreteScheduler'], 't5_tokenizer': ['transformers', 'T5Tokenizer'], 'text_conditioner': ['diffusers', 'AnimaTextConditioner'], 'text_encoder': ['transformers', 'Qwen3Model'], 'tokenizer': ['transformers', 'Qwen2Tokenizer'], 'transformer': ['diffusers', 'CosmosTransformer3DModel'], 'vae': ['diffusers', 'AutoencoderKLQwenImage']}
[10-04 16:28:24] Loading required components: ['text_encoder', 'tokenizer', 't5_tokenizer', 'text_conditioner', 'vae', 'transformer', 'scheduler']
[10-04 16:28:24] Memory-aware component load order: ['transformer', 'text_encoder', 'text_conditioner', 'vae', 'tokenizer', 't5_tokenizer', 'scheduler']

Loading required modules:   0%|          | 0/7 [00:00<?, ?it/s][10-04 16:28:24] Loading transformer from /vol/hf-cache/hub/models--circlestone-labs--Anima-Base-v1.0-Diffusers/snapshots/073c3a9db359c31ad0e8aa268d15775473c2176c/transformer. avail mem: 138.65 GB
[10-04 16:28:24] Loading CosmosTransformer3DModel from 1 safetensors file(s) , param_dtype: torch.bfloat16


Loading safetensors checkpoint shards: 0%|          | 0/1[A
Loading safetensors checkpoint shards: 100%|██████████| 1/1
[10-04 16:28:25] Attention backends for transformer: fa
[10-04 16:28:25] Loaded transformer: AnimaTransformer3DModel (sgl-diffusion version). model size: 3.64 GB, vram: 3.64 GB. avail GPU mem: 134.93 GB

Loading required modules:  14%|█▍        | 1/7 [00:01<00:07,  1.23s/it][10-04 16:28:25] Loading text_encoder from /vol/hf-cache/hub/models--circlestone-labs--Anima-Base-v1.0-Diffusers/snapshots/073c3a9db359c31ad0e8aa268d15775473c2176c/text_encoder. avail mem: 134.93 GB


Loading safetensors checkpoint shards: 0%|          | 0/1[A

Loading safetensors checkpoint shards: 100%|██████████| 1/1[A
Loading safetensors checkpoint shards: 100%|██████████| 1/1
[10-04 16:28:26] Attention backends for text_encoder: fa
[10-04 16:28:26] Loaded text_encoder: Qwen3ForCausalLM (sgl-diffusion version). model size: 1.12 GB, vram: 1.12 GB. avail GPU mem: 133.77 GB

Loading required modules:  29%|██▊       | 2/7 [00:01<00:04,  1.12it/s][10-04 16:28:26] Loading text_conditioner from /vol/hf-cache/hub/models--circlestone-labs--Anima-Base-v1.0-Diffusers/snapshots/073c3a9db359c31ad0e8aa268d15775473c2176c/text_conditioner. avail mem: 133.77 GB


Loading safetensors checkpoint shards: 0%|          | 0/1[A
Loading safetensors checkpoint shards: 100%|██████████| 1/1
[10-04 16:28:26] Attention backends for text_conditioner: fa
[10-04 16:28:26] Loaded text_conditioner: AnimaTextConditioner (sgl-diffusion version). model size: 0.25 GB, vram: 0.25 GB. avail GPU mem: 133.59 GB

Loading required modules:  43%|████▎     | 3/7 [00:02<00:02,  1.73it/s][10-04 16:28:26] Loading vae from /vol/hf-cache/hub/models--circlestone-labs--Anima-Base-v1.0-Diffusers/snapshots/073c3a9db359c31ad0e8aa268d15775473c2176c/vae. avail mem: 133.59 GB
[10-04 16:28:26] Qwen-Image VAE: installed quality-gated fast path (29 RMSNorm+SiLU fusions, 3 channels_last upsamples).
[10-04 16:28:26] Loaded vae: AutoencoderKLQwenImage (sgl-diffusion version). model size: 0.24 GB, vram: 0.24 GB. avail GPU mem: 133.31 GB

Loading required modules:  57%|█████▋    | 4/7 [00:02<00:01,  2.34it/s][10-04 16:28:26] Loading tokenizer from /vol/hf-cache/hub/models--circlestone-labs--Anima-Base-v1.0-Diffusers/snapshots/073c3a9db359c31ad0e8aa268d15775473c2176c/tokenizer. avail mem: 133.31 GB
[10-04 16:28:27] Loaded tokenizer: Qwen2Tokenizer (sgl-diffusion version). model size: NA GB, weights: none. avail GPU mem: 133.31 GB

Loading required modules:  71%|███████▏  | 5/7 [00:03<00:01,  1.66it/s][10-04 16:28:27] Loading t5_tokenizer from /vol/hf-cache/hub/models--circlestone-labs--Anima-Base-v1.0-Diffusers/snapshots/073c3a9db359c31ad0e8aa268d15775473c2176c/t5_tokenizer. avail mem: 133.31 GB
[10-04 16:28:27] Loaded t5_tokenizer: T5Tokenizer (sgl-diffusion version). model size: NA GB, weights: none. avail GPU mem: 133.31 GB

Loading required modules:  86%|████████▌ | 6/7 [00:03<00:00,  2.27it/s][10-04 16:28:27] Loading scheduler from /vol/hf-cache/hub/models--circlestone-labs--Anima-Base-v1.0-Diffusers/snapshots/073c3a9db359c31ad0e8aa268d15775473c2176c/scheduler. avail mem: 133.31 GB
[10-04 16:28:27] Loaded scheduler: FlowMatchEulerDiscreteScheduler (sgl-diffusion version). model size: NA GB, weights: none. avail GPU mem: 133.31 GB

Loading required modules: 100%|██████████| 7/7 [00:03<00:00,  2.11it/s]
[10-04 16:28:27] Creating pipeline stages...
[10-04 16:28:27] Using fa attention backend
[10-04 16:28:27] Pipeline instantiated
[10-04 16:28:27] Worker 0: Initialized device, model, and distributed environment.
[10-04 16:28:27] Worker 0: Scheduler loop started.
[10-04 16:28:27] [server-load] workers_ready_monotonic_ns=526202643458
[10-04 16:28:27] Processing 1 grouped request(s)

Warmup requests:   0%|          | 0/1 [00:00<?, ?req/s]
Warmup requests: 100%|██████████| 1/1 [00:02<00:00,  2.49s/req, warmup req (1024x1024, 1/30 steps), last=2.49s]
Warmup requests: 100%|██████████| 1/1 [00:02<00:00,  2.49s/req, warmup req (1024x1024, 1/30 steps), last=2.49s]
[10-04 16:28:29] The server is fired up and ready to roll!
[10-04 16:28:29] Sampling params:
                       width: 1024
                      height: 1024
                  num_frames: 1
                         fps: 24
                      prompt: <redacted, len=88>
                  neg_prompt: <redacted, len=0>
                        seed: 42
                 infer_steps: 30
      num_outputs_per_prompt: 1
              guidance_scale: 4.0
     embedded_guidance_scale: 6.0
                    n_tokens: None
                  flow_shift: None
                  image_path: None
                 save_output: True
            output_file_path: /results/rope-20261004T161949Z-d5819700/profile-fused/outputs/sample.png
        
[10-04 16:28:29] Running pipeline stages: ['InputValidationStage', 'TextEncodingStage', 'AnimaTextConditioningStage', 'TimestepPreparationStage', 'LatentPreparationStage', 'denoising_stage', 'decoding_stage']
[10-04 16:28:29] Profiling request: 9dcb498e-d501-46d0-976a-b4e173f85e0e for 5 steps...
[10-04 16:28:29] Starting Profiler...
[10-04 16:28:30] [InputValidationStage] started...
[10-04 16:28:30] [InputValidationStage] finished in 0.0001 seconds
[10-04 16:28:30] [TextEncodingStage] started...
[10-04 16:28:30] [TextEncodingStage] finished in 0.0278 seconds
[10-04 16:28:30] [AnimaTextConditioningStage] started...
[10-04 16:28:30] [AnimaTextConditioningStage] finished in 0.0121 seconds
[10-04 16:28:30] [TimestepPreparationStage] started...
[10-04 16:28:30] [TimestepPreparationStage] finished in 0.0005 seconds
[10-04 16:28:30] [LatentPreparationStage] started...
[10-04 16:28:30] [LatentPreparationStage] finished in 0.0017 seconds
[10-04 16:28:30] [DenoisingStage] started...

  0%|          | 0/30 [00:00<?, ?it/s]USDT:2026-10-04 16:28:30 1348:1348 SyncActivityProfilerHandler.cpp:52] profiler_start

  7%|▋         | 2/30 [00:00<00:03,  7.82it/s]
 10%|█         | 3/30 [00:00<00:03,  6.83it/s]
 13%|█▎        | 4/30 [00:00<00:04,  6.48it/s]
 17%|█▋        | 5/30 [00:00<00:03,  6.30it/s]
 20%|██        | 6/30 [00:00<00:03,  6.14it/s]
 23%|██▎       | 7/30 [00:01<00:03,  6.11it/s]USDT:2026-10-04 16:28:31 1348:1348 SyncActivityProfilerHandler.cpp:59] profiler_stop

 27%|██▋       | 8/30 [00:03<00:18,  1.16it/s][10-04 16:28:33] Stopping Profiler...
[10-04 16:28:44] Saved profiler traces to: [1;36m/results/rope-20261004T161949Z-d5819700/profile-fused/traces/9dcb498e-d501-46d0-976a-b4e173f85e0e-5_steps-global-rank0.trace.json.gz[0;0m

 30%|███       | 9/30 [00:14<01:23,  3.99s/it]
 37%|███▋      | 11/30 [00:14<00:40,  2.15s/it]
 43%|████▎     | 13/30 [00:14<00:22,  1.32s/it]
 50%|█████     | 15/30 [00:14<00:12,  1.16it/s]
 57%|█████▋    | 17/30 [00:15<00:07,  1.68it/s]
 63%|██████▎   | 19/30 [00:15<00:04,  2.36it/s]
 70%|███████   | 21/30 [00:15<00:02,  3.18it/s]
 77%|███████▋  | 23/30 [00:15<00:01,  4.16it/s]
 83%|████████▎ | 25/30 [00:15<00:00,  5.27it/s]
 90%|█████████ | 27/30 [00:15<00:00,  6.45it/s]
 97%|█████████▋| 29/30 [00:15<00:00,  7.62it/s]
100%|██████████| 30/30 [00:16<00:00,  1.87it/s]
[10-04 16:28:46] [DenoisingStage] average time per step: 0.5349 seconds
[10-04 16:28:46] [DenoisingStage] finished in 16.0474 seconds
[10-04 16:28:46] [DecodingStage] started...
[10-04 16:28:46] [DecodingStage] finished in 0.2433 seconds
[10-04 16:28:46] Output saved to [1;36m/results/rope-20261004T161949Z-d5819700/profile-fused/outputs/sample.png[0;0m
[10-04 16:28:46] Metrics dumped to: [1;36m/results/rope-20261004T161949Z-d5819700/profile-fused/perf.json[0;0m
[10-04 16:28:46] Pixel data generated successfully in [92m19.10[0;0m seconds
[10-04 16:28:46] Warmed-up request processed in [92m16.39[0;0m seconds (with warmup excluded)
[10-04 16:28:46] Memory usage - Max peak: 5902.00 MB, Avg peak: 5902.00 MB
[10-04 16:28:46] Metrics dumped to: [1;36m/results/rope-20261004T161949Z-d5819700/profile-fused/perf.json[0;0m
[93m[10-04 16:28:46] Generator was garbage collected without being shut down. Forcing local server and client cleanup.[0;0m
[93m[10-04 16:28:46] Local worker sglang-diffusionWorker-0 did not terminate gracefully, forcing.[0;0m
/usr/lib/python3.12/multiprocessing/resource_tracker.py:254: UserWarning: resource_tracker: There appear to be 1 leaked semaphore objects to clean up at shutdown
  warnings.warn('resource_tracker: There appear to be %d '
RESULT {"label": "profile-fused", "variant": "fused", "profile": true, "seed": 42, "size": 1024, "steps": 30, "command": ["sglang", "generate", "--model-path", "/vol/hf-cache/hub/models--circlestone-labs--Anima-Base-v1.0-Diffusers/snapshots/073c3a9db359c31ad0e8aa268d15775473c2176c", "--model-id", "circlestone-labs/Anima-Base-v1.0-Diffusers", "--revision", "073c3a9db359c31ad0e8aa268d15775473c2176c", "--num-gpus", "1", "--enable-torch-compile=false", "--enable-breakable-cuda-graph=false", "--performance-mode=speed", "--attention-backend", "fa", "--width", "1024", "--height", "1024", "--num-inference-steps", "30", "--guidance-scale", "4", "--negative-prompt", "", "--prompt", "masterpiece, best quality, safe, watercolor landscape, a quiet seaside village at sunset", "--seed", "42", "--generator-device", "cpu", "--quality", "lossless", "--save-output", "--warmup-mode", "request", "--warmup-steps", "1", "--perf-dump-path", "/results/rope-20261004T161949Z-d5819700/profile-fused/perf.json", "--output-path", "/results/rope-20261004T161949Z-d5819700/profile-fused/outputs", "--output-file-name", "sample", "--profile", "--num-profiled-timesteps", "5"], "total_duration_ms": 16387.262116999977, "denoise_steps_ms": [{"step": 0, "duration_ms": 81.00668400004452}, {"step": 1, "duration_ms": 175.0164269999459}, {"step": 2, "duration_ms": 172.37694099992495}, {"step": 3, "duration_ms": 167.24620399998003}, {"step": 4, "duration_ms": 166.96435500000462}, {"step": 5, "duration_ms": 171.37777400000687}, {"step": 6, "duration_ms": 2462.1711529999857}, {"step": 7, "duration_ms": 10960.884739999983}, {"step": 8, "duration_ms": 76.49686599995675}, {"step": 9, "duration_ms": 75.43566800006829}, {"step": 10, "duration_ms": 75.96855600002073}, {"step": 11, "duration_ms": 75.81872700006898}, {"step": 12, "duration_ms": 75.84097100004783}, {"step": 13, "duration_ms": 76.11231600003521}, {"step": 14, "duration_ms": 76.30340000002889}, {"step": 15, "duration_ms": 76.40937799999392}, {"step": 16, "duration_ms": 75.76340299999629}, {"step": 17, "duration_ms": 76.42002599993702}, {"step": 18, "duration_ms": 76.2307500000361}, {"step": 19, "duration_ms": 80.47239699999409}, {"step": 20, "duration_ms": 80.11542399992777}, {"step": 21, "duration_ms": 77.15058099995531}, {"step": 22, "duration_ms": 77.105700000061}, {"step": 23, "duration_ms": 77.22533499998008}, {"step": 24, "duration_ms": 75.6972469999937}, {"step": 25, "duration_ms": 76.05691200001274}, {"step": 26, "duration_ms": 76.63219100004426}, {"step": 27, "duration_ms": 77.11032999998224}, {"step": 28, "duration_ms": 76.67771400008405}, {"step": 29, "duration_ms": 76.32255700002588}], "denoise_ms": 16044.410727000126, "pixel_sha256": "2c12b2376dadcaac1f4b074f169b81ba15f9cf19b07832c21232fd220fe7a20c", "mode": "RGB", "png_sha256": "17057f6295cd6cf1a2affc7c2c8ae45889199edf9bde129a4a3dc1b15f9e212d", "source_sha256": "6f74f572c4575b4a6450b67e5a35b77df2ba16dc5db599f39fe104d7dad3ce64"}
RESULTS rope-20261004T161949Z-d5819700
[modal-client] 2026-10-04T12:29:00-0400 Timed out waiting for final app logs.
✓ App completed. View run at 
https://modal.com/apps/xinyuj2/main/ap-a6OiRZ79GISu7M47A5Alu5
